Timestamp,Which of the following best describes how your work is currently monitored by your organisation?,Which best describes your industry sector?,How many years of work experience do you have?,Approximately how large is your organisation?,Which gender do you identify with?,Which best describes your current role level?,It bothers me when organisations collect personal information about me.,I prefer to decide for myself how I carry out my work.,I generally assume organisations will handle employee information responsibly unless they give me reason to think otherwise.,My organisation tracks how much time I spend actively working.,"My organisation uses software to record my digital activity, such as keystrokes, mouse movement, screen content or application use.","My organisation uses cameras, biometric access or similar systems to record where I am during working hours.",Monitoring at my workplace runs continuously rather than at occasional checkpoints.,Information about my work activity is available to my organisation in real time.,The monitoring systems at my workplace capture information that goes beyond what my job actually requires.,"Monitoring at my workplace extends into periods I would consider personal, such as breaks or time after hours.","Automated systems, rather than a person, generate performance scores or ratings from my work activity.",Software at my workplace automatically flags employees whose activity falls outside an expected pattern.,My organisation explains the procedures behind its monitoring systems thoroughly.,The reasons my organisation gives for monitoring employees are reasonable.,My organisation communicates details about monitoring in a timely manner.,My organisation is candid and open when it communicates about monitoring.,My organisation explains what its monitoring practices mean for someone in my specific role.,"If I make a mistake at work, it is held against me.",I am able to bring up problems and tough issues with the people I work with.,People where I work sometimes reject others for being different.,It is safe to take a risk at my workplace.,It is difficult to ask the people I work with for help.,No one at my workplace would deliberately act in a way that undermines my efforts.,My unique skills and talents are valued and put to use at my workplace.,"To confirm that you are reading each question, please select Disagree for this item.",I develop and make recommendations about issues that affect my work group.,I speak up and encourage others in my work group to get involved in issues that affect the group.,I communicate my opinions about work issues even when my view differs and others disagree.,I keep myself well informed about issues where my opinion might be useful.,I get involved in issues that affect the quality of working life in my group.,I speak up with ideas for new projects or changes in procedure.,"At my work, I feel bursting with energy.",I am enthusiastic about my job.,I am immersed in my work.
9/18/2026 13:42:00,Software or digital monitoring only,IT or Software Services,2 to 5 years,50 to 500 employees,Male,Individual contributor or entry level,Agree,Strongly Agree,Neither Agree nor Disagree,Agree,Agree,Disagree,Agree,Agree,Neither Agree nor Disagree,Disagree,Agree,Agree,Neither Agree nor Disagree,Agree,Neither Agree nor Disagree,Disagree,Neither Agree nor Disagree,Disagree,Agree,Disagree,Neither Agree nor Disagree,Disagree,Agree,Agree,Disagree,Agree,Neither Agree nor Disagree,Agree,Agree,Agree,Agree,Sometimes,Often,Often
9/18/2026 13:44:21,Software or digital monitoring only,Consulting,Less than 2 years,50 to 500 employees,Female,Individual contributor or entry level,Neither Agree nor Disagree,Strongly Agree,Strongly Agree,Agree,Agree,Disagree,Agree,Agree,Agree,Agree,Agree,Agree,Disagree,Disagree,Neither Agree nor Disagree,Neither Agree nor Disagree,Neither Agree nor Disagree,Agree,Disagree,Agree,Strongly Disagree,Agree,Disagree,Disagree,Disagree,Agree,Disagree,Neither Agree nor Disagree,Disagree,Disagree,Agree,Rarely,Often,Rarely
9/18/2026 13:44:25,Both digital and physical monitoring,Manufacturing or Other Corporate,Less than 2 years,More than 500 employees,Male,Individual contributor or entry level,Strongly Agree,Strongly Agree,Disagree,Agree,Strongly Agree,Agree,Agree,Strongly Agree,Neither Agree nor Disagree,Agree,Agree,Strongly Agree,Agree,Agree,Agree,Agree,Neither Agree nor Disagree,Neither Agree nor Disagree,Agree,Neither Agree nor Disagree,Neither Agree nor Disagree,Neither Agree nor Disagree,Neither Agree nor Disagree,Agree,Disagree,Neither Agree nor Disagree,Agree,Agree,Neither Agree nor Disagree,Agree,Agree,Sometimes,Sometimes,Sometimes
9/18/2026 13:44:59,Software or digital monitoring only,IT or Software Services,6 to 10 years,50 to 500 employees,Female,Individual contributor or entry level,Strongly Agree,Agree,Neither Agree nor Disagree,Strongly Agree,Agree,Disagree,Agree,Strongly Agree,Agree,Agree,Neither Agree nor Disagree,Agree,Agree,Agree,Neither Agree nor Disagree,Agree,Neither Agree nor Disagree,Agree,Neither Agree nor Disagree,Neither Agree nor Disagree,Disagree,Disagree,Neither Agree nor Disagree,Neither Agree nor Disagree,Disagree,Agree,Strongly Agree,Agree,Neither Agree nor Disagree,Agree,Neither Agree nor Disagree,Often,Sometimes,Sometimes
9/18/2026 14:14:59,Both digital and physical monitoring,IT or Software Services,Less than 2 years,50 to 500 employees,Male,Individual contributor or entry level,Neither Agree nor Disagree,Agree,Disagree,Agree,Neither Agree nor Disagree,Neither Agree nor Disagree,Neither Agree nor Disagree,Agree,Strongly Disagree,Strongly Disagree,Neither Agree nor Disagree,Agree,Neither Agree nor Disagree,Neither Agree nor Disagree,Neither Agree nor Disagree,Neither Agree nor Disagree,Agree,Neither Agree nor Disagree,Agree,Neither Agree nor Disagree,Neither Agree nor Disagree,Disagree,Neither Agree nor Disagree,Agree,Disagree,Agree,Neither Agree nor Disagree,Agree,Neither Agree nor Disagree,Neither Agree nor Disagree,Neither Agree nor Disagree,Often,Sometimes,Sometimes
9/18/2026 14:18:18,Software or digital monitoring only,BPO or ITES,6 to 10 years,50 to 500 employees,Male,"Middle management (team lead, manager)",Agree,Neither Agree nor Disagree,Strongly Disagree,Strongly Agree,Strongly Agree,Disagree,Agree,Agree,Agree,Strongly Agree,Strongly Agree,Agree,Disagree,Strongly Disagree,Disagree,Disagree,Disagree,Agree,Disagree,Strongly Agree,Strongly Disagree,Agree,Disagree,Strongly Disagree,Disagree,Strongly Disagree,Disagree,Disagree,Disagree,Disagree,Disagree,Never,Never,Never
9/18/2026 14:20:38,Both digital and physical monitoring,IT or Software Services,2 to 5 years,50 to 500 employees,Female,Individual contributor or entry level,Disagree,Strongly Agree,Neither Agree nor Disagree,Agree,Agree,Agree,Agree,Agree,Agree,Agree,Strongly Agree,Neither Agree nor Disagree,Neither Agree nor Disagree,Agree,Neither Agree nor Disagree,Agree,Agree,Agree,Disagree,Agree,Disagree,Agree,Neither Agree nor Disagree,Neither Agree nor Disagree,Neither Agree nor Disagree,Neither Agree nor Disagree,Neither Agree nor Disagree,Neither Agree nor Disagree,Neither Agree nor Disagree,Neither Agree nor Disagree,Neither Agree nor Disagree,Sometimes,Often,Sometimes
9/18/2026 14:23:37,Software or digital monitoring only,IT or Software Services,Less than 2 years,50 to 500 employees,Male,"Middle management (team lead, manager)",Neither Agree nor Disagree,Neither Agree nor Disagree,Strongly Disagree,Strongly Agree,Strongly Agree,Strongly Disagree,Agree,Agree,Neither Agree nor Disagree,Disagree,Agree,Agree,Strongly Agree,Agree,Strongly Agree,Strongly Agree,Strongly Agree,Strongly Disagree,Agree,Strongly Disagree,Agree,Strongly Disagree,Strongly Agree,Strongly Agree,Disagree,Strongly Agree,Agree,Agree,Agree,Strongly Agree,Agree,Often,Often,Always
9/18/2026 14:26:26,Software or digital monitoring only,IT or Software Services,Less than 2 years,More than 500 employees,Female,Individual contributor or entry level,Agree,Neither Agree nor Disagree,Agree,Agree,Agree,Disagree,Neither Agree nor Disagree,Neither Agree nor Disagree,Neither Agree nor Disagree,Neither Agree nor Disagree,Neither Agree nor Disagree,Agree,Agree,Agree,Agree,Agree,Neither Agree nor Disagree,Neither Agree nor Disagree,Neither Agree nor Disagree,Agree,Neither Agree nor Disagree,Neither Agree nor Disagree,Neither Agree nor Disagree,Disagree,Disagree,Disagree,Disagree,Neither Agree nor Disagree,Agree,Neither Agree nor Disagree,Neither Agree nor Disagree,Never,Never,Never
9/18/2026 14:29:26,Both digital and physical monitoring,IT or Software Services,6 to 10 years,50 to 500 employees,Male,Individual contributor or entry level,Agree,Strongly Agree,Strongly Agree,Agree,Agree,Agree,Strongly Agree,Strongly Agree,Neither Agree nor Disagree,Neither Agree nor Disagree,Agree,Agree,Agree,Neither Agree nor Disagree,Neither Agree nor Disagree,Neither Agree nor Disagree,Agree,Disagree,Neither Agree nor Disagree,Disagree,Agree,Disagree,Agree,Agree,Disagree,Strongly Agree,Agree,Strongly Agree,Strongly Agree,Agree,Strongly Agree,Rarely,Rarely,Rarely
9/18/2026 14:31:50,Both digital and physical monitoring,BPO or ITES,6 to 10 years,Fewer than 50 employees,Female,Individual contributor or entry level,Strongly Agree,Neither Agree nor Disagree,Strongly Disagree,Strongly Agree,Agree,Strongly Agree,Strongly Agree,Strongly Agree,Agree,Agree,Agree,Strongly Agree,Agree,Agree,Agree,Neither Agree nor Disagree,Agree,Neither Agree nor Disagree,Neither Agree nor Disagree,Disagree,Neither Agree nor Disagree,Neither Agree nor Disagree,Neither Agree nor Disagree,Neither Agree nor Disagree,Disagree,Agree,Agree,Agree,Agree,Strongly Agree,Agree,Sometimes,Sometimes,Sometimes
9/18/2026 14:34:13,Both digital and physical monitoring,IT or Software Services,2 to 5 years,Fewer than 50 employees,Female,Individual contributor or entry level,Agree,Neither Agree nor Disagree,Neither Agree nor Disagree,Neither Agree nor Disagree,Neither Agree nor Disagree,Neither Agree nor Disagree,Neither Agree nor Disagree,Agree,Neither Agree nor Disagree,Disagree,Neither Agree nor Disagree,Neither Agree nor Disagree,Agree,Agree,Agree,Neither Agree nor Disagree,Agree,Neither Agree nor Disagree,Disagree,Agree,Neither Agree nor Disagree,Agree,Disagree,Disagree,Disagree,Neither Agree nor Disagree,Agree,Neither Agree nor Disagree,Neither Agree nor Disagree,Agree,Neither Agree nor Disagree,Rarely,Rarely,Sometimes
9/18/2026 14:37:08,Both digital and physical monitoring,Consulting,6 to 10 years,More than 500 employees,Female,Individual contributor or entry level,Neither Agree nor Disagree,Neither Agree nor Disagree,Disagree,Strongly Agree,Strongly Agree,Agree,Agree,Agree,Neither Agree nor Disagree,Neither Agree nor Disagree,Strongly Agree,Strongly Agree,Strongly Agree,Agree,Agree,Agree,Agree,Disagree,Agree,Disagree,Agree,Disagree,Agree,Agree,Disagree,Strongly Agree,Agree,Agree,Agree,Agree,Agree,Always,Always,Always
9/18/2026 14:40:03,Software or digital monitoring only,Manufacturing or Other Corporate,6 to 10 years,More than 500 employees,Female,Individual contributor or entry level,Neither Agree nor Disagree,Strongly Agree,Strongly Agree,Agree,Agree,Strongly Disagree,Agree,Neither Agree nor Disagree,Agree,Agree,Agree,Agree,Neither Agree nor Disagree,Neither Agree nor Disagree,Disagree,Neither Agree nor Disagree,Neither Agree nor Disagree,Neither Agree nor Disagree,Neither Agree nor Disagree,Neither Agree nor Disagree,Disagree,Neither Agree nor Disagree,Disagree,Disagree,Disagree,Agree,Agree,Agree,Agree,Agree,Agree,Often,Sometimes,Often
9/18/2026 14:42:31,Software or digital monitoring only,Manufacturing or Other Corporate,2 to 5 years,50 to 500 employees,Male,Individual contributor or entry level,Disagree,Agree,Neither Agree nor Disagree,Agree,Neither Agree nor Disagree,Strongly Disagree,Neither Agree nor Disagree,Agree,Agree,Disagree,Agree,Neither Agree nor Disagree,Disagree,Neither Agree nor Disagree,Disagree,Neither Agree nor Disagree,Disagree,Neither Agree nor Disagree,Disagree,Agree,Neither Agree nor Disagree,Agree,Disagree,Disagree,Disagree,Disagree,Neither Agree nor Disagree,Neither Agree nor Disagree,Neither Agree nor Disagree,Disagree,Disagree,Rarely,Rarely,Rarely
9/18/2026 14:45:51,Software or digital monitoring only,BPO or ITES,2 to 5 years,50 to 500 employees,Male,"Middle management (team lead, manager)",Strongly Disagree,Disagree,Disagree,Agree,Agree,Disagree,Agree,Neither Agree nor Disagree,Disagree,Disagree,Neither Agree nor Disagree,Neither Agree nor Disagree,Neither Agree nor Disagree,Disagree,Disagree,Neither Agree nor Disagree,Neither Agree nor Disagree,Disagree,Agree,Strongly Disagree,Strongly Agree,Strongly Disagree,Agree,Strongly Agree,Disagree,Agree,Neither Agree nor Disagree,Neither Agree nor Disagree,Neither Agree nor Disagree,Disagree,Agree,Often,Often,Often
9/18/2026 14:48:53,Software or digital monitoring only,IT or Software Services,Less than 2 years,50 to 500 employees,Female,"Middle management (team lead, manager)",Strongly Disagree,Agree,Agree,Strongly Agree,Strongly Agree,Disagree,Strongly Agree,Strongly Agree,Disagree,Neither Agree nor Disagree,Strongly Agree,Strongly Agree,Disagree,Disagree,Disagree,Disagree,Disagree,Neither Agree nor Disagree,Strongly Disagree,Strongly Agree,Strongly Disagree,Agree,Strongly Disagree,Disagree,Disagree,Neither Agree nor Disagree,Disagree,Neither Agree nor Disagree,Neither Agree nor Disagree,Neither Agree nor Disagree,Neither Agree nor Disagree,Never,Rarely,Rarely
9/18/2026 14:52:16,Software or digital monitoring only,IT or Software Services,Less than 2 years,Fewer than 50 employees,Female,Individual contributor or entry level,Strongly Disagree,Strongly Agree,Strongly Agree,Strongly Agree,Agree,Disagree,Agree,Agree,Strongly Agree,Agree,Agree,Neither Agree nor Disagree,Strongly Agree,Strongly Agree,Strongly Agree,Strongly Agree,Strongly Agree,Strongly Disagree,Strongly Agree,Strongly Disagree,Strongly Agree,Strongly Disagree,Strongly Agree,Strongly Agree,Disagree,Agree,Strongly Agree,Neither Agree nor Disagree,Agree,Agree,Agree,Sometimes,Sometimes,Sometimes
9/18/2026 14:54:52,"Physical monitoring only (CCTV, biometric access, desk-time tracking)",Consulting,2 to 5 years,Fewer than 50 employees,Male,"Middle management (team lead, manager)",Agree,Agree,Neither Agree nor Disagree,Agree,Strongly Disagree,Neither Agree nor Disagree,Neither Agree nor Disagree,Agree,Disagree,Strongly Disagree,Agree,Neither Agree nor Disagree,Strongly Agree,Strongly Agree,Strongly Agree,Strongly Agree,Strongly Agree,Disagree,Agree,Disagree,Strongly Agree,Strongly Disagree,Strongly Agree,Strongly Agree,Disagree,Agree,Agree,Agree,Agree,Strongly Agree,Agree,Always,Always,Always
9/18/2026 14:57:26,Software or digital monitoring only,Manufacturing or Other Corporate,2 to 5 years,50 to 500 employees,Male,"Middle management (team lead, manager)",Disagree,Strongly Agree,Neither Agree nor Disagree,Neither Agree nor Disagree,Agree,Strongly Disagree,Neither Agree nor Disagree,Neither Agree nor Disagree,Neither Agree nor Disagree,Neither Agree nor Disagree,Neither Agree nor Disagree,Neither Agree nor Disagree,Disagree,Neither Agree nor Disagree,Neither Agree nor Disagree,Disagree,Neither Agree nor Disagree,Strongly Disagree,Neither Agree nor Disagree,Disagree,Agree,Disagree,Neither Agree nor Disagree,Neither Agree nor Disagree,Disagree,Agree,Agree,Agree,Agree,Agree,Agree,Rarely,Sometimes,Sometimes
9/18/2026 14:59:36,Both digital and physical monitoring,Other,Less than 2 years,More than 500 employees,Male,"Middle management (team lead, manager)",Strongly Disagree,Agree,Disagree,Disagree,Neither Agree nor Disagree,Disagree,Neither Agree nor Disagree,Disagree,Disagree,Strongly Disagree,Neither Agree nor Disagree,Neither Agree nor Disagree,Neither Agree nor Disagree,Neither Agree nor Disagree,Agree,Agree,Neither Agree nor Disagree,Neither Agree nor Disagree,Neither Agree nor Disagree,Disagree,Neither Agree nor Disagree,Neither Agree nor Disagree,Neither Agree nor Disagree,Neither Agree nor Disagree,Disagree,Agree,Strongly Agree,Agree,Agree,Neither Agree nor Disagree,Agree,Often,Often,Sometimes
9/18/2026 15:02:10,Software or digital monitoring only,IT or Software Services,6 to 10 years,More than 500 employees,Male,Individual contributor or entry level,Neither Agree nor Disagree,Neither Agree nor Disagree,Neither Agree nor Disagree,Disagree,Neither Agree nor Disagree,Disagree,Neither Agree nor Disagree,Disagree,Neither Agree nor Disagree,Disagree,Neither Agree nor Disagree,Disagree,Neither Agree nor Disagree,Neither Agree nor Disagree,Agree,Agree,Agree,Neither Agree nor Disagree,Neither Agree nor Disagree,Neither Agree nor Disagree,Neither Agree nor Disagree,Neither Agree nor Disagree,Disagree,Disagree,Disagree,Neither Agree nor Disagree,Neither Agree nor Disagree,Neither Agree nor Disagree,Neither Agree nor Disagree,Neither Agree nor Disagree,Agree,Often,Often,Always
9/18/2026 15:05:10,Both digital and physical monitoring,IT or Software Services,6 to 10 years,More than 500 employees,Male,Individual contributor or entry level,Agree,Strongly Agree,Agree,Strongly Agree,Strongly Agree,Strongly Agree,Strongly Agree,Strongly Agree,Agree,Agree,Strongly Agree,Strongly Agree,Neither Agree nor Disagree,Agree,Disagree,Agree,Neither Agree nor Disagree,Disagree,Neither Agree nor Disagree,Disagree,Neither Agree nor Disagree,Neither Agree nor Disagree,Agree,Neither Agree nor Disagree,Disagree,Agree,Agree,Agree,Agree,Agree,Agree,Sometimes,Always,Often
9/18/2026 15:07:41,Software or digital monitoring only,Manufacturing or Other Corporate,6 to 10 years,More than 500 employees,Male,"Middle management (team lead, manager)",Agree,Neither Agree nor Disagree,Neither Agree nor Disagree,Strongly Agree,Agree,Strongly Disagree,Agree,Agree,Strongly Agree,Agree,Neither Agree nor Disagree,Strongly Agree,Disagree,Strongly Disagree,Neither Agree nor Disagree,Disagree,Disagree,Disagree,Agree,Strongly Disagree,Neither Agree nor Disagree,Disagree,Agree,Agree,Disagree,Agree,Neither Agree nor Disagree,Agree,Neither Agree nor Disagree,Neither Agree nor Disagree,Disagree,Always,Often,Always
9/18/2026 15:10:48,Software or digital monitoring only,IT or Software Services,6 to 10 years,50 to 500 employees,Female,Individual contributor or entry level,Agree,Strongly Agree,Agree,Strongly Agree,Strongly Agree,Strongly Disagree,Strongly Agree,Strongly Agree,Strongly Disagree,Neither Agree nor Disagree,Agree,Strongly Agree,Agree,Strongly Agree,Agree,Strongly Agree,Agree,Disagree,Neither Agree nor Disagree,Neither Agree nor Disagree,Neither Agree nor Disagree,Disagree,Neither Agree nor Disagree,Agree,Disagree,Disagree,Neither Agree nor Disagree,Agree,Agree,Neither Agree nor Disagree,Neither Agree nor Disagree,Sometimes,Sometimes,Often
9/18/2026 15:13:15,Both digital and physical monitoring,BPO or ITES,More than 10 years,50 to 500 employees,Female,Individual contributor or entry level,Disagree,Agree,Neither Agree nor Disagree,Agree,Agree,Agree,Agree,Neither Agree nor Disagree,Strongly Disagree,Strongly Disagree,Neither Agree nor Disagree,Neither Agree nor Disagree,Neither Agree nor Disagree,Agree,Neither Agree nor Disagree,Agree,Agree,Disagree,Neither Agree nor Disagree,Disagree,Agree,Neither Agree nor Disagree,Neither Agree nor Disagree,Agree,Disagree,Neither Agree nor Disagree,Agree,Agree,Agree,Agree,Agree,Often,Often,Always
9/18/2026 15:15:51,Software or digital monitoring only,Manufacturing or Other Corporate,6 to 10 years,More than 500 employees,Male,Individual contributor or entry level,Strongly Disagree,Strongly Agree,Strongly Agree,Agree,Agree,Disagree,Neither Agree nor Disagree,Agree,Disagree,Disagree,Neither Agree nor Disagree,Neither Agree nor Disagree,Neither Agree nor Disagree,Neither Agree nor Disagree,Neither Agree nor Disagree,Neither Agree nor Disagree,Neither Agree nor Disagree,Strongly Disagree,Strongly Agree,Neither Agree nor Disagree,Agree,Disagree,Agree,Agree,Disagree,Neither Agree nor Disagree,Neither Agree nor Disagree,Agree,Neither Agree nor Disagree,Agree,Agree,Always,Always,Often
9/18/2026 15:18:58,Software or digital monitoring only,IT or Software Services,2 to 5 years,50 to 500 employees,Male,"Middle management (team lead, manager)",Neither Agree nor Disagree,Agree,Neither Agree nor Disagree,Strongly Agree,Agree,Strongly Disagree,Agree,Agree,Agree,Neither Agree nor Disagree,Agree,Agree,Neither Agree nor Disagree,Neither Agree nor Disagree,Neither Agree nor Disagree,Neither Agree nor Disagree,Neither Agree nor Disagree,Disagree,Strongly Agree,Disagree,Agree,Disagree,Agree,Agree,Disagree,Agree,Neither Agree nor Disagree,Agree,Neither Agree nor Disagree,Agree,Neither Agree nor Disagree,Sometimes,Sometimes,Sometimes
9/18/2026 15:21:34,Both digital and physical monitoring,Consulting,More than 10 years,More than 500 employees,Female,Individual contributor or entry level,Neither Agree nor Disagree,Agree,Neither Agree nor Disagree,Neither Agree nor Disagree,Disagree,Agree,Disagree,Neither Agree nor Disagree,Disagree,Disagree,Disagree,Disagree,Disagree,Disagree,Agree,Neither Agree nor Disagree,Disagree,Neither Agree nor Disagree,Neither Agree nor Disagree,Disagree,Neither Agree nor Disagree,Disagree,Neither Agree nor Disagree,Neither Agree nor Disagree,Disagree,Disagree,Neither Agree nor Disagree,Disagree,Neither Agree nor Disagree,Neither Agree nor Disagree,Neither Agree nor Disagree,Never,Never,Never
9/18/2026 15:24:46,Both digital and physical monitoring,IT or Software Services,Less than 2 years,More than 500 employees,Male,Individual contributor or entry level,Disagree,Strongly Agree,Strongly Disagree,Agree,Agree,Neither Agree nor Disagree,Disagree,Disagree,Strongly Disagree,Disagree,Neither Agree nor Disagree,Agree,Agree,Neither Agree nor Disagree,Agree,Agree,Agree,Neither Agree nor Disagree,Neither Agree nor Disagree,Neither Agree nor Disagree,Neither Agree nor Disagree,Disagree,Disagree,Disagree,Disagree,Neither Agree nor Disagree,Neither Agree nor Disagree,Neither Agree nor Disagree,Neither Agree nor Disagree,Neither Agree nor Disagree,Disagree,Sometimes,Rarely,Rarely
9/18/2026 15:27:18,Software or digital monitoring only,Consulting,2 to 5 years,50 to 500 employees,Female,Individual contributor or entry level,Neither Agree nor Disagree,Neither Agree nor Disagree,Agree,Strongly Agree,Agree,Disagree,Agree,Agree,Neither Agree nor Disagree,Disagree,Agree,Neither Agree nor Disagree,Agree,Agree,Agree,Agree,Agree,Disagree,Neither Agree nor Disagree,Strongly Disagree,Neither Agree nor Disagree,Disagree,Neither Agree nor Disagree,Agree,Disagree,Agree,Neither Agree nor Disagree,Agree,Neither Agree nor Disagree,Agree,Neither Agree nor Disagree,Sometimes,Rarely,Sometimes
9/18/2026 15:29:51,Both digital and physical monitoring,Manufacturing or Other Corporate,Less than 2 years,More than 500 employees,Male,Senior leadership (director and above),Agree,Strongly Agree,Disagree,Strongly Agree,Agree,Strongly Agree,Agree,Agree,Agree,Agree,Agree,Neither Agree nor Disagree,Strongly Agree,Agree,Agree,Agree,Agree,Disagree,Agree,Disagree,Strongly Agree,Disagree,Agree,Agree,Disagree,Neither Agree nor Disagree,Neither Agree nor Disagree,Agree,Agree,Agree,Agree,Sometimes,Sometimes,Sometimes
9/18/2026 15:32:37,Both digital and physical monitoring,IT or Software Services,6 to 10 years,50 to 500 employees,Male,Individual contributor or entry level,Agree,Agree,Agree,Strongly Agree,Agree,Agree,Strongly Agree,Strongly Agree,Strongly Disagree,Disagree,Neither Agree nor Disagree,Strongly Agree,Neither Agree nor Disagree,Neither Agree nor Disagree,Neither Agree nor Disagree,Neither Agree nor Disagree,Neither Agree nor Disagree,Strongly Disagree,Strongly Agree,Neither Agree nor Disagree,Agree,Strongly Disagree,Agree,Neither Agree nor Disagree,Disagree,Disagree,Neither Agree nor Disagree,Neither Agree nor Disagree,Neither Agree nor Disagree,Disagree,Disagree,Never,Rarely,Never
9/18/2026 15:34:41,Both digital and physical monitoring,Other,2 to 5 years,More than 500 employees,Male,"Middle management (team lead, manager)",Neither Agree nor Disagree,Neither Agree nor Disagree,Neither Agree nor Disagree,Strongly Agree,Strongly Agree,Strongly Agree,Strongly Agree,Strongly Agree,Disagree,Neither Agree nor Disagree,Strongly Agree,Agree,Neither Agree nor Disagree,Disagree,Disagree,Neither Agree nor Disagree,Neither Agree nor Disagree,Agree,Strongly Disagree,Strongly Agree,Disagree,Strongly Agree,Disagree,Disagree,Disagree,Disagree,Strongly Disagree,Neither Agree nor Disagree,Disagree,Strongly Disagree,Strongly Disagree,Sometimes,Sometimes,Rarely
9/18/2026 15:37:22,Both digital and physical monitoring,IT or Software Services,More than 10 years,More than 500 employees,Female,Individual contributor or entry level,Neither Agree nor Disagree,Neither Agree nor Disagree,Disagree,Strongly Agree,Strongly Agree,Strongly Agree,Strongly Agree,Strongly Agree,Agree,Agree,Agree,Strongly Agree,Disagree,Strongly Disagree,Strongly Disagree,Disagree,Strongly Disagree,Agree,Neither Agree nor Disagree,Agree,Strongly Disagree,Neither Agree nor Disagree,Neither Agree nor Disagree,Neither Agree nor Disagree,Disagree,Strongly Agree,Strongly Agree,Agree,Strongly Agree,Agree,Agree,Rarely,Sometimes,Never
9/18/2026 15:40:08,Software or digital monitoring only,IT or Software Services,6 to 10 years,50 to 500 employees,Female,"Middle management (team lead, manager)",Strongly Agree,Neither Agree nor Disagree,Strongly Agree,Strongly Agree,Strongly Agree,Strongly Disagree,Strongly Agree,Strongly Agree,Strongly Agree,Agree,Agree,Strongly Agree,Agree,Agree,Neither Agree nor Disagree,Neither Agree nor Disagree,Agree,Disagree,Agree,Strongly Disagree,Strongly Agree,Strongly Disagree,Strongly Agree,Strongly Agree,Disagree,Agree,Agree,Strongly Agree,Agree,Agree,Strongly Agree,Sometimes,Always,Often
9/18/2026 15:42:41,Both digital and physical monitoring,Consulting,6 to 10 years,50 to 500 employees,Female,Individual contributor or entry level,Neither Agree nor Disagree,Neither Agree nor Disagree,Agree,Strongly Agree,Strongly Agree,Strongly Agree,Agree,Strongly Agree,Neither Agree nor Disagree,Disagree,Agree,Agree,Neither Agree nor Disagree,Neither Agree nor Disagree,Agree,Agree,Neither Agree nor Disagree,Disagree,Agree,Neither Agree nor Disagree,Agree,Disagree,Agree,Neither Agree nor Disagree,Disagree,Strongly Agree,Agree,Strongly Agree,Strongly Agree,Agree,Strongly Agree,Never,Rarely,Rarely
9/18/2026 15:45:24,Software or digital monitoring only,Other,6 to 10 years,More than 500 employees,Male,"Middle management (team lead, manager)",Agree,Agree,Agree,Agree,Agree,Disagree,Agree,Strongly Agree,Agree,Agree,Agree,Neither Agree nor Disagree,Agree,Agree,Strongly Agree,Strongly Agree,Agree,Neither Agree nor Disagree,Neither Agree nor Disagree,Neither Agree nor Disagree,Agree,Neither Agree nor Disagree,Neither Agree nor Disagree,Agree,Disagree,Agree,Neither Agree nor Disagree,Neither Agree nor Disagree,Agree,Agree,Agree,Always,Often,Often
9/18/2026 15:47:54,Software or digital monitoring only,IT or Software Services,6 to 10 years,Fewer than 50 employees,Male,Individual contributor or entry level,Agree,Neither Agree nor Disagree,Disagree,Strongly Agree,Strongly Agree,Disagree,Agree,Agree,Neither Agree nor Disagree,Agree,Agree,Agree,Neither Agree nor Disagree,Neither Agree nor Disagree,Neither Agree nor Disagree,Disagree,Disagree,Strongly Agree,Strongly Disagree,Neither Agree nor Disagree,Neither Agree nor Disagree,Agree,Disagree,Disagree,Disagree,Neither Agree nor Disagree,Disagree,Disagree,Neither Agree nor Disagree,Neither Agree nor Disagree,Disagree,Rarely,Rarely,Rarely
9/18/2026 15:50:41,Software or digital monitoring only,IT or Software Services,6 to 10 years,More than 500 employees,Female,Senior leadership (director and above),Disagree,Neither Agree nor Disagree,Strongly Agree,Agree,Agree,Strongly Disagree,Neither Agree nor Disagree,Agree,Agree,Strongly Agree,Neither Agree nor Disagree,Agree,Neither Agree nor Disagree,Disagree,Neither Agree nor Disagree,Disagree,Disagree,Agree,Disagree,Strongly Agree,Disagree,Neither Agree nor Disagree,Disagree,Disagree,Disagree,Neither Agree nor Disagree,Agree,Agree,Agree,Neither Agree nor Disagree,Neither Agree nor Disagree,Sometimes,Sometimes,Sometimes
9/18/2026 15:53:10,Software or digital monitoring only,Other,6 to 10 years,More than 500 employees,Male,Individual contributor or entry level,Neither Agree nor Disagree,Neither Agree nor Disagree,Neither Agree nor Disagree,Neither Agree nor Disagree,Neither Agree nor Disagree,Disagree,Neither Agree nor Disagree,Neither Agree nor Disagree,Strongly Disagree,Strongly Disagree,Neither Agree nor Disagree,Neither Agree nor Disagree,Disagree,Disagree,Neither Agree nor Disagree,Neither Agree nor Disagree,Strongly Disagree,Disagree,Agree,Disagree,Strongly Agree,Disagree,Neither Agree nor Disagree,Agree,Disagree,Agree,Agree,Agree,Neither Agree nor Disagree,Agree,Agree,Often,Often,Often
9/18/2026 15:55:26,Both digital and physical monitoring,IT or Software Services,6 to 10 years,50 to 500 employees,Female,"Middle management (team lead, manager)",Strongly Disagree,Agree,Disagree,Neither Agree nor Disagree,Disagree,Disagree,Disagree,Disagree,Neither Agree nor Disagree,Disagree,Disagree,Neither Agree nor Disagree,Strongly Disagree,Strongly Disagree,Strongly Disagree,Disagree,Disagree,Neither Agree nor Disagree,Disagree,Agree,Neither Agree nor Disagree,Agree,Neither Agree nor Disagree,Disagree,Disagree,Disagree,Disagree,Neither Agree nor Disagree,Strongly Disagree,Neither Agree nor Disagree,Disagree,Never,Never,Never
9/18/2026 15:58:50,Both digital and physical monitoring,IT or Software Services,6 to 10 years,More than 500 employees,Male,Individual contributor or entry level,Neither Agree nor Disagree,Strongly Agree,Strongly Agree,Agree,Strongly Agree,Strongly Agree,Agree,Agree,Disagree,Disagree,Agree,Strongly Agree,Disagree,Disagree,Neither Agree nor Disagree,Neither Agree nor Disagree,Disagree,Disagree,Strongly Agree,Disagree,Neither Agree nor Disagree,Disagree,Agree,Strongly Agree,Disagree,Agree,Strongly Agree,Agree,Agree,Agree,Strongly Agree,Often,Always,Often
9/18/2026 16:01:18,Both digital and physical monitoring,IT or Software Services,Less than 2 years,More than 500 employees,Male,Individual contributor or entry level,Strongly Agree,Neither Agree nor Disagree,Disagree,Strongly Agree,Strongly Agree,Strongly Agree,Agree,Strongly Agree,Agree,Neither Agree nor Disagree,Strongly Agree,Strongly Agree,Disagree,Disagree,Disagree,Disagree,Strongly Disagree,Strongly Agree,Strongly Disagree,Strongly Agree,Strongly Disagree,Strongly Agree,Strongly Disagree,Strongly Disagree,Disagree,Strongly Disagree,Strongly Disagree,Strongly Disagree,Disagree,Strongly Disagree,Strongly Disagree,Rarely,Rarely,Never
9/18/2026 16:04:53,I am not sure,IT or Software Services,More than 10 years,Fewer than 50 employees,Female,Individual contributor or entry level,Agree,Neither Agree nor Disagree,Strongly Disagree,Neither Agree nor Disagree,Disagree,Disagree,Disagree,Neither Agree nor Disagree,Disagree,Strongly Disagree,Disagree,Strongly Disagree,Strongly Disagree,Disagree,Strongly Disagree,Strongly Disagree,Strongly Disagree,Neither Agree nor Disagree,Neither Agree nor Disagree,Neither Agree nor Disagree,Neither Agree nor Disagree,Disagree,Agree,Agree,Disagree,Agree,Disagree,Disagree,Disagree,Neither Agree nor Disagree,Disagree,Often,Sometimes,Rarely
9/18/2026 16:07:17,Software or digital monitoring only,IT or Software Services,6 to 10 years,Fewer than 50 employees,Male,Individual contributor or entry level,Neither Agree nor Disagree,Neither Agree nor Disagree,Agree,Agree,Agree,Disagree,Agree,Agree,Agree,Strongly Agree,Agree,Agree,Agree,Neither Agree nor Disagree,Neither Agree nor Disagree,Agree,Neither Agree nor Disagree,Strongly Agree,Strongly Disagree,Strongly Agree,Strongly Disagree,Neither Agree nor Disagree,Disagree,Strongly Disagree,Disagree,Neither Agree nor Disagree,Disagree,Disagree,Disagree,Disagree,Neither Agree nor Disagree,Sometimes,Sometimes,Sometimes
9/18/2026 16:10:02,Both digital and physical monitoring,IT or Software Services,2 to 5 years,More than 500 employees,Female,"Middle management (team lead, manager)",Neither Agree nor Disagree,Agree,Disagree,Disagree,Neither Agree nor Disagree,Agree,Disagree,Neither Agree nor Disagree,Disagree,Strongly Disagree,Disagree,Neither Agree nor Disagree,Agree,Strongly Agree,Agree,Strongly Agree,Agree,Neither Agree nor Disagree,Disagree,Neither Agree nor Disagree,Neither Agree nor Disagree,Neither Agree nor Disagree,Disagree,Neither Agree nor Disagree,Disagree,Agree,Agree,Agree,Agree,Neither Agree nor Disagree,Neither Agree nor Disagree,Always,Always,Always
9/18/2026 16:12:49,"Physical monitoring only (CCTV, biometric access, desk-time tracking)",IT or Software Services,2 to 5 years,Fewer than 50 employees,Male,Individual contributor or entry level,Neither Agree nor Disagree,Agree,Neither Agree nor Disagree,Disagree,Disagree,Neither Agree nor Disagree,Neither Agree nor Disagree,Disagree,Strongly Disagree,Strongly Disagree,Disagree,Strongly Disagree,Disagree,Disagree,Strongly Disagree,Disagree,Disagree,Neither Agree nor Disagree,Agree,Neither Agree nor Disagree,Agree,Disagree,Neither Agree nor Disagree,Neither Agree nor Disagree,Disagree,Agree,Agree,Agree,Agree,Agree,Agree,Sometimes,Sometimes,Sometimes
9/18/2026 16:15:22,"Physical monitoring only (CCTV, biometric access, desk-time tracking)",IT or Software Services,6 to 10 years,More than 500 employees,Male,Individual contributor or entry level,Agree,Agree,Neither Agree nor Disagree,Neither Agree nor Disagree,Disagree,Neither Agree nor Disagree,Disagree,Disagree,Agree,Agree,Disagree,Disagree,Agree,Agree,Agree,Agree,Neither Agree nor Disagree,Disagree,Agree,Disagree,Agree,Disagree,Agree,Agree,Disagree,Agree,Agree,Agree,Neither Agree nor Disagree,Agree,Agree,Sometimes,Sometimes,Sometimes
9/18/2026 16:18:14,Software or digital monitoring only,Other,2 to 5 years,More than 500 employees,Male,Individual contributor or entry level,Strongly Disagree,Neither Agree nor Disagree,Disagree,Neither Agree nor Disagree,Neither Agree nor Disagree,Disagree,Disagree,Neither Agree nor Disagree,Neither Agree nor Disagree,Neither Agree nor Disagree,Neither Agree nor Disagree,Neither Agree nor Disagree,Neither Agree nor Disagree,Neither Agree nor Disagree,Disagree,Neither Agree nor Disagree,Disagree,Neither Agree nor Disagree,Strongly Disagree,Agree,Neither Agree nor Disagree,Agree,Disagree,Disagree,Disagree,Neither Agree nor Disagree,Neither Agree nor Disagree,Neither Agree nor Disagree,Neither Agree nor Disagree,Disagree,Neither Agree nor Disagree,Often,Always,Often
9/18/2026 16:20:22,Both digital and physical monitoring,Other,More than 10 years,Fewer than 50 employees,Male,"Middle management (team lead, manager)",Agree,Agree,Neither Agree nor Disagree,Agree,Agree,Agree,Neither Agree nor Disagree,Agree,Neither Agree nor Disagree,Disagree,Neither Agree nor Disagree,Neither Agree nor Disagree,Neither Agree nor Disagree,Agree,Agree,Agree,Neither Agree nor Disagree,Disagree,Agree,Neither Agree nor Disagree,Neither Agree nor Disagree,Disagree,Agree,Neither Agree nor Disagree,Disagree,Strongly Agree,Strongly Agree,Agree,Strongly Agree,Agree,Strongly Agree,Sometimes,Rarely,Sometimes
9/18/2026 16:23:01,Software or digital monitoring only,Manufacturing or Other Corporate,6 to 10 years,More than 500 employees,Female,"Middle management (team lead, manager)",Neither Agree nor Disagree,Strongly Agree,Strongly Disagree,Agree,Agree,Disagree,Neither Agree nor Disagree,Agree,Disagree,Disagree,Neither Agree nor Disagree,Agree,Disagree,Disagree,Disagree,Disagree,Disagree,Strongly Agree,Disagree,Agree,Disagree,Agree,Disagree,Disagree,Disagree,Agree,Neither Agree nor Disagree,Agree,Agree,Neither Agree nor Disagree,Neither Agree nor Disagree,Rarely,Sometimes,Sometimes
9/18/2026 16:25:31,Software or digital monitoring only,IT or Software Services,2 to 5 years,Fewer than 50 employees,Male,Individual contributor or entry level,Agree,Strongly Agree,Strongly Agree,Agree,Agree,Strongly Disagree,Neither Agree nor Disagree,Neither Agree nor Disagree,Disagree,Disagree,Neither Agree nor Disagree,Agree,Strongly Agree,Strongly Agree,Strongly Agree,Strongly Agree,Strongly Agree,Strongly Disagree,Agree,Strongly Disagree,Strongly Agree,Strongly Disagree,Strongly Agree,Strongly Agree,Disagree,Strongly Agree,Strongly Agree,Strongly Agree,Strongly Agree,Strongly Agree,Strongly Agree,Always,Always,Always
9/18/2026 16:27:55,Both digital and physical monitoring,Consulting,6 to 10 years,50 to 500 employees,Non-binary or Other,"Middle management (team lead, manager)",Agree,Agree,Disagree,Agree,Neither Agree nor Disagree,Agree,Neither Agree nor Disagree,Neither Agree nor Disagree,Disagree,Strongly Disagree,Neither Agree nor Disagree,Agree,Disagree,Disagree,Neither Agree nor Disagree,Neither Agree nor Disagree,Disagree,Neither Agree nor Disagree,Neither Agree nor Disagree,Neither Agree nor Disagree,Agree,Neither Agree nor Disagree,Agree,Neither Agree nor Disagree,Disagree,Agree,Agree,Strongly Agree,Agree,Agree,Agree,Always,Often,Often
9/18/2026 16:30:18,Both digital and physical monitoring,Consulting,6 to 10 years,50 to 500 employees,Male,Individual contributor or entry level,Agree,Strongly Agree,Strongly Agree,Agree,Strongly Agree,Agree,Agree,Agree,Agree,Neither Agree nor Disagree,Agree,Agree,Agree,Neither Agree nor Disagree,Agree,Strongly Agree,Neither Agree nor Disagree,Neither Agree nor Disagree,Neither Agree nor Disagree,Disagree,Agree,Neither Agree nor Disagree,Neither Agree nor Disagree,Neither Agree nor Disagree,Disagree,Disagree,Disagree,Strongly Disagree,Disagree,Disagree,Disagree,Sometimes,Sometimes,Sometimes
9/18/2026 16:33:31,"Physical monitoring only (CCTV, biometric access, desk-time tracking)",IT or Software Services,2 to 5 years,50 to 500 employees,Male,Individual contributor or entry level,Disagree,Strongly Agree,Disagree,Neither Agree nor Disagree,Disagree,Neither Agree nor Disagree,Neither Agree nor Disagree,Neither Agree nor Disagree,Disagree,Strongly Disagree,Neither Agree nor Disagree,Neither Agree nor Disagree,Agree,Agree,Agree,Agree,Agree,Neither Agree nor Disagree,Disagree,Disagree,Neither Agree nor Disagree,Disagree,Neither Agree nor Disagree,Agree,Disagree,Agree,Neither Agree nor Disagree,Disagree,Disagree,Disagree,Neither Agree nor Disagree,Often,Always,Always
9/18/2026 16:36:42,Software or digital monitoring only,IT or Software Services,Less than 2 years,50 to 500 employees,Male,Individual contributor or entry level,Disagree,Neither Agree nor Disagree,Strongly Disagree,Strongly Agree,Agree,Disagree,Agree,Agree,Agree,Neither Agree nor Disagree,Neither Agree nor Disagree,Agree,Disagree,Strongly Disagree,Disagree,Disagree,Disagree,Strongly Agree,Strongly Disagree,Strongly Agree,Strongly Disagree,Strongly Agree,Strongly Disagree,Strongly Disagree,Disagree,Strongly Disagree,Disagree,Strongly Disagree,Disagree,Strongly Disagree,Strongly Disagree,Rarely,Rarely,Rarely
9/18/2026 16:37:57,Software or digital monitoring only,IT or Software Services,More than 10 years,Fewer than 50 employees,Male,Individual contributor or entry level,Agree,Agree,Neither Agree nor Disagree,Strongly Agree,Strongly Agree,Disagree,Strongly Agree,Agree,Strongly Agree,Agree,Strongly Agree,Neither Agree nor Disagree,Neither Agree nor Disagree,Strongly Agree,Agree,Agree,Neither Agree nor Disagree,Strongly Agree,Neither Agree nor Disagree,Neither Agree nor Disagree,Disagree,Agree,Strongly Disagree,Disagree,Disagree,Disagree,Disagree,Strongly Disagree,Disagree,Strongly Disagree,Neither Agree nor Disagree,Never,Never,Never
9/18/2026 16:38:25,Software or digital monitoring only,IT or Software Services,2 to 5 years,More than 500 employees,Male,Individual contributor or entry level,Neither Agree nor Disagree,Agree,Disagree,Strongly Agree,Strongly Agree,Disagree,Agree,Strongly Agree,Strongly Agree,Neither Agree nor Disagree,Strongly Agree,Agree,Agree,Neither Agree nor Disagree,Neither Agree nor Disagree,Agree,Agree,Strongly Agree,Strongly Disagree,Strongly Agree,Strongly Disagree,Strongly Agree,Strongly Disagree,Strongly Disagree,Disagree,Disagree,Disagree,Disagree,Strongly Disagree,Neither Agree nor Disagree,Strongly Disagree,Rarely,Rarely,Never
9/18/2026 16:38:50,Both digital and physical monitoring,IT or Software Services,More than 10 years,50 to 500 employees,Male,Individual contributor or entry level,Strongly Agree,Agree,Neither Agree nor Disagree,Agree,Agree,Agree,Agree,Agree,Neither Agree nor Disagree,Disagree,Neither Agree nor Disagree,Agree,Strongly Disagree,Strongly Disagree,Strongly Disagree,Strongly Disagree,Strongly Disagree,Agree,Neither Agree nor Disagree,Neither Agree nor Disagree,Neither Agree nor Disagree,Neither Agree nor Disagree,Neither Agree nor Disagree,Neither Agree nor Disagree,Disagree,Agree,Agree,Agree,Strongly Agree,Agree,Agree,Sometimes,Sometimes,Sometimes
9/18/2026 16:39:25,Both digital and physical monitoring,IT or Software Services,Less than 2 years,Fewer than 50 employees,Male,"Middle management (team lead, manager)",Disagree,Strongly Agree,Neither Agree nor Disagree,Agree,Disagree,Neither Agree nor Disagree,Neither Agree nor Disagree,Agree,Strongly Disagree,Disagree,Disagree,Neither Agree nor Disagree,Strongly Agree,Strongly Agree,Strongly Agree,Strongly Agree,Strongly Agree,Disagree,Agree,Disagree,Strongly Agree,Disagree,Strongly Agree,Agree,Disagree,Strongly Agree,Agree,Strongly Agree,Strongly Agree,Agree,Agree,Always,Always,Often
9/18/2026 16:40:01,I am not monitored in any way,BPO or ITES,2 to 5 years,50 to 500 employees,Female,Individual contributor or entry level,Strongly Agree,Agree,Strongly Agree,Disagree,Disagree,Strongly Disagree,Strongly Disagree,Disagree,Strongly Disagree,Strongly Disagree,Disagree,Strongly Disagree,Neither Agree nor Disagree,Agree,Neither Agree nor Disagree,Neither Agree nor Disagree,Agree,Disagree,Strongly Agree,Disagree,Neither Agree nor Disagree,Strongly Disagree,Strongly Agree,Agree,Disagree,Strongly Agree,Strongly Agree,Strongly Agree,Strongly Agree,Strongly Agree,Strongly Agree,Always,Always,Often
9/18/2026 16:40:40,Software or digital monitoring only,BPO or ITES,More than 10 years,More than 500 employees,Male,"Middle management (team lead, manager)",Neither Agree nor Disagree,Strongly Agree,Neither Agree nor Disagree,Neither Agree nor Disagree,Disagree,Disagree,Disagree,Agree,Disagree,Disagree,Neither Agree nor Disagree,Disagree,Neither Agree nor Disagree,Neither Agree nor Disagree,Agree,Agree,Agree,Neither Agree nor Disagree,Disagree,Disagree,Neither Agree nor Disagree,Agree,Disagree,Disagree,Disagree,Agree,Agree,Neither Agree nor Disagree,Agree,Agree,Agree,Sometimes,Sometimes,Sometimes
9/18/2026 16:41:16,Software or digital monitoring only,IT or Software Services,6 to 10 years,More than 500 employees,Non-binary or Other,Individual contributor or entry level,Strongly Agree,Neither Agree nor Disagree,Disagree,Neither Agree nor Disagree,Neither Agree nor Disagree,Strongly Disagree,Disagree,Agree,Neither Agree nor Disagree,Neither Agree nor Disagree,Neither Agree nor Disagree,Neither Agree nor Disagree,Neither Agree nor Disagree,Agree,Disagree,Neither Agree nor Disagree,Disagree,Neither Agree nor Disagree,Agree,Agree,Neither Agree nor Disagree,Disagree,Disagree,Agree,Disagree,Disagree,Disagree,Disagree,Strongly Disagree,Strongly Disagree,Disagree,Often,Often,Often
9/18/2026 16:41:47,Software or digital monitoring only,IT or Software Services,6 to 10 years,Fewer than 50 employees,Female,Individual contributor or entry level,Disagree,Strongly Agree,Disagree,Neither Agree nor Disagree,Agree,Disagree,Agree,Agree,Strongly Agree,Strongly Agree,Disagree,Neither Agree nor Disagree,Strongly Disagree,Disagree,Strongly Disagree,Strongly Disagree,Strongly Disagree,Agree,Neither Agree nor Disagree,Strongly Agree,Disagree,Strongly Agree,Disagree,Strongly Disagree,Disagree,Agree,Agree,Agree,Agree,Agree,Agree,Rarely,Never,Never
9/18/2026 16:42:23,Software or digital monitoring only,BPO or ITES,Less than 2 years,More than 500 employees,Female,Individual contributor or entry level,Neither Agree nor Disagree,Neither Agree nor Disagree,Agree,Agree,Neither Agree nor Disagree,Disagree,Neither Agree nor Disagree,Neither Agree nor Disagree,Agree,Neither Agree nor Disagree,Disagree,Neither Agree nor Disagree,Neither Agree nor Disagree,Disagree,Disagree,Disagree,Neither Agree nor Disagree,Strongly Agree,Strongly Disagree,Agree,Neither Agree nor Disagree,Strongly Agree,Strongly Disagree,Strongly Disagree,Disagree,Strongly Agree,Strongly Agree,Agree,Agree,Strongly Agree,Agree,Rarely,Sometimes,Rarely
9/18/2026 16:42:54,Both digital and physical monitoring,IT or Software Services,2 to 5 years,50 to 500 employees,Male,Individual contributor or entry level,Neither Agree nor Disagree,Disagree,Strongly Disagree,Agree,Neither Agree nor Disagree,Agree,Disagree,Neither Agree nor Disagree,Neither Agree nor Disagree,Disagree,Neither Agree nor Disagree,Neither Agree nor Disagree,Disagree,Disagree,Disagree,Disagree,Strongly Disagree,Neither Agree nor Disagree,Neither Agree nor Disagree,Disagree,Neither Agree nor Disagree,Neither Agree nor Disagree,Neither Agree nor Disagree,Neither Agree nor Disagree,Disagree,Neither Agree nor Disagree,Disagree,Neither Agree nor Disagree,Neither Agree nor Disagree,Neither Agree nor Disagree,Neither Agree nor Disagree,Never,Rarely,Never
9/18/2026 16:43:29,Software or digital monitoring only,IT or Software Services,More than 10 years,More than 500 employees,Male,"Middle management (team lead, manager)",Agree,Neither Agree nor Disagree,Agree,Neither Agree nor Disagree,Neither Agree nor Disagree,Disagree,Neither Agree nor Disagree,Neither Agree nor Disagree,Agree,Neither Agree nor Disagree,Disagree,Disagree,Strongly Disagree,Strongly Disagree,Strongly Disagree,Strongly Disagree,Strongly Disagree,Agree,Strongly Disagree,Agree,Strongly Disagree,Agree,Disagree,Disagree,Disagree,Neither Agree nor Disagree,Disagree,Neither Agree nor Disagree,Neither Agree nor Disagree,Neither Agree nor Disagree,Neither Agree nor Disagree,Rarely,Rarely,Rarely
9/18/2026 16:44:07,Software or digital monitoring only,IT or Software Services,6 to 10 years,Fewer than 50 employees,Male,Individual contributor or entry level,Neither Agree nor Disagree,Neither Agree nor Disagree,Neither Agree nor Disagree,Agree,Neither Agree nor Disagree,Disagree,Neither Agree nor Disagree,Neither Agree nor Disagree,Neither Agree nor Disagree,Disagree,Neither Agree nor Disagree,Neither Agree nor Disagree,Disagree,Strongly Disagree,Strongly Disagree,Strongly Disagree,Strongly Disagree,Agree,Disagree,Neither Agree nor Disagree,Disagree,Agree,Disagree,Disagree,Disagree,Neither Agree nor Disagree,Disagree,Disagree,Neither Agree nor Disagree,Neither Agree nor Disagree,Neither Agree nor Disagree,Sometimes,Sometimes,Often
9/18/2026 16:44:43,Both digital and physical monitoring,IT or Software Services,More than 10 years,50 to 500 employees,Female,Individual contributor or entry level,Disagree,Agree,Agree,Agree,Agree,Agree,Strongly Agree,Strongly Agree,Neither Agree nor Disagree,Neither Agree nor Disagree,Agree,Agree,Agree,Neither Agree nor Disagree,Disagree,Neither Agree nor Disagree,Neither Agree nor Disagree,Neither Agree nor Disagree,Neither Agree nor Disagree,Agree,Disagree,Neither Agree nor Disagree,Neither Agree nor Disagree,Disagree,Disagree,Strongly Agree,Strongly Agree,Agree,Neither Agree nor Disagree,Agree,Strongly Agree,Sometimes,Rarely,Rarely
9/18/2026 16:45:13,Software or digital monitoring only,IT or Software Services,More than 10 years,More than 500 employees,Prefer not to say,Individual contributor or entry level,Disagree,Agree,Disagree,Strongly Agree,Strongly Agree,Disagree,Strongly Agree,Strongly Agree,Strongly Agree,Strongly Agree,Strongly Agree,Strongly Agree,Disagree,Strongly Disagree,Strongly Disagree,Strongly Disagree,Strongly Disagree,Strongly Agree,Strongly Disagree,Strongly Agree,Strongly Disagree,Strongly Agree,Strongly Disagree,Strongly Disagree,Disagree,Disagree,Disagree,Disagree,Disagree,Neither Agree nor Disagree,Disagree,Sometimes,Sometimes,Rarely
9/18/2026 16:45:54,Software or digital monitoring only,IT or Software Services,6 to 10 years,Fewer than 50 employees,Female,"Middle management (team lead, manager)",Agree,Agree,Neither Agree nor Disagree,Agree,Agree,Strongly Disagree,Agree,Agree,Strongly Agree,Strongly Agree,Agree,Neither Agree nor Disagree,Disagree,Strongly Disagree,Disagree,Strongly Disagree,Strongly Disagree,Agree,Disagree,Agree,Disagree,Agree,Strongly Disagree,Strongly Disagree,Disagree,Strongly Disagree,Strongly Disagree,Strongly Disagree,Strongly Disagree,Strongly Disagree,Strongly Disagree,Never,Rarely,Never
9/18/2026 16:46:28,Software or digital monitoring only,IT or Software Services,Less than 2 years,50 to 500 employees,Male,Individual contributor or entry level,Agree,Agree,Neither Agree nor Disagree,Agree,Strongly Agree,Strongly Disagree,Strongly Agree,Strongly Agree,Agree,Neither Agree nor Disagree,Agree,Agree,Neither Agree nor Disagree,Neither Agree nor Disagree,Neither Agree nor Disagree,Neither Agree nor Disagree,Agree,Disagree,Strongly Agree,Strongly Disagree,Strongly Agree,Disagree,Agree,Strongly Agree,Disagree,Neither Agree nor Disagree,Neither Agree nor Disagree,Neither Agree nor Disagree,Neither Agree nor Disagree,Neither Agree nor Disagree,Agree,Always,Always,Always
9/18/2026 16:47:11,Software or digital monitoring only,IT or Software Services,Less than 2 years,More than 500 employees,Female,"Middle management (team lead, manager)",Disagree,Neither Agree nor Disagree,Disagree,Agree,Strongly Agree,Strongly Disagree,Agree,Agree,Strongly Disagree,Disagree,Agree,Strongly Agree,Strongly Agree,Strongly Agree,Strongly Agree,Strongly Agree,Strongly Agree,Strongly Disagree,Strongly Agree,Strongly Disagree,Strongly Agree,Strongly Disagree,Strongly Agree,Strongly Agree,Disagree,Strongly Agree,Strongly Agree,Agree,Agree,Strongly Agree,Strongly Agree,Often,Sometimes,Often
9/18/2026 16:47:47,Both digital and physical monitoring,Manufacturing or Other Corporate,Less than 2 years,More than 500 employees,Male,"Middle management (team lead, manager)",Strongly Agree,Strongly Agree,Strongly Disagree,Agree,Disagree,Neither Agree nor Disagree,Disagree,Neither Agree nor Disagree,Strongly Disagree,Strongly Disagree,Neither Agree nor Disagree,Neither Agree nor Disagree,Disagree,Neither Agree nor Disagree,Disagree,Neither Agree nor Disagree,Disagree,Neither Agree nor Disagree,Neither Agree nor Disagree,Neither Agree nor Disagree,Neither Agree nor Disagree,Neither Agree nor Disagree,Neither Agree nor Disagree,Agree,Disagree,Agree,Agree,Agree,Neither Agree nor Disagree,Neither Agree nor Disagree,Neither Agree nor Disagree,Often,Sometimes,Rarely
9/18/2026 16:48:23,"Physical monitoring only (CCTV, biometric access, desk-time tracking)",IT or Software Services,2 to 5 years,More than 500 employees,Female,Individual contributor or entry level,Neither Agree nor Disagree,Disagree,Strongly Disagree,Neither Agree nor Disagree,Strongly Disagree,Disagree,Disagree,Agree,Strongly Disagree,Strongly Disagree,Disagree,Disagree,Neither Agree nor Disagree,Disagree,Disagree,Disagree,Disagree,Agree,Disagree,Agree,Strongly Disagree,Agree,Disagree,Disagree,Disagree,Strongly Disagree,Strongly Disagree,Strongly Disagree,Strongly Disagree,Strongly Disagree,Strongly Disagree,Sometimes,Often,Rarely
9/18/2026 16:49:07,Software or digital monitoring only,IT or Software Services,Less than 2 years,50 to 500 employees,Male,Individual contributor or entry level,Strongly Agree,Disagree,Neither Agree nor Disagree,Agree,Agree,Disagree,Agree,Agree,Disagree,Disagree,Neither Agree nor Disagree,Neither Agree nor Disagree,Agree,Strongly Agree,Agree,Agree,Strongly Agree,Strongly Disagree,Strongly Agree,Disagree,Strongly Agree,Strongly Disagree,Strongly Agree,Strongly Agree,Disagree,Agree,Agree,Agree,Agree,Agree,Agree,Always,Always,Always
9/18/2026 16:49:39,I am not sure,IT or Software Services,2 to 5 years,More than 500 employees,Male,"Middle management (team lead, manager)",Agree,Strongly Agree,Disagree,Disagree,Strongly Disagree,Disagree,Strongly Disagree,Disagree,Strongly Disagree,Strongly Disagree,Strongly Disagree,Strongly Disagree,Disagree,Neither Agree nor Disagree,Disagree,Neither Agree nor Disagree,Neither Agree nor Disagree,Agree,Strongly Disagree,Agree,Disagree,Neither Agree nor Disagree,Disagree,Disagree,Disagree,Disagree,Neither Agree nor Disagree,Disagree,Disagree,Disagree,Disagree,Rarely,Sometimes,Sometimes
9/18/2026 16:50:18,Software or digital monitoring only,IT or Software Services,6 to 10 years,50 to 500 employees,Male,Individual contributor or entry level,Strongly Agree,Disagree,Strongly Agree,Agree,Neither Agree nor Disagree,Neither Agree nor Disagree,Disagree,Neither Agree nor Disagree,Strongly Disagree,Disagree,Neither Agree nor Disagree,Disagree,Neither Agree nor Disagree,Agree,Agree,Neither Agree nor Disagree,Neither Agree nor Disagree,Neither Agree nor Disagree,Disagree,Neither Agree nor Disagree,Neither Agree nor Disagree,Neither Agree nor Disagree,Disagree,Neither Agree nor Disagree,Disagree,Strongly Disagree,Strongly Disagree,Strongly Disagree,Strongly Disagree,Strongly Disagree,Disagree,Often,Often,Often
9/18/2026 16:50:56,Software or digital monitoring only,BPO or ITES,More than 10 years,50 to 500 employees,Male,Senior leadership (director and above),Neither Agree nor Disagree,Agree,Neither Agree nor Disagree,Strongly Agree,Agree,Disagree,Agree,Strongly Agree,Disagree,Agree,Agree,Agree,Agree,Agree,Neither Agree nor Disagree,Agree,Agree,Disagree,Neither Agree nor Disagree,Neither Agree nor Disagree,Agree,Strongly Disagree,Agree,Agree,Disagree,Agree,Agree,Agree,Agree,Agree,Neither Agree nor Disagree,Rarely,Rarely,Never
9/18/2026 16:51:35,Both digital and physical monitoring,Manufacturing or Other Corporate,2 to 5 years,50 to 500 employees,Female,Individual contributor or entry level,Neither Agree nor Disagree,Strongly Agree,Strongly Disagree,Strongly Agree,Agree,Agree,Agree,Agree,Neither Agree nor Disagree,Disagree,Agree,Agree,Strongly Disagree,Disagree,Disagree,Disagree,Strongly Disagree,Strongly Agree,Disagree,Strongly Agree,Disagree,Strongly Agree,Disagree,Disagree,Disagree,Disagree,Disagree,Strongly Disagree,Strongly Disagree,Disagree,Disagree,Rarely,Rarely,Rarely
9/18/2026 16:52:13,Both digital and physical monitoring,IT or Software Services,2 to 5 years,50 to 500 employees,Female,Individual contributor or entry level,Strongly Disagree,Neither Agree nor Disagree,Neither Agree nor Disagree,Strongly Agree,Agree,Agree,Agree,Agree,Strongly Agree,Strongly Agree,Agree,Agree,Disagree,Disagree,Neither Agree nor Disagree,Neither Agree nor Disagree,Disagree,Neither Agree nor Disagree,Disagree,Neither Agree nor Disagree,Disagree,Agree,Neither Agree nor Disagree,Disagree,Disagree,Agree,Agree,Strongly Agree,Neither Agree nor Disagree,Agree,Neither Agree nor Disagree,Sometimes,Sometimes,Sometimes
9/18/2026 16:52:56,Both digital and physical monitoring,IT or Software Services,Less than 2 years,50 to 500 employees,Female,"Middle management (team lead, manager)",Agree,Agree,Neither Agree nor Disagree,Strongly Agree,Strongly Agree,Agree,Strongly Agree,Strongly Agree,Strongly Agree,Strongly Agree,Strongly Agree,Strongly Agree,Disagree,Neither Agree nor Disagree,Neither Agree nor Disagree,Disagree,Disagree,Neither Agree nor Disagree,Neither Agree nor Disagree,Disagree,Agree,Neither Agree nor Disagree,Neither Agree nor Disagree,Neither Agree nor Disagree,Disagree,Disagree,Neither Agree nor Disagree,Neither Agree nor Disagree,Disagree,Neither Agree nor Disagree,Neither Agree nor Disagree,Often,Often,Often
9/18/2026 16:53:47,Software or digital monitoring only,IT or Software Services,6 to 10 years,More than 500 employees,Male,Individual contributor or entry level,Strongly Agree,Neither Agree nor Disagree,Disagree,Agree,Agree,Strongly Disagree,Neither Agree nor Disagree,Agree,Neither Agree nor Disagree,Neither Agree nor Disagree,Neither Agree nor Disagree,Neither Agree nor Disagree,Neither Agree nor Disagree,Neither Agree nor Disagree,Neither Agree nor Disagree,Neither Agree nor Disagree,Agree,Agree,Neither Agree nor Disagree,Agree,Neither Agree nor Disagree,Agree,Neither Agree nor Disagree,Agree,Disagree,Disagree,Neither Agree nor Disagree,Neither Agree nor Disagree,Disagree,Neither Agree nor Disagree,Disagree,Sometimes,Never,Rarely
9/18/2026 16:54:34,Software or digital monitoring only,IT or Software Services,6 to 10 years,More than 500 employees,Non-binary or Other,Senior leadership (director and above),Neither Agree nor Disagree,Agree,Agree,Agree,Agree,Disagree,Neither Agree nor Disagree,Agree,Strongly Disagree,Strongly Disagree,Disagree,Neither Agree nor Disagree,Agree,Neither Agree nor Disagree,Agree,Agree,Neither Agree nor Disagree,Disagree,Agree,Disagree,Neither Agree nor Disagree,Neither Agree nor Disagree,Agree,Agree,Disagree,Disagree,Disagree,Neither Agree nor Disagree,Neither Agree nor Disagree,Disagree,Neither Agree nor Disagree,Always,Always,Always
9/18/2026 16:55:29,Software or digital monitoring only,IT or Software Services,Less than 2 years,50 to 500 employees,Male,Individual contributor or entry level,Agree,Strongly Agree,Neither Agree nor Disagree,Agree,Agree,Disagree,Neither Agree nor Disagree,Agree,Neither Agree nor Disagree,Neither Agree nor Disagree,Neither Agree nor Disagree,Agree,Neither Agree nor Disagree,Neither Agree nor Disagree,Disagree,Neither Agree nor Disagree,Neither Agree nor Disagree,Neither Agree nor Disagree,Neither Agree nor Disagree,Neither Agree nor Disagree,Neither Agree nor Disagree,Neither Agree nor Disagree,Neither Agree nor Disagree,Agree,Disagree,Strongly Agree,Strongly Agree,Strongly Agree,Strongly Agree,Strongly Agree,Strongly Agree,Sometimes,Sometimes,Sometimes
9/18/2026 16:56:30,Both digital and physical monitoring,IT or Software Services,2 to 5 years,More than 500 employees,Male,Individual contributor or entry level,Strongly Agree,Agree,Strongly Disagree,Strongly Agree,Agree,Strongly Agree,Agree,Strongly Agree,Neither Agree nor Disagree,Agree,Strongly Agree,Agree,Disagree,Disagree,Neither Agree nor Disagree,Disagree,Disagree,Neither Agree nor Disagree,Neither Agree nor Disagree,Neither Agree nor Disagree,Disagree,Neither Agree nor Disagree,Disagree,Neither Agree nor Disagree,Disagree,Neither Agree nor Disagree,Disagree,Disagree,Disagree,Disagree,Disagree,Rarely,Never,Rarely
9/18/2026 16:57:24,Software or digital monitoring only,Manufacturing or Other Corporate,2 to 5 years,More than 500 employees,Male,"Middle management (team lead, manager)",Agree,Agree,Agree,Agree,Neither Agree nor Disagree,Disagree,Neither Agree nor Disagree,Neither Agree nor Disagree,Disagree,Disagree,Neither Agree nor Disagree,Neither Agree nor Disagree,Strongly Disagree,Strongly Disagree,Disagree,Strongly Disagree,Strongly Disagree,Disagree,Agree,Disagree,Agree,Disagree,Neither Agree nor Disagree,Strongly Agree,Disagree,Neither Agree nor Disagree,Agree,Agree,Agree,Agree,Strongly Agree,Sometimes,Sometimes,Sometimes
9/18/2026 16:58:28,Software or digital monitoring only,IT or Software Services,Less than 2 years,Fewer than 50 employees,Male,Individual contributor or entry level,Disagree,Agree,Neither Agree nor Disagree,Neither Agree nor Disagree,Agree,Disagree,Disagree,Agree,Disagree,Disagree,Neither Agree nor Disagree,Agree,Neither Agree nor Disagree,Agree,Neither Agree nor Disagree,Agree,Agree,Neither Agree nor Disagree,Disagree,Neither Agree nor Disagree,Neither Agree nor Disagree,Neither Agree nor Disagree,Disagree,Neither Agree nor Disagree,Disagree,Disagree,Neither Agree nor Disagree,Neither Agree nor Disagree,Disagree,Neither Agree nor Disagree,Neither Agree nor Disagree,Rarely,Never,Rarely
9/18/2026 16:59:20,Both digital and physical monitoring,IT or Software Services,6 to 10 years,50 to 500 employees,Male,Individual contributor or entry level,Neither Agree nor Disagree,Strongly Agree,Agree,Neither Agree nor Disagree,Agree,Neither Agree nor Disagree,Neither Agree nor Disagree,Agree,Disagree,Disagree,Neither Agree nor Disagree,Disagree,Neither Agree nor Disagree,Agree,Neither Agree nor Disagree,Neither Agree nor Disagree,Neither Agree nor Disagree,Strongly Disagree,Agree,Disagree,Agree,Disagree,Agree,Agree,Disagree,Agree,Strongly Agree,Strongly Agree,Agree,Strongly Agree,Strongly Agree,Often,Often,Sometimes
9/18/2026 17:00:15,Both digital and physical monitoring,Consulting,2 to 5 years,50 to 500 employees,Female,Individual contributor or entry level,Neither Agree nor Disagree,Agree,Disagree,Agree,Strongly Agree,Strongly Agree,Agree,Agree,Strongly Agree,Strongly Agree,Agree,Agree,Disagree,Disagree,Agree,Disagree,Disagree,Agree,Disagree,Strongly Agree,Disagree,Agree,Disagree,Strongly Disagree,Disagree,Strongly Disagree,Neither Agree nor Disagree,Disagree,Disagree,Neither Agree nor Disagree,Disagree,Rarely,Sometimes,Rarely
9/18/2026 17:01:02,Software or digital monitoring only,IT or Software Services,Less than 2 years,50 to 500 employees,Female,Individual contributor or entry level,Strongly Agree,Neither Agree nor Disagree,Disagree,Agree,Agree,Neither Agree nor Disagree,Agree,Agree,Neither Agree nor Disagree,Disagree,Agree,Neither Agree nor Disagree,Strongly Disagree,Disagree,Strongly Disagree,Disagree,Strongly Disagree,Agree,Neither Agree nor Disagree,Neither Agree nor Disagree,Disagree,Neither Agree nor Disagree,Strongly Disagree,Disagree,Disagree,Disagree,Disagree,Neither Agree nor Disagree,Neither Agree nor Disagree,Neither Agree nor Disagree,Neither Agree nor Disagree,Sometimes,Rarely,Rarely
9/18/2026 17:01:59,Software or digital monitoring only,IT or Software Services,Less than 2 years,Fewer than 50 employees,Male,Individual contributor or entry level,Agree,Neither Agree nor Disagree,Strongly Disagree,Neither Agree nor Disagree,Disagree,Disagree,Neither Agree nor Disagree,Neither Agree nor Disagree,Agree,Neither Agree nor Disagree,Disagree,Disagree,Disagree,Strongly Disagree,Disagree,Disagree,Disagree,Neither Agree nor Disagree,Neither Agree nor Disagree,Agree,Disagree,Neither Agree nor Disagree,Disagree,Neither Agree nor Disagree,Disagree,Agree,Neither Agree nor Disagree,Neither Agree nor Disagree,Agree,Neither Agree nor Disagree,Agree,Rarely,Sometimes,Sometimes
9/18/2026 17:03:01,Software or digital monitoring only,Manufacturing or Other Corporate,More than 10 years,50 to 500 employees,Male,Individual contributor or entry level,Strongly Disagree,Neither Agree nor Disagree,Agree,Strongly Agree,Strongly Agree,Disagree,Agree,Agree,Neither Agree nor Disagree,Neither Agree nor Disagree,Agree,Agree,Neither Agree nor Disagree,Neither Agree nor Disagree,Neither Agree nor Disagree,Disagree,Disagree,Neither Agree nor Disagree,Neither Agree nor Disagree,Disagree,Agree,Neither Agree nor Disagree,Neither Agree nor Disagree,Disagree,Disagree,Agree,Neither Agree nor Disagree,Neither Agree nor Disagree,Neither Agree nor Disagree,Agree,Neither Agree nor Disagree,Often,Often,Sometimes
9/18/2026 17:03:59,Software or digital monitoring only,BPO or ITES,2 to 5 years,More than 500 employees,Female,Individual contributor or entry level,Disagree,Agree,Strongly Disagree,Agree,Neither Agree nor Disagree,Neither Agree nor Disagree,Agree,Agree,Strongly Disagree,Disagree,Neither Agree nor Disagree,Neither Agree nor Disagree,Agree,Agree,Agree,Agree,Agree,Neither Agree nor Disagree,Neither Agree nor Disagree,Neither Agree nor Disagree,Neither Agree nor Disagree,Neither Agree nor Disagree,Neither Agree nor Disagree,Agree,Disagree,Neither Agree nor Disagree,Agree,Agree,Neither Agree nor Disagree,Neither Agree nor Disagree,Neither Agree nor Disagree,Sometimes,Rarely,Sometimes
9/18/2026 17:05:14,Software or digital monitoring only,IT or Software Services,6 to 10 years,More than 500 employees,Female,"Middle management (team lead, manager)",Neither Agree nor Disagree,Neither Agree nor Disagree,Strongly Disagree,Agree,Agree,Strongly Disagree,Agree,Neither Agree nor Disagree,Disagree,Strongly Disagree,Agree,Agree,Disagree,Neither Agree nor Disagree,Strongly Disagree,Disagree,Strongly Disagree,Agree,Disagree,Agree,Disagree,Agree,Strongly Disagree,Disagree,Disagree,Disagree,Disagree,Strongly Disagree,Disagree,Disagree,Disagree,Rarely,Rarely,Rarely
9/18/2026 17:06:31,Software or digital monitoring only,IT or Software Services,More than 10 years,50 to 500 employees,Male,Individual contributor or entry level,Agree,Neither Agree nor Disagree,Agree,Strongly Agree,Strongly Agree,Disagree,Strongly Agree,Strongly Agree,Strongly Agree,Strongly Agree,Strongly Agree,Strongly Agree,Disagree,Agree,Neither Agree nor Disagree,Neither Agree nor Disagree,Neither Agree nor Disagree,Neither Agree nor Disagree,Neither Agree nor Disagree,Neither Agree nor Disagree,Neither Agree nor Disagree,Neither Agree nor Disagree,Disagree,Neither Agree nor Disagree,Disagree,Neither Agree nor Disagree,Agree,Neither Agree nor Disagree,Agree,Neither Agree nor Disagree,Agree,Never,Never,Never
9/18/2026 17:07:31,Software or digital monitoring only,IT or Software Services,Less than 2 years,Fewer than 50 employees,Female,Individual contributor or entry level,Neither Agree nor Disagree,Disagree,Neither Agree nor Disagree,Agree,Neither Agree nor Disagree,Disagree,Neither Agree nor Disagree,Agree,Agree,Neither Agree nor Disagree,Neither Agree nor Disagree,Agree,Strongly Disagree,Disagree,Strongly Disagree,Strongly Disagree,Strongly Disagree,Strongly Agree,Strongly Disagree,Agree,Disagree,Strongly Agree,Disagree,Strongly Disagree,Disagree,Disagree,Disagree,Disagree,Disagree,Disagree,Disagree,Never,Never,Never
9/18/2026 17:08:43,Software or digital monitoring only,Consulting,Less than 2 years,Fewer than 50 employees,Male,"Middle management (team lead, manager)",Agree,Agree,Disagree,Neither Agree nor Disagree,Agree,Disagree,Neither Agree nor Disagree,Agree,Disagree,Disagree,Agree,Neither Agree nor Disagree,Disagree,Disagree,Disagree,Neither Agree nor Disagree,Disagree,Disagree,Neither Agree nor Disagree,Neither Agree nor Disagree,Neither Agree nor Disagree,Disagree,Neither Agree nor Disagree,Agree,Disagree,Agree,Agree,Strongly Agree,Neither Agree nor Disagree,Agree,Agree,Sometimes,Sometimes,Often
9/18/2026 17:10:15,Software or digital monitoring only,IT or Software Services,2 to 5 years,Fewer than 50 employees,Female,"Middle management (team lead, manager)",Disagree,Agree,Disagree,Neither Agree nor Disagree,Agree,Strongly Disagree,Neither Agree nor Disagree,Agree,Disagree,Strongly Disagree,Neither Agree nor Disagree,Neither Agree nor Disagree,Agree,Neither Agree nor Disagree,Neither Agree nor Disagree,Neither Agree nor Disagree,Neither Agree nor Disagree,Disagree,Agree,Neither Agree nor Disagree,Neither Agree nor Disagree,Neither Agree nor Disagree,Agree,Agree,Disagree,Neither Agree nor Disagree,Agree,Agree,Agree,Agree,Agree,Always,Always,Always
9/18/2026 17:11:40,Software or digital monitoring only,IT or Software Services,2 to 5 years,50 to 500 employees,Female,Individual contributor or entry level,Neither Agree nor Disagree,Strongly Disagree,Strongly Agree,Agree,Neither Agree nor Disagree,Strongly Disagree,Agree,Neither Agree nor Disagree,Neither Agree nor Disagree,Disagree,Agree,Agree,Strongly Agree,Strongly Agree,Strongly Agree,Strongly Agree,Strongly Agree,Strongly Disagree,Strongly Agree,Strongly Disagree,Strongly Agree,Strongly Disagree,Strongly Agree,Strongly Agree,Disagree,Neither Agree nor Disagree,Neither Agree nor Disagree,Agree,Agree,Agree,Neither Agree nor Disagree,Always,Always,Always
9/18/2026 17:12:54,Software or digital monitoring only,Other,2 to 5 years,More than 500 employees,Male,"Middle management (team lead, manager)",Agree,Agree,Disagree,Agree,Agree,Strongly Disagree,Agree,Agree,Neither Agree nor Disagree,Neither Agree nor Disagree,Neither Agree nor Disagree,Agree,Disagree,Disagree,Disagree,Disagree,Disagree,Agree,Strongly Disagree,Strongly Agree,Strongly Disagree,Agree,Strongly Disagree,Strongly Disagree,Disagree,Neither Agree nor Disagree,Agree,Neither Agree nor Disagree,Neither Agree nor Disagree,Neither Agree nor Disagree,Neither Agree nor Disagree,Rarely,Rarely,Rarely
9/18/2026 17:14:01,Software or digital monitoring only,IT or Software Services,2 to 5 years,50 to 500 employees,Non-binary or Other,Senior leadership (director and above),Strongly Agree,Strongly Disagree,Agree,Neither Agree nor Disagree,Neither Agree nor Disagree,Disagree,Neither Agree nor Disagree,Agree,Neither Agree nor Disagree,Neither Agree nor Disagree,Agree,Neither Agree nor Disagree,Disagree,Disagree,Neither Agree nor Disagree,Neither Agree nor Disagree,Disagree,Strongly Agree,Strongly Disagree,Agree,Strongly Disagree,Agree,Strongly Disagree,Disagree,Disagree,Strongly Disagree,Strongly Disagree,Strongly Disagree,Strongly Disagree,Strongly Disagree,Strongly Disagree,Rarely,Sometimes,Rarely
9/18/2026 17:15:17,Software or digital monitoring only,IT or Software Services,2 to 5 years,More than 500 employees,Female,Individual contributor or entry level,Agree,Neither Agree nor Disagree,Strongly Agree,Strongly Agree,Agree,Strongly Disagree,Agree,Agree,Neither Agree nor Disagree,Neither Agree nor Disagree,Agree,Agree,Agree,Neither Agree nor Disagree,Agree,Agree,Strongly Agree,Disagree,Neither Agree nor Disagree,Neither Agree nor Disagree,Neither Agree nor Disagree,Disagree,Agree,Agree,Disagree,Agree,Agree,Neither Agree nor Disagree,Agree,Agree,Agree,Sometimes,Often,Often
9/18/2026 17:16:30,Software or digital monitoring only,BPO or ITES,2 to 5 years,More than 500 employees,Male,Individual contributor or entry level,Agree,Neither Agree nor Disagree,Strongly Agree,Agree,Strongly Agree,Disagree,Strongly Agree,Agree,Agree,Neither Agree nor Disagree,Agree,Neither Agree nor Disagree,Neither Agree nor Disagree,Neither Agree nor Disagree,Neither Agree nor Disagree,Neither Agree nor Disagree,Neither Agree nor Disagree,Neither Agree nor Disagree,Neither Agree nor Disagree,Agree,Disagree,Neither Agree nor Disagree,Disagree,Disagree,Disagree,Disagree,Disagree,Disagree,Disagree,Strongly Disagree,Strongly Disagree,Often,Sometimes,Often
9/18/2026 17:17:46,Both digital and physical monitoring,IT or Software Services,Less than 2 years,More than 500 employees,Male,"Middle management (team lead, manager)",Strongly Agree,Disagree,Neither Agree nor Disagree,Strongly Agree,Strongly Agree,Strongly Agree,Agree,Strongly Agree,Neither Agree nor Disagree,Agree,Agree,Strongly Agree,Disagree,Disagree,Disagree,Strongly Disagree,Disagree,Disagree,Agree,Neither Agree nor Disagree,Agree,Disagree,Agree,Neither Agree nor Disagree,Disagree,Strongly Agree,Agree,Strongly Agree,Agree,Agree,Agree,Rarely,Sometimes,Rarely
9/18/2026 17:19:12,Both digital and physical monitoring,Manufacturing or Other Corporate,6 to 10 years,More than 500 employees,Male,Individual contributor or entry level,Neither Agree nor Disagree,Neither Agree nor Disagree,Disagree,Strongly Agree,Neither Agree nor Disagree,Neither Agree nor Disagree,Agree,Agree,Disagree,Disagree,Neither Agree nor Disagree,Neither Agree nor Disagree,Agree,Neither Agree nor Disagree,Neither Agree nor Disagree,Agree,Agree,Disagree,Agree,Neither Agree nor Disagree,Agree,Disagree,Agree,Agree,Disagree,Neither Agree nor Disagree,Neither Agree nor Disagree,Agree,Agree,Strongly Agree,Neither Agree nor Disagree,Sometimes,Sometimes,Sometimes
9/18/2026 17:20:40,"Physical monitoring only (CCTV, biometric access, desk-time tracking)",Consulting,Less than 2 years,More than 500 employees,Female,Individual contributor or entry level,Agree,Strongly Agree,Agree,Disagree,Strongly Disagree,Neither Agree nor Disagree,Agree,Neither Agree nor Disagree,Strongly Disagree,Strongly Disagree,Neither Agree nor Disagree,Agree,Neither Agree nor Disagree,Disagree,Neither Agree nor Disagree,Agree,Neither Agree nor Disagree,Disagree,Agree,Neither Agree nor Disagree,Neither Agree nor Disagree,Disagree,Neither Agree nor Disagree,Neither Agree nor Disagree,Disagree,Neither Agree nor Disagree,Agree,Neither Agree nor Disagree,Neither Agree nor Disagree,Agree,Neither Agree nor Disagree,Sometimes,Rarely,Often
9/18/2026 17:21:56,Software or digital monitoring only,Other,2 to 5 years,50 to 500 employees,Female,"Middle management (team lead, manager)",Agree,Neither Agree nor Disagree,Agree,Neither Agree nor Disagree,Disagree,Strongly Disagree,Neither Agree nor Disagree,Disagree,Agree,Disagree,Disagree,Neither Agree nor Disagree,Agree,Neither Agree nor Disagree,Disagree,Neither Agree nor Disagree,Agree,Strongly Disagree,Agree,Disagree,Agree,Neither Agree nor Disagree,Agree,Agree,Disagree,Neither Agree nor Disagree,Disagree,Disagree,Neither Agree nor Disagree,Neither Agree nor Disagree,Neither Agree nor Disagree,Often,Sometimes,Rarely
9/18/2026 17:23:19,I am not monitored in any way,BPO or ITES,6 to 10 years,50 to 500 employees,Female,Individual contributor or entry level,Agree,Agree,Neither Agree nor Disagree,Disagree,Strongly Disagree,Disagree,Strongly Disagree,Disagree,Strongly Disagree,Strongly Disagree,Strongly Disagree,Strongly Disagree,Agree,Agree,Neither Agree nor Disagree,Strongly Agree,Agree,Disagree,Strongly Agree,Disagree,Strongly Agree,Strongly Disagree,Strongly Agree,Agree,Disagree,Agree,Strongly Agree,Strongly Agree,Strongly Agree,Agree,Agree,Often,Sometimes,Often
9/18/2026 17:24:38,I am not sure,Manufacturing or Other Corporate,2 to 5 years,Fewer than 50 employees,Male,Individual contributor or entry level,Neither Agree nor Disagree,Agree,Strongly Agree,Disagree,Disagree,Disagree,Disagree,Neither Agree nor Disagree,Strongly Disagree,Disagree,Disagree,Disagree,Neither Agree nor Disagree,Neither Agree nor Disagree,Disagree,Neither Agree nor Disagree,Neither Agree nor Disagree,Neither Agree nor Disagree,Agree,Neither Agree nor Disagree,Neither Agree nor Disagree,Disagree,Neither Agree nor Disagree,Agree,Disagree,Agree,Agree,Agree,Neither Agree nor Disagree,Agree,Agree,Sometimes,Sometimes,Sometimes
9/18/2026 17:25:50,Both digital and physical monitoring,BPO or ITES,2 to 5 years,Fewer than 50 employees,Male,Individual contributor or entry level,Strongly Agree,Disagree,Disagree,Strongly Agree,Strongly Agree,Strongly Agree,Strongly Agree,Strongly Agree,Neither Agree nor Disagree,Neither Agree nor Disagree,Strongly Agree,Strongly Agree,Strongly Disagree,Strongly Disagree,Strongly Disagree,Strongly Disagree,Strongly Disagree,Strongly Agree,Neither Agree nor Disagree,Agree,Disagree,Agree,Strongly Disagree,Disagree,Disagree,Agree,Neither Agree nor Disagree,Disagree,Neither Agree nor Disagree,Disagree,Neither Agree nor Disagree,Never,Never,Never
9/18/2026 17:26:58,Software or digital monitoring only,BPO or ITES,More than 10 years,50 to 500 employees,Female,"Middle management (team lead, manager)",Strongly Agree,Strongly Agree,Disagree,Agree,Agree,Disagree,Strongly Agree,Agree,Disagree,Neither Agree nor Disagree,Agree,Strongly Agree,Strongly Disagree,Disagree,Strongly Disagree,Disagree,Strongly Disagree,Strongly Agree,Strongly Disagree,Strongly Agree,Disagree,Strongly Agree,Strongly Disagree,Strongly Disagree,Disagree,Disagree,Disagree,Disagree,Disagree,Disagree,Disagree,Sometimes,Rarely,Rarely
9/18/2026 17:28:09,Software or digital monitoring only,Consulting,More than 10 years,50 to 500 employees,Male,Individual contributor or entry level,Neither Agree nor Disagree,Neither Agree nor Disagree,Disagree,Strongly Agree,Agree,Strongly Disagree,Agree,Strongly Agree,Disagree,Disagree,Agree,Strongly Agree,Neither Agree nor Disagree,Neither Agree nor Disagree,Disagree,Neither Agree nor Disagree,Disagree,Neither Agree nor Disagree,Neither Agree nor Disagree,Neither Agree nor Disagree,Neither Agree nor Disagree,Disagree,Agree,Agree,Disagree,Agree,Neither Agree nor Disagree,Neither Agree nor Disagree,Neither Agree nor Disagree,Agree,Neither Agree nor Disagree,Sometimes,Often,Often
9/18/2026 17:29:42,Software or digital monitoring only,Consulting,Less than 2 years,50 to 500 employees,Male,Individual contributor or entry level,Agree,Neither Agree nor Disagree,Strongly Disagree,Neither Agree nor Disagree,Neither Agree nor Disagree,Strongly Disagree,Agree,Agree,Disagree,Strongly Disagree,Disagree,Neither Agree nor Disagree,Neither Agree nor Disagree,Neither Agree nor Disagree,Neither Agree nor Disagree,Neither Agree nor Disagree,Neither Agree nor Disagree,Strongly Disagree,Strongly Agree,Strongly Disagree,Strongly Agree,Strongly Disagree,Strongly Agree,Strongly Agree,Disagree,Agree,Agree,Agree,Agree,Neither Agree nor Disagree,Strongly Agree,Sometimes,Sometimes,Sometimes
9/18/2026 17:31:36,Software or digital monitoring only,IT or Software Services,6 to 10 years,50 to 500 employees,Female,Senior leadership (director and above),Strongly Disagree,Agree,Strongly Agree,Neither Agree nor Disagree,Neither Agree nor Disagree,Disagree,Disagree,Neither Agree nor Disagree,Disagree,Disagree,Disagree,Disagree,Neither Agree nor Disagree,Neither Agree nor Disagree,Agree,Agree,Neither Agree nor Disagree,Strongly Disagree,Agree,Disagree,Agree,Disagree,Agree,Agree,Disagree,Agree,Agree,Strongly Agree,Agree,Agree,Agree,Sometimes,Rarely,Rarely
9/18/2026 17:33:15,"Physical monitoring only (CCTV, biometric access, desk-time tracking)",IT or Software Services,Less than 2 years,50 to 500 employees,Male,"Middle management (team lead, manager)",Neither Agree nor Disagree,Disagree,Strongly Agree,Disagree,Disagree,Disagree,Strongly Disagree,Disagree,Strongly Disagree,Strongly Disagree,Disagree,Neither Agree nor Disagree,Neither Agree nor Disagree,Neither Agree nor Disagree,Neither Agree nor Disagree,Neither Agree nor Disagree,Neither Agree nor Disagree,Disagree,Agree,Disagree,Agree,Disagree,Neither Agree nor Disagree,Neither Agree nor Disagree,Disagree,Agree,Agree,Neither Agree nor Disagree,Agree,Neither Agree nor Disagree,Neither Agree nor Disagree,Sometimes,Often,Often
9/18/2026 17:34:46,Both digital and physical monitoring,IT or Software Services,2 to 5 years,50 to 500 employees,Male,Individual contributor or entry level,Neither Agree nor Disagree,Agree,Agree,Strongly Agree,Strongly Agree,Strongly Agree,Strongly Agree,Agree,Agree,Neither Agree nor Disagree,Strongly Agree,Agree,Agree,Agree,Agree,Agree,Agree,Neither Agree nor Disagree,Strongly Agree,Agree,Neither Agree nor Disagree,Disagree,Neither Agree nor Disagree,Neither Agree nor Disagree,Disagree,Neither Agree nor Disagree,Agree,Neither Agree nor Disagree,Agree,Agree,Neither Agree nor Disagree,Often,Often,Always
9/18/2026 17:36:00,I am not sure,IT or Software Services,6 to 10 years,More than 500 employees,Female,"Middle management (team lead, manager)",Neither Agree nor Disagree,Agree,Strongly Agree,Neither Agree nor Disagree,Strongly Disagree,Strongly Disagree,Agree,Disagree,Strongly Disagree,Strongly Disagree,Neither Agree nor Disagree,Disagree,Neither Agree nor Disagree,Neither Agree nor Disagree,Neither Agree nor Disagree,Neither Agree nor Disagree,Disagree,Disagree,Agree,Disagree,Strongly Agree,Disagree,Strongly Agree,Agree,Disagree,Agree,Agree,Agree,Agree,Agree,Agree,Often,Often,Always
9/18/2026 17:37:40,Both digital and physical monitoring,IT or Software Services,More than 10 years,More than 500 employees,Female,Individual contributor or entry level,Agree,Neither Agree nor Disagree,Strongly Disagree,Agree,Strongly Agree,Agree,Agree,Strongly Agree,Agree,Neither Agree nor Disagree,Agree,Neither Agree nor Disagree,Strongly Disagree,Strongly Disagree,Disagree,Disagree,Strongly Disagree,Neither Agree nor Disagree,Agree,Neither Agree nor Disagree,Neither Agree nor Disagree,Agree,Neither Agree nor Disagree,Disagree,Disagree,Neither Agree nor Disagree,Agree,Neither Agree nor Disagree,Neither Agree nor Disagree,Neither Agree nor Disagree,Disagree,Sometimes,Sometimes,Sometimes
9/18/2026 17:39:40,Software or digital monitoring only,Manufacturing or Other Corporate,Less than 2 years,Fewer than 50 employees,Female,"Middle management (team lead, manager)",Strongly Agree,Neither Agree nor Disagree,Disagree,Agree,Agree,Disagree,Agree,Agree,Neither Agree nor Disagree,Strongly Disagree,Agree,Agree,Strongly Disagree,Strongly Disagree,Disagree,Strongly Disagree,Strongly Disagree,Neither Agree nor Disagree,Neither Agree nor Disagree,Disagree,Neither Agree nor Disagree,Neither Agree nor Disagree,Neither Agree nor Disagree,Neither Agree nor Disagree,Disagree,Neither Agree nor Disagree,Neither Agree nor Disagree,Neither Agree nor Disagree,Disagree,Neither Agree nor Disagree,Neither Agree nor Disagree,Often,Sometimes,Sometimes
9/18/2026 17:41:39,Both digital and physical monitoring,IT or Software Services,2 to 5 years,More than 500 employees,Male,Individual contributor or entry level,Strongly Agree,Strongly Agree,Neither Agree nor Disagree,Agree,Agree,Neither Agree nor Disagree,Agree,Agree,Neither Agree nor Disagree,Neither Agree nor Disagree,Agree,Agree,Disagree,Disagree,Disagree,Disagree,Disagree,Neither Agree nor Disagree,Disagree,Neither Agree nor Disagree,Neither Agree nor Disagree,Agree,Disagree,Neither Agree nor Disagree,Disagree,Neither Agree nor Disagree,Disagree,Disagree,Disagree,Strongly Disagree,Strongly Disagree,Rarely,Rarely,Rarely
9/18/2026 17:43:08,"Physical monitoring only (CCTV, biometric access, desk-time tracking)",IT or Software Services,Less than 2 years,Fewer than 50 employees,Male,Individual contributor or entry level,Neither Agree nor Disagree,Strongly Agree,Disagree,Neither Agree nor Disagree,Strongly Disagree,Neither Agree nor Disagree,Disagree,Neither Agree nor Disagree,Strongly Disagree,Strongly Disagree,Disagree,Disagree,Agree,Agree,Neither Agree nor Disagree,Agree,Neither Agree nor Disagree,Strongly Disagree,Strongly Agree,Strongly Disagree,Strongly Agree,Strongly Disagree,Strongly Agree,Strongly Agree,Disagree,Agree,Neither Agree nor Disagree,Agree,Neither Agree nor Disagree,Agree,Neither Agree nor Disagree,Always,Often,Often
9/18/2026 17:45:00,Software or digital monitoring only,BPO or ITES,2 to 5 years,50 to 500 employees,Male,Individual contributor or entry level,Agree,Agree,Strongly Disagree,Strongly Agree,Strongly Agree,Disagree,Neither Agree nor Disagree,Strongly Agree,Agree,Neither Agree nor Disagree,Strongly Agree,Strongly Agree,Agree,Agree,Agree,Agree,Neither Agree nor Disagree,Disagree,Strongly Agree,Disagree,Neither Agree nor Disagree,Strongly Disagree,Agree,Agree,Disagree,Neither Agree nor Disagree,Agree,Agree,Agree,Agree,Neither Agree nor Disagree,Always,Sometimes,Often
9/18/2026 17:46:35,Both digital and physical monitoring,IT or Software Services,2 to 5 years,50 to 500 employees,Male,Individual contributor or entry level,Neither Agree nor Disagree,Strongly Agree,Disagree,Agree,Agree,Strongly Agree,Agree,Strongly Agree,Strongly Agree,Strongly Agree,Agree,Agree,Disagree,Disagree,Disagree,Neither Agree nor Disagree,Disagree,Strongly Agree,Disagree,Strongly Agree,Strongly Disagree,Strongly Agree,Strongly Disagree,Strongly Disagree,Disagree,Neither Agree nor Disagree,Neither Agree nor Disagree,Neither Agree nor Disagree,Neither Agree nor Disagree,Disagree,Disagree,Rarely,Rarely,Never
9/18/2026 17:48:30,Software or digital monitoring only,Consulting,Less than 2 years,More than 500 employees,Female,Individual contributor or entry level,Agree,Neither Agree nor Disagree,Strongly Disagree,Agree,Agree,Strongly Disagree,Agree,Agree,Neither Agree nor Disagree,Neither Agree nor Disagree,Neither Agree nor Disagree,Agree,Agree,Neither Agree nor Disagree,Agree,Agree,Agree,Neither Agree nor Disagree,Neither Agree nor Disagree,Agree,Neither Agree nor Disagree,Neither Agree nor Disagree,Neither Agree nor Disagree,Neither Agree nor Disagree,Disagree,Neither Agree nor Disagree,Agree,Strongly Agree,Agree,Neither Agree nor Disagree,Agree,Sometimes,Often,Sometimes
9/18/2026 17:50:18,Software or digital monitoring only,IT or Software Services,2 to 5 years,Fewer than 50 employees,Male,"Middle management (team lead, manager)",Disagree,Neither Agree nor Disagree,Neither Agree nor Disagree,Neither Agree nor Disagree,Neither Agree nor Disagree,Neither Agree nor Disagree,Neither Agree nor Disagree,Neither Agree nor Disagree,Strongly Disagree,Strongly Disagree,Neither Agree nor Disagree,Disagree,Agree,Strongly Agree,Agree,Agree,Neither Agree nor Disagree,Agree,Agree,Disagree,Neither Agree nor Disagree,Neither Agree nor Disagree,Agree,Strongly Agree,Disagree,Strongly Agree,Strongly Agree,Agree,Neither Agree nor Disagree,Agree,Agree,Often,Always,Sometimes
9/18/2026 17:52:35,Software or digital monitoring only,IT or Software Services,More than 10 years,More than 500 employees,Male,"Middle management (team lead, manager)",Neither Agree nor Disagree,Agree,Neither Agree nor Disagree,Strongly Agree,Agree,Disagree,Neither Agree nor Disagree,Agree,Neither Agree nor Disagree,Disagree,Neither Agree nor Disagree,Agree,Strongly Disagree,Disagree,Disagree,Strongly Disagree,Disagree,Agree,Strongly Disagree,Agree,Disagree,Agree,Disagree,Strongly Disagree,Disagree,Agree,Agree,Neither Agree nor Disagree,Neither Agree nor Disagree,Neither Agree nor Disagree,Agree,Sometimes,Sometimes,Sometimes
9/18/2026 17:54:20,Software or digital monitoring only,IT or Software Services,6 to 10 years,More than 500 employees,Male,Individual contributor or entry level,Strongly Agree,Strongly Agree,Neither Agree nor Disagree,Agree,Neither Agree nor Disagree,Disagree,Neither Agree nor Disagree,Agree,Neither Agree nor Disagree,Neither Agree nor Disagree,Neither Agree nor Disagree,Neither Agree nor Disagree,Agree,Disagree,Disagree,Disagree,Disagree,Strongly Agree,Disagree,Agree,Disagree,Agree,Disagree,Disagree,Disagree,Neither Agree nor Disagree,Agree,Neither Agree nor Disagree,Neither Agree nor Disagree,Neither Agree nor Disagree,Neither Agree nor Disagree,Rarely,Sometimes,Sometimes
9/18/2026 17:56:09,Both digital and physical monitoring,IT or Software Services,6 to 10 years,More than 500 employees,Male,Individual contributor or entry level,Strongly Agree,Strongly Agree,Disagree,Strongly Agree,Strongly Agree,Agree,Strongly Agree,Strongly Agree,Agree,Strongly Agree,Agree,Strongly Agree,Disagree,Disagree,Disagree,Strongly Disagree,Disagree,Agree,Strongly Disagree,Strongly Agree,Strongly Disagree,Strongly Agree,Strongly Disagree,Strongly Disagree,Disagree,Disagree,Disagree,Disagree,Disagree,Disagree,Disagree,Never,Never,Never
9/18/2026 17:58:20,Software or digital monitoring only,BPO or ITES,6 to 10 years,50 to 500 employees,Female,"Middle management (team lead, manager)",Neither Agree nor Disagree,Strongly Agree,Neither Agree nor Disagree,Agree,Agree,Neither Agree nor Disagree,Agree,Agree,Neither Agree nor Disagree,Neither Agree nor Disagree,Agree,Neither Agree nor Disagree,Strongly Disagree,Disagree,Strongly Disagree,Strongly Disagree,Disagree,Agree,Disagree,Agree,Disagree,Strongly Agree,Disagree,Disagree,Disagree,Agree,Agree,Neither Agree nor Disagree,Neither Agree nor Disagree,Neither Agree nor Disagree,Neither Agree nor Disagree,Sometimes,Rarely,Rarely
9/18/2026 18:00:35,Software or digital monitoring only,IT or Software Services,6 to 10 years,More than 500 employees,Male,"Middle management (team lead, manager)",Strongly Disagree,Neither Agree nor Disagree,Agree,Disagree,Disagree,Disagree,Strongly Disagree,Disagree,Strongly Disagree,Strongly Disagree,Disagree,Strongly Disagree,Strongly Agree,Agree,Agree,Agree,Strongly Agree,Strongly Disagree,Strongly Agree,Strongly Disagree,Strongly Agree,Strongly Disagree,Strongly Agree,Strongly Agree,Disagree,Agree,Strongly Agree,Strongly Agree,Strongly Agree,Strongly Agree,Agree,Always,Always,Always
9/18/2026 18:02:42,Software or digital monitoring only,IT or Software Services,2 to 5 years,Fewer than 50 employees,Male,Individual contributor or entry level,Disagree,Disagree,Agree,Neither Agree nor Disagree,Neither Agree nor Disagree,Disagree,Agree,Neither Agree nor Disagree,Neither Agree nor Disagree,Disagree,Agree,Neither Agree nor Disagree,Neither Agree nor Disagree,Neither Agree nor Disagree,Neither Agree nor Disagree,Neither Agree nor Disagree,Neither Agree nor Disagree,Agree,Neither Agree nor Disagree,Agree,Neither Agree nor Disagree,Neither Agree nor Disagree,Strongly Disagree,Disagree,Disagree,Disagree,Strongly Disagree,Disagree,Strongly Disagree,Disagree,Disagree,Rarely,Rarely,Rarely
9/18/2026 18:04:32,Both digital and physical monitoring,IT or Software Services,Less than 2 years,More than 500 employees,Female,Individual contributor or entry level,Neither Agree nor Disagree,Agree,Disagree,Strongly Agree,Strongly Agree,Strongly Agree,Strongly Agree,Strongly Agree,Agree,Agree,Strongly Agree,Strongly Agree,Disagree,Disagree,Disagree,Disagree,Disagree,Strongly Agree,Disagree,Strongly Agree,Strongly Disagree,Strongly Agree,Disagree,Strongly Disagree,Disagree,Disagree,Disagree,Disagree,Strongly Disagree,Disagree,Disagree,Sometimes,Sometimes,Sometimes
9/18/2026 18:07:16,Software or digital monitoring only,IT or Software Services,Less than 2 years,More than 500 employees,Male,"Middle management (team lead, manager)",Strongly Agree,Agree,Agree,Agree,Agree,Disagree,Agree,Neither Agree nor Disagree,Disagree,Strongly Disagree,Neither Agree nor Disagree,Agree,Neither Agree nor Disagree,Agree,Neither Agree nor Disagree,Neither Agree nor Disagree,Neither Agree nor Disagree,Disagree,Agree,Disagree,Disagree,Neither Agree nor Disagree,Neither Agree nor Disagree,Agree,Disagree,Neither Agree nor Disagree,Neither Agree nor Disagree,Agree,Agree,Strongly Agree,Agree,Sometimes,Sometimes,Often
9/18/2026 18:09:30,Software or digital monitoring only,BPO or ITES,Less than 2 years,50 to 500 employees,Female,Individual contributor or entry level,Neither Agree nor Disagree,Disagree,Agree,Disagree,Neither Agree nor Disagree,Disagree,Strongly Disagree,Disagree,Strongly Disagree,Disagree,Disagree,Neither Agree nor Disagree,Neither Agree nor Disagree,Neither Agree nor Disagree,Neither Agree nor Disagree,Agree,Agree,Strongly Disagree,Strongly Agree,Disagree,Agree,Disagree,Strongly Agree,Agree,Disagree,Neither Agree nor Disagree,Disagree,Neither Agree nor Disagree,Agree,Neither Agree nor Disagree,Neither Agree nor Disagree,Sometimes,Sometimes,Sometimes
9/18/2026 18:11:17,Software or digital monitoring only,IT or Software Services,Less than 2 years,50 to 500 employees,Male,Individual contributor or entry level,Strongly Agree,Disagree,Strongly Disagree,Agree,Agree,Strongly Disagree,Agree,Agree,Strongly Disagree,Strongly Disagree,Disagree,Agree,Neither Agree nor Disagree,Neither Agree nor Disagree,Neither Agree nor Disagree,Neither Agree nor Disagree,Disagree,Disagree,Strongly Agree,Strongly Disagree,Agree,Disagree,Agree,Agree,Disagree,Neither Agree nor Disagree,Agree,Agree,Neither Agree nor Disagree,Neither Agree nor Disagree,Neither Agree nor Disagree,Often,Always,Often
9/18/2026 18:14:20,Software or digital monitoring only,IT or Software Services,6 to 10 years,More than 500 employees,Male,Individual contributor or entry level,Agree,Agree,Disagree,Agree,Agree,Strongly Disagree,Agree,Agree,Neither Agree nor Disagree,Neither Agree nor Disagree,Agree,Agree,Agree,Neither Agree nor Disagree,Agree,Agree,Agree,Agree,Neither Agree nor Disagree,Neither Agree nor Disagree,Neither Agree nor Disagree,Neither Agree nor Disagree,Neither Agree nor Disagree,Disagree,Disagree,Disagree,Disagree,Neither Agree nor Disagree,Neither Agree nor Disagree,Disagree,Neither Agree nor Disagree,Often,Always,Often
9/18/2026 18:16:03,Software or digital monitoring only,IT or Software Services,2 to 5 years,50 to 500 employees,Male,"Middle management (team lead, manager)",Strongly Disagree,Strongly Agree,Agree,Strongly Agree,Strongly Agree,Disagree,Strongly Agree,Agree,Strongly Disagree,Disagree,Strongly Agree,Agree,Neither Agree nor Disagree,Strongly Disagree,Strongly Disagree,Strongly Disagree,Disagree,Neither Agree nor Disagree,Agree,Strongly Disagree,Agree,Disagree,Agree,Neither Agree nor Disagree,Disagree,Agree,Strongly Agree,Agree,Agree,Strongly Agree,Agree,Rarely,Never,Rarely
9/18/2026 18:18:53,Both digital and physical monitoring,IT or Software Services,More than 10 years,More than 500 employees,Male,"Middle management (team lead, manager)",Strongly Disagree,Neither Agree nor Disagree,Strongly Agree,Agree,Neither Agree nor Disagree,Agree,Neither Agree nor Disagree,Neither Agree nor Disagree,Neither Agree nor Disagree,Neither Agree nor Disagree,Neither Agree nor Disagree,Neither Agree nor Disagree,Agree,Neither Agree nor Disagree,Neither Agree nor Disagree,Neither Agree nor Disagree,Agree,Neither Agree nor Disagree,Neither Agree nor Disagree,Neither Agree nor Disagree,Disagree,Neither Agree nor Disagree,Neither Agree nor Disagree,Disagree,Disagree,Strongly Disagree,Disagree,Disagree,Disagree,Disagree,Disagree,Often,Often,Often
9/18/2026 18:20:51,Software or digital monitoring only,IT or Software Services,6 to 10 years,50 to 500 employees,Female,"Middle management (team lead, manager)",Neither Agree nor Disagree,Strongly Agree,Neither Agree nor Disagree,Neither Agree nor Disagree,Neither Agree nor Disagree,Disagree,Disagree,Neither Agree nor Disagree,Strongly Disagree,Strongly Disagree,Disagree,Neither Agree nor Disagree,Agree,Agree,Agree,Strongly Agree,Agree,Neither Agree nor Disagree,Neither Agree nor Disagree,Neither Agree nor Disagree,Agree,Disagree,Neither Agree nor Disagree,Agree,Disagree,Neither Agree nor Disagree,Agree,Agree,Neither Agree nor Disagree,Agree,Agree,Sometimes,Often,Sometimes
9/18/2026 18:22:45,Both digital and physical monitoring,IT or Software Services,Less than 2 years,More than 500 employees,Male,Individual contributor or entry level,Agree,Neither Agree nor Disagree,Agree,Agree,Neither Agree nor Disagree,Agree,Agree,Agree,Agree,Agree,Agree,Neither Agree nor Disagree,Disagree,Disagree,Strongly Disagree,Strongly Disagree,Disagree,Disagree,Neither Agree nor Disagree,Disagree,Agree,Disagree,Neither Agree nor Disagree,Agree,Disagree,Neither Agree nor Disagree,Strongly Agree,Neither Agree nor Disagree,Agree,Agree,Neither Agree nor Disagree,Rarely,Often,Often
9/18/2026 18:25:21,Software or digital monitoring only,Consulting,2 to 5 years,More than 500 employees,Male,Individual contributor or entry level,Neither Agree nor Disagree,Neither Agree nor Disagree,Strongly Disagree,Neither Agree nor Disagree,Neither Agree nor Disagree,Strongly Disagree,Agree,Neither Agree nor Disagree,Disagree,Disagree,Neither Agree nor Disagree,Neither Agree nor Disagree,Agree,Strongly Agree,Agree,Agree,Neither Agree nor Disagree,Disagree,Agree,Disagree,Agree,Disagree,Agree,Agree,Disagree,Agree,Agree,Neither Agree nor Disagree,Neither Agree nor Disagree,Neither Agree nor Disagree,Neither Agree nor Disagree,Often,Always,Often
9/18/2026 18:27:31,Software or digital monitoring only,IT or Software Services,Less than 2 years,More than 500 employees,Male,Individual contributor or entry level,Agree,Agree,Neither Agree nor Disagree,Strongly Agree,Strongly Agree,Strongly Disagree,Agree,Strongly Agree,Agree,Agree,Agree,Agree,Neither Agree nor Disagree,Neither Agree nor Disagree,Neither Agree nor Disagree,Neither Agree nor Disagree,Neither Agree nor Disagree,Neither Agree nor Disagree,Disagree,Agree,Neither Agree nor Disagree,Agree,Disagree,Disagree,Disagree,Neither Agree nor Disagree,Neither Agree nor Disagree,Neither Agree nor Disagree,Neither Agree nor Disagree,Disagree,Disagree,Rarely,Sometimes,Rarely
9/18/2026 18:30:14,Software or digital monitoring only,IT or Software Services,2 to 5 years,More than 500 employees,Male,Individual contributor or entry level,Disagree,Neither Agree nor Disagree,Agree,Neither Agree nor Disagree,Agree,Disagree,Neither Agree nor Disagree,Neither Agree nor Disagree,Neither Agree nor Disagree,Disagree,Neither Agree nor Disagree,Agree,Agree,Neither Agree nor Disagree,Agree,Strongly Agree,Agree,Disagree,Strongly Agree,Disagree,Strongly Agree,Disagree,Strongly Agree,Agree,Disagree,Strongly Agree,Strongly Agree,Strongly Agree,Strongly Agree,Strongly Agree,Strongly Agree,Often,Sometimes,Sometimes
9/19/2026 11:40:40,Software or digital monitoring only,Other,Less than 2 years,50 to 500 employees,Male,"Middle management (team lead, manager)",Strongly Agree,Neither Agree nor Disagree,Disagree,Disagree,Disagree,Disagree,Neither Agree nor Disagree,Neither Agree nor Disagree,Neither Agree nor Disagree,Disagree,Disagree,Disagree,Neither Agree nor Disagree,Neither Agree nor Disagree,Neither Agree nor Disagree,Neither Agree nor Disagree,Neither Agree nor Disagree,Strongly Agree,Strongly Disagree,Agree,Disagree,Strongly Agree,Strongly Disagree,Strongly Disagree,Disagree,Disagree,Disagree,Neither Agree nor Disagree,Disagree,Disagree,Disagree,Rarely,Rarely,Rarely
9/19/2026 11:41:09,Software or digital monitoring only,IT or Software Services,6 to 10 years,50 to 500 employees,Female,Senior leadership (director and above),Strongly Agree,Agree,Agree,Strongly Agree,Agree,Disagree,Neither Agree nor Disagree,Strongly Agree,Strongly Disagree,Strongly Disagree,Agree,Neither Agree nor Disagree,Agree,Agree,Agree,Strongly Agree,Agree,Disagree,Strongly Agree,Strongly Disagree,Strongly Agree,Strongly Disagree,Strongly Agree,Strongly Agree,Disagree,Strongly Agree,Strongly Agree,Strongly Agree,Strongly Agree,Strongly Agree,Strongly Agree,Sometimes,Often,Often
9/19/2026 11:41:39,Software or digital monitoring only,IT or Software Services,Less than 2 years,Fewer than 50 employees,Male,Individual contributor or entry level,Strongly Agree,Strongly Agree,Strongly Disagree,Agree,Neither Agree nor Disagree,Disagree,Agree,Neither Agree nor Disagree,Neither Agree nor Disagree,Agree,Agree,Neither Agree nor Disagree,Neither Agree nor Disagree,Disagree,Neither Agree nor Disagree,Disagree,Neither Agree nor Disagree,Neither Agree nor Disagree,Disagree,Agree,Disagree,Neither Agree nor Disagree,Disagree,Disagree,Disagree,Neither Agree nor Disagree,Neither Agree nor Disagree,Neither Agree nor Disagree,Neither Agree nor Disagree,Neither Agree nor Disagree,Disagree,Always,Often,Often
9/19/2026 11:42:14,Software or digital monitoring only,IT or Software Services,2 to 5 years,More than 500 employees,Female,Individual contributor or entry level,Neither Agree nor Disagree,Strongly Agree,Agree,Agree,Agree,Strongly Disagree,Agree,Agree,Neither Agree nor Disagree,Agree,Agree,Neither Agree nor Disagree,Neither Agree nor Disagree,Disagree,Disagree,Neither Agree nor Disagree,Disagree,Neither Agree nor Disagree,Disagree,Neither Agree nor Disagree,Disagree,Neither Agree nor Disagree,Neither Agree nor Disagree,Disagree,Disagree,Agree,Agree,Agree,Agree,Agree,Agree,Sometimes,Rarely,Rarely
9/19/2026 11:42:47,Both digital and physical monitoring,IT or Software Services,2 to 5 years,50 to 500 employees,Male,Individual contributor or entry level,Agree,Agree,Strongly Agree,Neither Agree nor Disagree,Agree,Neither Agree nor Disagree,Neither Agree nor Disagree,Agree,Neither Agree nor Disagree,Neither Agree nor Disagree,Agree,Agree,Disagree,Neither Agree nor Disagree,Neither Agree nor Disagree,Neither Agree nor Disagree,Neither Agree nor Disagree,Disagree,Disagree,Strongly Disagree,Agree,Neither Agree nor Disagree,Neither Agree nor Disagree,Agree,Disagree,Disagree,Neither Agree nor Disagree,Neither Agree nor Disagree,Neither Agree nor Disagree,Disagree,Agree,Often,Often,Often
9/19/2026 11:43:15,Software or digital monitoring only,Consulting,2 to 5 years,Fewer than 50 employees,Female,Individual contributor or entry level,Disagree,Disagree,Strongly Agree,Agree,Agree,Neither Agree nor Disagree,Agree,Neither Agree nor Disagree,Disagree,Disagree,Neither Agree nor Disagree,Neither Agree nor Disagree,Strongly Agree,Strongly Agree,Strongly Agree,Strongly Agree,Strongly Agree,Neither Agree nor Disagree,Agree,Disagree,Agree,Neither Agree nor Disagree,Neither Agree nor Disagree,Neither Agree nor Disagree,Disagree,Strongly Disagree,Neither Agree nor Disagree,Neither Agree nor Disagree,Disagree,Neither Agree nor Disagree,Neither Agree nor Disagree,Always,Always,Always
9/19/2026 11:43:47,I am not sure,BPO or ITES,6 to 10 years,50 to 500 employees,Non-binary or Other,"Middle management (team lead, manager)",Agree,Agree,Strongly Agree,Neither Agree nor Disagree,Disagree,Strongly Disagree,Disagree,Neither Agree nor Disagree,Disagree,Disagree,Disagree,Agree,Strongly Disagree,Disagree,Disagree,Strongly Disagree,Strongly Disagree,Agree,Neither Agree nor Disagree,Neither Agree nor Disagree,Neither Agree nor Disagree,Neither Agree nor Disagree,Disagree,Neither Agree nor Disagree,Disagree,Agree,Agree,Neither Agree nor Disagree,Agree,Neither Agree nor Disagree,Neither Agree nor Disagree,Rarely,Rarely,Sometimes
9/19/2026 11:44:18,Software or digital monitoring only,IT or Software Services,2 to 5 years,More than 500 employees,Female,"Middle management (team lead, manager)",Strongly Disagree,Agree,Neither Agree nor Disagree,Agree,Agree,Disagree,Neither Agree nor Disagree,Neither Agree nor Disagree,Neither Agree nor Disagree,Neither Agree nor Disagree,Neither Agree nor Disagree,Agree,Disagree,Disagree,Disagree,Disagree,Disagree,Neither Agree nor Disagree,Neither Agree nor Disagree,Agree,Disagree,Agree,Disagree,Disagree,Disagree,Disagree,Disagree,Disagree,Neither Agree nor Disagree,Disagree,Disagree,Rarely,Rarely,Rarely
9/19/2026 11:44:47,Software or digital monitoring only,IT or Software Services,Less than 2 years,50 to 500 employees,Female,"Middle management (team lead, manager)",Agree,Agree,Agree,Agree,Agree,Disagree,Agree,Neither Agree nor Disagree,Neither Agree nor Disagree,Agree,Neither Agree nor Disagree,Agree,Strongly Disagree,Strongly Disagree,Strongly Disagree,Strongly Disagree,Strongly Disagree,Strongly Agree,Strongly Disagree,Agree,Strongly Disagree,Strongly Agree,Strongly Disagree,Disagree,Disagree,Disagree,Strongly Disagree,Disagree,Strongly Disagree,Disagree,Disagree,Rarely,Rarely,Rarely
9/19/2026 11:45:26,"Physical monitoring only (CCTV, biometric access, desk-time tracking)",Other,Less than 2 years,50 to 500 employees,Male,Individual contributor or entry level,Agree,Agree,Neither Agree nor Disagree,Agree,Disagree,Disagree,Disagree,Neither Agree nor Disagree,Disagree,Disagree,Disagree,Disagree,Neither Agree nor Disagree,Disagree,Disagree,Neither Agree nor Disagree,Neither Agree nor Disagree,Agree,Disagree,Agree,Disagree,Agree,Neither Agree nor Disagree,Disagree,Disagree,Neither Agree nor Disagree,Disagree,Disagree,Neither Agree nor Disagree,Disagree,Neither Agree nor Disagree,Sometimes,Rarely,Sometimes
9/19/2026 11:46:01,Software or digital monitoring only,IT or Software Services,More than 10 years,More than 500 employees,Non-binary or Other,Individual contributor or entry level,Agree,Agree,Neither Agree nor Disagree,Strongly Agree,Strongly Agree,Disagree,Strongly Agree,Agree,Agree,Agree,Strongly Agree,Strongly Agree,Strongly Agree,Strongly Agree,Strongly Agree,Strongly Agree,Strongly Agree,Disagree,Agree,Disagree,Agree,Neither Agree nor Disagree,Neither Agree nor Disagree,Neither Agree nor Disagree,Neither Agree nor Disagree,Strongly Agree,Agree,Agree,Agree,Agree,Agree,Often,Always,Always
9/19/2026 11:46:41,Both digital and physical monitoring,IT or Software Services,6 to 10 years,Fewer than 50 employees,Male,Individual contributor or entry level,Neither Agree nor Disagree,Disagree,Strongly Disagree,Agree,Agree,Agree,Agree,Strongly Agree,Agree,Agree,Agree,Neither Agree nor Disagree,Strongly Disagree,Strongly Disagree,Strongly Disagree,Strongly Disagree,Strongly Disagree,Neither Agree nor Disagree,Strongly Disagree,Neither Agree nor Disagree,Strongly Disagree,Agree,Neither Agree nor Disagree,Disagree,Disagree,Strongly Disagree,Strongly Disagree,Disagree,Strongly Disagree,Strongly Disagree,Strongly Disagree,Sometimes,Rarely,Rarely
9/19/2026 11:47:25,Both digital and physical monitoring,IT or Software Services,More than 10 years,50 to 500 employees,Male,"Middle management (team lead, manager)",Neither Agree nor Disagree,Agree,Neither Agree nor Disagree,Strongly Agree,Agree,Strongly Agree,Strongly Agree,Agree,Neither Agree nor Disagree,Disagree,Neither Agree nor Disagree,Agree,Strongly Agree,Strongly Agree,Agree,Neither Agree nor Disagree,Neither Agree nor Disagree,Agree,Agree,Disagree,Neither Agree nor Disagree,Disagree,Neither Agree nor Disagree,Disagree,Disagree,Agree,Agree,Agree,Agree,Agree,Agree,Often,Sometimes,Often
9/19/2026 11:48:06,Software or digital monitoring only,BPO or ITES,2 to 5 years,More than 500 employees,Male,Individual contributor or entry level,Agree,Strongly Agree,Neither Agree nor Disagree,Agree,Agree,Disagree,Strongly Agree,Agree,Neither Agree nor Disagree,Strongly Disagree,Neither Agree nor Disagree,Neither Agree nor Disagree,Agree,Agree,Neither Agree nor Disagree,Agree,Agree,Disagree,Agree,Strongly Disagree,Strongly Agree,Strongly Disagree,Agree,Agree,Disagree,Agree,Strongly Agree,Strongly Agree,Strongly Agree,Strongly Agree,Agree,Always,Always,Always
9/19/2026 11:48:52,Software or digital monitoring only,Manufacturing or Other Corporate,Less than 2 years,50 to 500 employees,Male,"Middle management (team lead, manager)",Agree,Neither Agree nor Disagree,Strongly Disagree,Agree,Agree,Disagree,Neither Agree nor Disagree,Agree,Neither Agree nor Disagree,Agree,Disagree,Agree,Strongly Disagree,Strongly Disagree,Strongly Disagree,Strongly Disagree,Strongly Disagree,Strongly Agree,Strongly Disagree,Strongly Agree,Strongly Disagree,Strongly Agree,Strongly Disagree,Strongly Disagree,Disagree,Disagree,Disagree,Disagree,Strongly Disagree,Disagree,Neither Agree nor Disagree,Rarely,Rarely,Sometimes
9/19/2026 11:49:20,Software or digital monitoring only,Manufacturing or Other Corporate,Less than 2 years,50 to 500 employees,Non-binary or Other,Individual contributor or entry level,Agree,Agree,Strongly Disagree,Strongly Agree,Agree,Disagree,Agree,Agree,Agree,Neither Agree nor Disagree,Strongly Agree,Agree,Neither Agree nor Disagree,Neither Agree nor Disagree,Disagree,Disagree,Disagree,Agree,Disagree,Agree,Disagree,Neither Agree nor Disagree,Disagree,Disagree,Disagree,Neither Agree nor Disagree,Neither Agree nor Disagree,Neither Agree nor Disagree,Neither Agree nor Disagree,Neither Agree nor Disagree,Neither Agree nor Disagree,Always,Always,Often
9/19/2026 11:49:58,Software or digital monitoring only,Consulting,2 to 5 years,50 to 500 employees,Male,Individual contributor or entry level,Strongly Disagree,Strongly Agree,Agree,Agree,Strongly Agree,Disagree,Neither Agree nor Disagree,Agree,Strongly Disagree,Strongly Disagree,Neither Agree nor Disagree,Agree,Neither Agree nor Disagree,Agree,Agree,Agree,Agree,Neither Agree nor Disagree,Neither Agree nor Disagree,Neither Agree nor Disagree,Disagree,Disagree,Neither Agree nor Disagree,Agree,Disagree,Strongly Agree,Strongly Agree,Strongly Agree,Strongly Agree,Agree,Agree,Always,Often,Often
9/19/2026 11:50:49,Both digital and physical monitoring,IT or Software Services,2 to 5 years,More than 500 employees,Male,Individual contributor or entry level,Neither Agree nor Disagree,Neither Agree nor Disagree,Disagree,Neither Agree nor Disagree,Neither Agree nor Disagree,Neither Agree nor Disagree,Neither Agree nor Disagree,Agree,Agree,Strongly Disagree,Neither Agree nor Disagree,Neither Agree nor Disagree,Agree,Agree,Agree,Agree,Strongly Agree,Agree,Disagree,Agree,Disagree,Agree,Neither Agree nor Disagree,Disagree,Disagree,Disagree,Neither Agree nor Disagree,Disagree,Disagree,Neither Agree nor Disagree,Disagree,Often,Always,Always
9/19/2026 11:51:25,Both digital and physical monitoring,IT or Software Services,2 to 5 years,50 to 500 employees,Female,"Middle management (team lead, manager)",Strongly Agree,Agree,Neither Agree nor Disagree,Strongly Agree,Strongly Agree,Strongly Agree,Strongly Agree,Strongly Agree,Neither Agree nor Disagree,Disagree,Strongly Agree,Agree,Neither Agree nor Disagree,Disagree,Neither Agree nor Disagree,Disagree,Neither Agree nor Disagree,Disagree,Agree,Disagree,Neither Agree nor Disagree,Disagree,Agree,Agree,Disagree,Agree,Agree,Agree,Neither Agree nor Disagree,Agree,Neither Agree nor Disagree,Often,Always,Always
9/19/2026 11:52:10,Software or digital monitoring only,IT or Software Services,6 to 10 years,50 to 500 employees,Male,Senior leadership (director and above),Agree,Agree,Strongly Disagree,Strongly Agree,Strongly Agree,Disagree,Strongly Agree,Strongly Agree,Strongly Agree,Strongly Agree,Strongly Agree,Strongly Agree,Strongly Disagree,Strongly Disagree,Strongly Disagree,Strongly Disagree,Strongly Disagree,Strongly Agree,Strongly Disagree,Strongly Agree,Strongly Disagree,Strongly Agree,Strongly Disagree,Strongly Disagree,Disagree,Agree,Agree,Agree,Neither Agree nor Disagree,Neither Agree nor Disagree,Agree,Never,Never,Never
9/19/2026 11:52:58,Software or digital monitoring only,Consulting,6 to 10 years,More than 500 employees,Female,Individual contributor or entry level,Neither Agree nor Disagree,Neither Agree nor Disagree,Neither Agree nor Disagree,Agree,Neither Agree nor Disagree,Disagree,Strongly Agree,Neither Agree nor Disagree,Disagree,Neither Agree nor Disagree,Neither Agree nor Disagree,Agree,Neither Agree nor Disagree,Neither Agree nor Disagree,Agree,Neither Agree nor Disagree,Neither Agree nor Disagree,Agree,Disagree,Strongly Agree,Disagree,Neither Agree nor Disagree,Disagree,Strongly Disagree,Disagree,Neither Agree nor Disagree,Neither Agree nor Disagree,Disagree,Neither Agree nor Disagree,Neither Agree nor Disagree,Neither Agree nor Disagree,Sometimes,Often,Sometimes
9/19/2026 11:53:33,Software or digital monitoring only,IT or Software Services,2 to 5 years,More than 500 employees,Female,Individual contributor or entry level,Neither Agree nor Disagree,Strongly Agree,Strongly Disagree,Strongly Agree,Agree,Disagree,Agree,Agree,Agree,Agree,Agree,Agree,Strongly Disagree,Strongly Disagree,Strongly Disagree,Strongly Disagree,Strongly Disagree,Strongly Agree,Disagree,Strongly Agree,Strongly Disagree,Strongly Agree,Strongly Disagree,Strongly Disagree,Disagree,Neither Agree nor Disagree,Agree,Neither Agree nor Disagree,Agree,Neither Agree nor Disagree,Agree,Never,Rarely,Never
9/19/2026 11:54:11,Software or digital monitoring only,Manufacturing or Other Corporate,2 to 5 years,50 to 500 employees,Male,Individual contributor or entry level,Neither Agree nor Disagree,Strongly Agree,Neither Agree nor Disagree,Neither Agree nor Disagree,Neither Agree nor Disagree,Disagree,Neither Agree nor Disagree,Neither Agree nor Disagree,Strongly Disagree,Strongly Disagree,Disagree,Disagree,Agree,Agree,Agree,Neither Agree nor Disagree,Agree,Strongly Disagree,Neither Agree nor Disagree,Neither Agree nor Disagree,Neither Agree nor Disagree,Neither Agree nor Disagree,Neither Agree nor Disagree,Agree,Disagree,Neither Agree nor Disagree,Neither Agree nor Disagree,Neither Agree nor Disagree,Neither Agree nor Disagree,Disagree,Disagree,Sometimes,Sometimes,Sometimes
9/19/2026 11:54:52,"Physical monitoring only (CCTV, biometric access, desk-time tracking)",BPO or ITES,2 to 5 years,More than 500 employees,Male,"Middle management (team lead, manager)",Strongly Agree,Agree,Strongly Disagree,Neither Agree nor Disagree,Strongly Disagree,Neither Agree nor Disagree,Disagree,Neither Agree nor Disagree,Disagree,Strongly Disagree,Agree,Neither Agree nor Disagree,Neither Agree nor Disagree,Agree,Neither Agree nor Disagree,Neither Agree nor Disagree,Neither Agree nor Disagree,Disagree,Agree,Strongly Disagree,Strongly Agree,Disagree,Agree,Agree,Disagree,Neither Agree nor Disagree,Agree,Agree,Neither Agree nor Disagree,Agree,Agree,Often,Often,Often
9/19/2026 11:55:52,I am not sure,BPO or ITES,6 to 10 years,More than 500 employees,Male,"Middle management (team lead, manager)",Agree,Agree,Neither Agree nor Disagree,Agree,Strongly Disagree,Disagree,Neither Agree nor Disagree,Neither Agree nor Disagree,Agree,Neither Agree nor Disagree,Neither Agree nor Disagree,Neither Agree nor Disagree,Disagree,Disagree,Disagree,Disagree,Disagree,Disagree,Neither Agree nor Disagree,Agree,Neither Agree nor Disagree,Neither Agree nor Disagree,Neither Agree nor Disagree,Neither Agree nor Disagree,Disagree,Agree,Agree,Agree,Agree,Strongly Agree,Agree,Often,Often,Often
9/19/2026 11:56:37,Software or digital monitoring only,Manufacturing or Other Corporate,2 to 5 years,50 to 500 employees,Female,Individual contributor or entry level,Disagree,Agree,Neither Agree nor Disagree,Agree,Agree,Strongly Disagree,Agree,Neither Agree nor Disagree,Neither Agree nor Disagree,Neither Agree nor Disagree,Neither Agree nor Disagree,Disagree,Strongly Disagree,Strongly Disagree,Disagree,Strongly Disagree,Disagree,Neither Agree nor Disagree,Disagree,Agree,Disagree,Disagree,Disagree,Disagree,Disagree,Strongly Disagree,Neither Agree nor Disagree,Disagree,Neither Agree nor Disagree,Disagree,Neither Agree nor Disagree,Sometimes,Sometimes,Sometimes
9/19/2026 11:57:23,Software or digital monitoring only,BPO or ITES,Less than 2 years,50 to 500 employees,Male,Individual contributor or entry level,Strongly Agree,Neither Agree nor Disagree,Disagree,Strongly Agree,Agree,Strongly Disagree,Strongly Agree,Strongly Agree,Neither Agree nor Disagree,Disagree,Agree,Strongly Agree,Disagree,Agree,Neither Agree nor Disagree,Neither Agree nor Disagree,Agree,Disagree,Agree,Disagree,Agree,Disagree,Neither Agree nor Disagree,Neither Agree nor Disagree,Disagree,Agree,Strongly Agree,Strongly Agree,Agree,Strongly Agree,Agree,Always,Often,Often
9/19/2026 11:58:11,Both digital and physical monitoring,IT or Software Services,6 to 10 years,Fewer than 50 employees,Female,Individual contributor or entry level,Agree,Agree,Disagree,Agree,Neither Agree nor Disagree,Neither Agree nor Disagree,Neither Agree nor Disagree,Disagree,Neither Agree nor Disagree,Neither Agree nor Disagree,Strongly Disagree,Neither Agree nor Disagree,Disagree,Neither Agree nor Disagree,Neither Agree nor Disagree,Disagree,Neither Agree nor Disagree,Agree,Strongly Disagree,Agree,Strongly Disagree,Agree,Disagree,Disagree,Disagree,Disagree,Disagree,Disagree,Strongly Disagree,Neither Agree nor Disagree,Disagree,Sometimes,Sometimes,Sometimes
9/19/2026 11:59:11,"Physical monitoring only (CCTV, biometric access, desk-time tracking)",IT or Software Services,2 to 5 years,50 to 500 employees,Female,Individual contributor or entry level,Agree,Neither Agree nor Disagree,Agree,Neither Agree nor Disagree,Disagree,Disagree,Disagree,Disagree,Agree,Agree,Disagree,Disagree,Strongly Disagree,Strongly Disagree,Strongly Disagree,Strongly Disagree,Strongly Disagree,Agree,Neither Agree nor Disagree,Agree,Strongly Disagree,Agree,Disagree,Disagree,Disagree,Agree,Agree,Strongly Agree,Neither Agree nor Disagree,Agree,Agree,Rarely,Rarely,Sometimes
9/19/2026 11:59:55,Software or digital monitoring only,IT or Software Services,2 to 5 years,50 to 500 employees,Female,"Middle management (team lead, manager)",Agree,Strongly Agree,Disagree,Agree,Neither Agree nor Disagree,Strongly Disagree,Neither Agree nor Disagree,Neither Agree nor Disagree,Strongly Disagree,Disagree,Neither Agree nor Disagree,Agree,Neither Agree nor Disagree,Neither Agree nor Disagree,Neither Agree nor Disagree,Neither Agree nor Disagree,Neither Agree nor Disagree,Neither Agree nor Disagree,Neither Agree nor Disagree,Neither Agree nor Disagree,Disagree,Neither Agree nor Disagree,Disagree,Disagree,Disagree,Neither Agree nor Disagree,Neither Agree nor Disagree,Neither Agree nor Disagree,Neither Agree nor Disagree,Neither Agree nor Disagree,Neither Agree nor Disagree,Sometimes,Sometimes,Sometimes
9/19/2026 12:00:53,"Physical monitoring only (CCTV, biometric access, desk-time tracking)",Other,6 to 10 years,50 to 500 employees,Female,Individual contributor or entry level,Agree,Strongly Agree,Agree,Agree,Disagree,Neither Agree nor Disagree,Agree,Neither Agree nor Disagree,Agree,Disagree,Neither Agree nor Disagree,Agree,Disagree,Neither Agree nor Disagree,Neither Agree nor Disagree,Neither Agree nor Disagree,Neither Agree nor Disagree,Neither Agree nor Disagree,Neither Agree nor Disagree,Disagree,Neither Agree nor Disagree,Neither Agree nor Disagree,Disagree,Neither Agree nor Disagree,Disagree,Agree,Agree,Agree,Agree,Agree,Agree,Sometimes,Often,Sometimes
9/19/2026 12:01:42,Software or digital monitoring only,IT or Software Services,Less than 2 years,50 to 500 employees,Male,Individual contributor or entry level,Disagree,Neither Agree nor Disagree,Strongly Disagree,Strongly Agree,Strongly Agree,Disagree,Agree,Strongly Agree,Agree,Agree,Strongly Agree,Strongly Agree,Strongly Disagree,Strongly Disagree,Strongly Disagree,Strongly Disagree,Strongly Disagree,Strongly Agree,Strongly Disagree,Agree,Strongly Disagree,Agree,Strongly Disagree,Disagree,Disagree,Strongly Disagree,Strongly Disagree,Disagree,Strongly Disagree,Strongly Disagree,Strongly Disagree,Rarely,Sometimes,Sometimes
9/19/2026 12:02:42,Software or digital monitoring only,IT or Software Services,6 to 10 years,50 to 500 employees,Male,"Middle management (team lead, manager)",Strongly Agree,Strongly Agree,Disagree,Agree,Strongly Agree,Disagree,Strongly Agree,Strongly Agree,Strongly Agree,Strongly Agree,Agree,Agree,Disagree,Neither Agree nor Disagree,Disagree,Disagree,Disagree,Strongly Agree,Strongly Disagree,Strongly Agree,Strongly Disagree,Agree,Disagree,Strongly Disagree,Disagree,Disagree,Neither Agree nor Disagree,Disagree,Strongly Disagree,Disagree,Disagree,Never,Never,Never
9/19/2026 12:03:48,Both digital and physical monitoring,IT or Software Services,2 to 5 years,More than 500 employees,Female,"Middle management (team lead, manager)",Agree,Agree,Neither Agree nor Disagree,Strongly Agree,Agree,Agree,Agree,Strongly Agree,Agree,Neither Agree nor Disagree,Agree,Agree,Agree,Agree,Agree,Agree,Agree,Neither Agree nor Disagree,Disagree,Agree,Neither Agree nor Disagree,Neither Agree nor Disagree,Disagree,Disagree,Disagree,Neither Agree nor Disagree,Disagree,Disagree,Disagree,Disagree,Disagree,Often,Often,Sometimes
9/19/2026 12:05:03,Software or digital monitoring only,IT or Software Services,Less than 2 years,Fewer than 50 employees,Male,Individual contributor or entry level,Neither Agree nor Disagree,Neither Agree nor Disagree,Neither Agree nor Disagree,Agree,Agree,Disagree,Strongly Agree,Agree,Disagree,Disagree,Agree,Strongly Agree,Neither Agree nor Disagree,Agree,Neither Agree nor Disagree,Neither Agree nor Disagree,Agree,Neither Agree nor Disagree,Neither Agree nor Disagree,Neither Agree nor Disagree,Neither Agree nor Disagree,Neither Agree nor Disagree,Agree,Neither Agree nor Disagree,Disagree,Neither Agree nor Disagree,Agree,Agree,Agree,Agree,Agree,Always,Always,Often
9/19/2026 12:06:12,"Physical monitoring only (CCTV, biometric access, desk-time tracking)",IT or Software Services,6 to 10 years,50 to 500 employees,Female,"Middle management (team lead, manager)",Neither Agree nor Disagree,Neither Agree nor Disagree,Disagree,Strongly Disagree,Disagree,Strongly Disagree,Strongly Disagree,Strongly Disagree,Strongly Disagree,Strongly Disagree,Strongly Disagree,Strongly Disagree,Disagree,Disagree,Strongly Disagree,Disagree,Disagree,Disagree,Neither Agree nor Disagree,Neither Agree nor Disagree,Agree,Neither Agree nor Disagree,Neither Agree nor Disagree,Agree,Disagree,Neither Agree nor Disagree,Disagree,Neither Agree nor Disagree,Neither Agree nor Disagree,Disagree,Neither Agree nor Disagree,Sometimes,Often,Sometimes
9/19/2026 12:07:34,Both digital and physical monitoring,BPO or ITES,2 to 5 years,50 to 500 employees,Male,Individual contributor or entry level,Agree,Strongly Agree,Neither Agree nor Disagree,Agree,Neither Agree nor Disagree,Neither Agree nor Disagree,Agree,Agree,Neither Agree nor Disagree,Neither Agree nor Disagree,Neither Agree nor Disagree,Agree,Neither Agree nor Disagree,Neither Agree nor Disagree,Disagree,Disagree,Neither Agree nor Disagree,Agree,Disagree,Agree,Disagree,Agree,Disagree,Strongly Disagree,Disagree,Strongly Disagree,Strongly Disagree,Disagree,Strongly Disagree,Disagree,Disagree,Rarely,Rarely,Rarely
9/19/2026 12:08:58,Software or digital monitoring only,Consulting,More than 10 years,50 to 500 employees,Female,"Middle management (team lead, manager)",Agree,Agree,Neither Agree nor Disagree,Strongly Agree,Agree,Disagree,Strongly Agree,Agree,Disagree,Disagree,Agree,Agree,Strongly Agree,Strongly Agree,Strongly Agree,Strongly Agree,Strongly Agree,Strongly Disagree,Strongly Agree,Strongly Disagree,Strongly Agree,Strongly Disagree,Strongly Agree,Strongly Agree,Disagree,Strongly Agree,Strongly Agree,Strongly Agree,Strongly Agree,Strongly Agree,Strongly Agree,Always,Often,Often
9/19/2026 12:10:09,Both digital and physical monitoring,Consulting,2 to 5 years,50 to 500 employees,Female,Individual contributor or entry level,Neither Agree nor Disagree,Agree,Neither Agree nor Disagree,Agree,Agree,Strongly Agree,Agree,Strongly Agree,Neither Agree nor Disagree,Agree,Agree,Agree,Disagree,Disagree,Disagree,Disagree,Disagree,Neither Agree nor Disagree,Neither Agree nor Disagree,Neither Agree nor Disagree,Disagree,Neither Agree nor Disagree,Neither Agree nor Disagree,Disagree,Disagree,Neither Agree nor Disagree,Agree,Neither Agree nor Disagree,Agree,Neither Agree nor Disagree,Neither Agree nor Disagree,Rarely,Rarely,Sometimes
9/19/2026 12:11:26,Software or digital monitoring only,Manufacturing or Other Corporate,2 to 5 years,More than 500 employees,Female,Individual contributor or entry level,Neither Agree nor Disagree,Agree,Disagree,Agree,Neither Agree nor Disagree,Disagree,Neither Agree nor Disagree,Neither Agree nor Disagree,Agree,Agree,Disagree,Neither Agree nor Disagree,Neither Agree nor Disagree,Neither Agree nor Disagree,Neither Agree nor Disagree,Neither Agree nor Disagree,Disagree,Neither Agree nor Disagree,Neither Agree nor Disagree,Neither Agree nor Disagree,Disagree,Neither Agree nor Disagree,Agree,Neither Agree nor Disagree,Disagree,Neither Agree nor Disagree,Disagree,Neither Agree nor Disagree,Disagree,Neither Agree nor Disagree,Neither Agree nor Disagree,Sometimes,Sometimes,Sometimes
9/19/2026 12:12:35,Both digital and physical monitoring,IT or Software Services,6 to 10 years,Fewer than 50 employees,Female,Individual contributor or entry level,Agree,Agree,Neither Agree nor Disagree,Agree,Agree,Strongly Agree,Agree,Agree,Neither Agree nor Disagree,Agree,Agree,Agree,Strongly Agree,Strongly Agree,Agree,Agree,Agree,Neither Agree nor Disagree,Neither Agree nor Disagree,Neither Agree nor Disagree,Neither Agree nor Disagree,Neither Agree nor Disagree,Neither Agree nor Disagree,Agree,Disagree,Neither Agree nor Disagree,Neither Agree nor Disagree,Neither Agree nor Disagree,Agree,Disagree,Neither Agree nor Disagree,Often,Often,Often
9/19/2026 12:13:41,Software or digital monitoring only,IT or Software Services,6 to 10 years,More than 500 employees,Male,Senior leadership (director and above),Agree,Agree,Neither Agree nor Disagree,Agree,Agree,Disagree,Neither Agree nor Disagree,Strongly Agree,Agree,Agree,Agree,Agree,Neither Agree nor Disagree,Neither Agree nor Disagree,Disagree,Neither Agree nor Disagree,Disagree,Agree,Disagree,Agree,Neither Agree nor Disagree,Agree,Disagree,Disagree,Disagree,Disagree,Neither Agree nor Disagree,Disagree,Neither Agree nor Disagree,Neither Agree nor Disagree,Neither Agree nor Disagree,Rarely,Rarely,Rarely
9/19/2026 12:14:41,Software or digital monitoring only,Consulting,6 to 10 years,50 to 500 employees,Prefer not to say,Individual contributor or entry level,Agree,Neither Agree nor Disagree,Neither Agree nor Disagree,Neither Agree nor Disagree,Neither Agree nor Disagree,Disagree,Disagree,Neither Agree nor Disagree,Agree,Neither Agree nor Disagree,Neither Agree nor Disagree,Disagree,Agree,Agree,Neither Agree nor Disagree,Agree,Agree,Disagree,Neither Agree nor Disagree,Neither Agree nor Disagree,Neither Agree nor Disagree,Disagree,Neither Agree nor Disagree,Neither Agree nor Disagree,Disagree,Neither Agree nor Disagree,Neither Agree nor Disagree,Agree,Agree,Neither Agree nor Disagree,Neither Agree nor Disagree,Rarely,Rarely,Never
9/19/2026 12:15:38,Both digital and physical monitoring,IT or Software Services,2 to 5 years,50 to 500 employees,Male,"Middle management (team lead, manager)",Strongly Agree,Strongly Agree,Strongly Agree,Agree,Strongly Agree,Agree,Strongly Agree,Agree,Neither Agree nor Disagree,Neither Agree nor Disagree,Agree,Agree,Strongly Agree,Strongly Agree,Strongly Agree,Strongly Agree,Strongly Agree,Neither Agree nor Disagree,Agree,Disagree,Agree,Disagree,Agree,Agree,Disagree,Strongly Agree,Agree,Strongly Agree,Strongly Agree,Agree,Strongly Agree,Always,Often,Often
9/19/2026 12:16:48,Software or digital monitoring only,IT or Software Services,2 to 5 years,50 to 500 employees,Male,Individual contributor or entry level,Neither Agree nor Disagree,Agree,Disagree,Neither Agree nor Disagree,Agree,Strongly Disagree,Agree,Neither Agree nor Disagree,Disagree,Disagree,Neither Agree nor Disagree,Agree,Strongly Disagree,Disagree,Neither Agree nor Disagree,Disagree,Strongly Disagree,Neither Agree nor Disagree,Agree,Neither Agree nor Disagree,Neither Agree nor Disagree,Neither Agree nor Disagree,Disagree,Disagree,Disagree,Strongly Agree,Strongly Agree,Agree,Strongly Agree,Strongly Agree,Strongly Agree,Never,Never,Never
9/21/2026 16:06:55,Software or digital monitoring only,IT or Software Services,2 to 5 years,More than 500 employees,Male,Individual contributor or entry level,Agree,Agree,Agree,Agree,Disagree,Disagree,Neither Agree nor Disagree,Disagree,Strongly Disagree,Strongly Disagree,Neither Agree nor Disagree,Disagree,Agree,Strongly Agree,Agree,Agree,Neither Agree nor Disagree,Strongly Disagree,Strongly Agree,Strongly Disagree,Strongly Agree,Disagree,Agree,Strongly Agree,Disagree,Neither Agree nor Disagree,Agree,Neither Agree nor Disagree,Agree,Neither Agree nor Disagree,Agree,Sometimes,Sometimes,Sometimes
9/21/2026 16:07:20,Both digital and physical monitoring,BPO or ITES,6 to 10 years,More than 500 employees,Male,Individual contributor or entry level,Strongly Agree,Disagree,Neither Agree nor Disagree,Agree,Agree,Strongly Agree,Agree,Neither Agree nor Disagree,Neither Agree nor Disagree,Neither Agree nor Disagree,Strongly Agree,Agree,Agree,Neither Agree nor Disagree,Neither Agree nor Disagree,Neither Agree nor Disagree,Neither Agree nor Disagree,Neither Agree nor Disagree,Agree,Strongly Disagree,Agree,Disagree,Agree,Agree,Disagree,Disagree,Neither Agree nor Disagree,Disagree,Disagree,Neither Agree nor Disagree,Neither Agree nor Disagree,Often,Sometimes,Sometimes
9/21/2026 16:07:54,Both digital and physical monitoring,IT or Software Services,Less than 2 years,50 to 500 employees,Female,Individual contributor or entry level,Agree,Agree,Neither Agree nor Disagree,Agree,Strongly Agree,Strongly Agree,Strongly Agree,Strongly Agree,Neither Agree nor Disagree,Neither Agree nor Disagree,Agree,Agree,Neither Agree nor Disagree,Neither Agree nor Disagree,Neither Agree nor Disagree,Disagree,Disagree,Neither Agree nor Disagree,Agree,Disagree,Neither Agree nor Disagree,Neither Agree nor Disagree,Neither Agree nor Disagree,Agree,Disagree,Neither Agree nor Disagree,Neither Agree nor Disagree,Disagree,Neither Agree nor Disagree,Disagree,Disagree,Sometimes,Often,Often
9/21/2026 16:08:21,Software or digital monitoring only,IT or Software Services,2 to 5 years,More than 500 employees,Female,Individual contributor or entry level,Strongly Agree,Agree,Disagree,Strongly Agree,Agree,Strongly Disagree,Neither Agree nor Disagree,Agree,Agree,Neither Agree nor Disagree,Agree,Agree,Disagree,Disagree,Disagree,Disagree,Disagree,Neither Agree nor Disagree,Disagree,Agree,Neither Agree nor Disagree,Neither Agree nor Disagree,Neither Agree nor Disagree,Strongly Disagree,Disagree,Neither Agree nor Disagree,Neither Agree nor Disagree,Neither Agree nor Disagree,Agree,Agree,Agree,Never,Rarely,Rarely
9/21/2026 16:08:54,"Physical monitoring only (CCTV, biometric access, desk-time tracking)",IT or Software Services,2 to 5 years,50 to 500 employees,Male,Senior leadership (director and above),Disagree,Strongly Agree,Strongly Disagree,Strongly Agree,Neither Agree nor Disagree,Agree,Strongly Agree,Agree,Strongly Disagree,Disagree,Neither Agree nor Disagree,Agree,Strongly Agree,Agree,Strongly Agree,Agree,Strongly Agree,Neither Agree nor Disagree,Neither Agree nor Disagree,Neither Agree nor Disagree,Neither Agree nor Disagree,Neither Agree nor Disagree,Agree,Agree,Disagree,Disagree,Neither Agree nor Disagree,Disagree,Disagree,Disagree,Disagree,Often,Always,Often
9/21/2026 16:09:25,Software or digital monitoring only,IT or Software Services,2 to 5 years,50 to 500 employees,Female,Senior leadership (director and above),Agree,Neither Agree nor Disagree,Strongly Agree,Strongly Agree,Agree,Disagree,Neither Agree nor Disagree,Strongly Agree,Agree,Strongly Agree,Neither Agree nor Disagree,Agree,Agree,Agree,Agree,Strongly Agree,Agree,Disagree,Neither Agree nor Disagree,Disagree,Agree,Neither Agree nor Disagree,Agree,Agree,Disagree,Strongly Agree,Strongly Agree,Strongly Agree,Strongly Agree,Agree,Strongly Agree,Sometimes,Sometimes,Rarely
9/21/2026 16:09:48,Software or digital monitoring only,Consulting,Less than 2 years,Fewer than 50 employees,Female,"Middle management (team lead, manager)",Strongly Agree,Neither Agree nor Disagree,Strongly Disagree,Neither Agree nor Disagree,Strongly Agree,Disagree,Neither Agree nor Disagree,Neither Agree nor Disagree,Neither Agree nor Disagree,Neither Agree nor Disagree,Neither Agree nor Disagree,Neither Agree nor Disagree,Strongly Disagree,Strongly Disagree,Strongly Disagree,Strongly Disagree,Strongly Disagree,Strongly Agree,Strongly Disagree,Strongly Agree,Strongly Disagree,Strongly Agree,Strongly Disagree,Strongly Disagree,Disagree,Strongly Disagree,Strongly Disagree,Disagree,Disagree,Disagree,Strongly Disagree,Never,Never,Never
9/21/2026 16:10:19,Software or digital monitoring only,BPO or ITES,2 to 5 years,Fewer than 50 employees,Male,"Middle management (team lead, manager)",Strongly Agree,Neither Agree nor Disagree,Disagree,Disagree,Agree,Strongly Disagree,Neither Agree nor Disagree,Neither Agree nor Disagree,Neither Agree nor Disagree,Strongly Disagree,Disagree,Neither Agree nor Disagree,Neither Agree nor Disagree,Neither Agree nor Disagree,Neither Agree nor Disagree,Neither Agree nor Disagree,Neither Agree nor Disagree,Agree,Neither Agree nor Disagree,Agree,Strongly Disagree,Agree,Disagree,Disagree,Disagree,Disagree,Disagree,Neither Agree nor Disagree,Disagree,Disagree,Neither Agree nor Disagree,Rarely,Rarely,Rarely
9/21/2026 16:10:52,Software or digital monitoring only,IT or Software Services,Less than 2 years,More than 500 employees,Male,Individual contributor or entry level,Neither Agree nor Disagree,Agree,Agree,Strongly Agree,Agree,Disagree,Agree,Agree,Disagree,Neither Agree nor Disagree,Agree,Agree,Disagree,Neither Agree nor Disagree,Neither Agree nor Disagree,Neither Agree nor Disagree,Neither Agree nor Disagree,Neither Agree nor Disagree,Disagree,Neither Agree nor Disagree,Neither Agree nor Disagree,Neither Agree nor Disagree,Disagree,Disagree,Disagree,Agree,Strongly Agree,Agree,Agree,Agree,Strongly Agree,Sometimes,Sometimes,Sometimes
9/21/2026 16:11:25,Software or digital monitoring only,Consulting,Less than 2 years,More than 500 employees,Male,Individual contributor or entry level,Strongly Agree,Strongly Disagree,Neither Agree nor Disagree,Agree,Neither Agree nor Disagree,Disagree,Disagree,Agree,Disagree,Disagree,Neither Agree nor Disagree,Neither Agree nor Disagree,Neither Agree nor Disagree,Neither Agree nor Disagree,Neither Agree nor Disagree,Neither Agree nor Disagree,Agree,Neither Agree nor Disagree,Neither Agree nor Disagree,Neither Agree nor Disagree,Neither Agree nor Disagree,Disagree,Neither Agree nor Disagree,Neither Agree nor Disagree,Disagree,Neither Agree nor Disagree,Neither Agree nor Disagree,Neither Agree nor Disagree,Disagree,Disagree,Neither Agree nor Disagree,Sometimes,Rarely,Rarely
9/21/2026 16:12:00,"Physical monitoring only (CCTV, biometric access, desk-time tracking)",IT or Software Services,Less than 2 years,More than 500 employees,Male,Individual contributor or entry level,Neither Agree nor Disagree,Strongly Agree,Agree,Neither Agree nor Disagree,Strongly Disagree,Neither Agree nor Disagree,Neither Agree nor Disagree,Agree,Neither Agree nor Disagree,Neither Agree nor Disagree,Agree,Neither Agree nor Disagree,Agree,Neither Agree nor Disagree,Neither Agree nor Disagree,Agree,Neither Agree nor Disagree,Neither Agree nor Disagree,Agree,Neither Agree nor Disagree,Neither Agree nor Disagree,Neither Agree nor Disagree,Agree,Neither Agree nor Disagree,Disagree,Agree,Agree,Agree,Strongly Agree,Agree,Agree,Sometimes,Sometimes,Often
9/21/2026 16:12:37,Both digital and physical monitoring,Other,Less than 2 years,50 to 500 employees,Male,Individual contributor or entry level,Neither Agree nor Disagree,Strongly Agree,Neither Agree nor Disagree,Neither Agree nor Disagree,Neither Agree nor Disagree,Neither Agree nor Disagree,Agree,Neither Agree nor Disagree,Strongly Disagree,Strongly Disagree,Neither Agree nor Disagree,Neither Agree nor Disagree,Agree,Agree,Neither Agree nor Disagree,Neither Agree nor Disagree,Neither Agree nor Disagree,Disagree,Neither Agree nor Disagree,Disagree,Neither Agree nor Disagree,Disagree,Neither Agree nor Disagree,Neither Agree nor Disagree,Disagree,Agree,Agree,Neither Agree nor Disagree,Agree,Neither Agree nor Disagree,Agree,Sometimes,Often,Often
9/21/2026 16:13:09,Software or digital monitoring only,IT or Software Services,6 to 10 years,50 to 500 employees,Female,Individual contributor or entry level,Strongly Agree,Strongly Agree,Strongly Disagree,Agree,Agree,Strongly Disagree,Strongly Agree,Agree,Strongly Agree,Strongly Agree,Agree,Agree,Disagree,Neither Agree nor Disagree,Neither Agree nor Disagree,Disagree,Disagree,Agree,Disagree,Agree,Disagree,Agree,Strongly Disagree,Strongly Disagree,Disagree,Strongly Disagree,Strongly Disagree,Disagree,Strongly Disagree,Disagree,Disagree,Rarely,Never,Never
9/21/2026 16:13:43,Software or digital monitoring only,Consulting,Less than 2 years,50 to 500 employees,Female,"Middle management (team lead, manager)",Strongly Agree,Strongly Agree,Disagree,Agree,Strongly Agree,Disagree,Agree,Agree,Agree,Agree,Agree,Strongly Agree,Agree,Disagree,Disagree,Neither Agree nor Disagree,Disagree,Neither Agree nor Disagree,Disagree,Neither Agree nor Disagree,Disagree,Neither Agree nor Disagree,Neither Agree nor Disagree,Disagree,Disagree,Neither Agree nor Disagree,Agree,Agree,Agree,Agree,Neither Agree nor Disagree,Sometimes,Sometimes,Sometimes
9/21/2026 16:14:21,Both digital and physical monitoring,IT or Software Services,Less than 2 years,50 to 500 employees,Male,"Middle management (team lead, manager)",Neither Agree nor Disagree,Strongly Agree,Disagree,Strongly Agree,Strongly Agree,Strongly Agree,Strongly Agree,Strongly Agree,Strongly Agree,Strongly Agree,Strongly Agree,Strongly Agree,Strongly Disagree,Disagree,Strongly Disagree,Strongly Disagree,Disagree,Strongly Agree,Strongly Disagree,Strongly Agree,Strongly Disagree,Strongly Agree,Strongly Disagree,Strongly Disagree,Disagree,Neither Agree nor Disagree,Disagree,Neither Agree nor Disagree,Neither Agree nor Disagree,Neither Agree nor Disagree,Disagree,Never,Never,Never
9/21/2026 16:14:59,Both digital and physical monitoring,BPO or ITES,6 to 10 years,Fewer than 50 employees,Prefer not to say,Individual contributor or entry level,Disagree,Neither Agree nor Disagree,Strongly Disagree,Neither Agree nor Disagree,Neither Agree nor Disagree,Neither Agree nor Disagree,Neither Agree nor Disagree,Neither Agree nor Disagree,Neither Agree nor Disagree,Strongly Disagree,Neither Agree nor Disagree,Disagree,Neither Agree nor Disagree,Neither Agree nor Disagree,Agree,Neither Agree nor Disagree,Neither Agree nor Disagree,Neither Agree nor Disagree,Agree,Agree,Neither Agree nor Disagree,Disagree,Agree,Neither Agree nor Disagree,Disagree,Disagree,Neither Agree nor Disagree,Agree,Neither Agree nor Disagree,Agree,Agree,Sometimes,Sometimes,Sometimes
9/21/2026 16:15:41,Both digital and physical monitoring,IT or Software Services,More than 10 years,More than 500 employees,Male,Individual contributor or entry level,Strongly Agree,Neither Agree nor Disagree,Disagree,Agree,Disagree,Neither Agree nor Disagree,Neither Agree nor Disagree,Disagree,Strongly Disagree,Strongly Disagree,Neither Agree nor Disagree,Neither Agree nor Disagree,Disagree,Disagree,Disagree,Strongly Disagree,Strongly Disagree,Disagree,Strongly Agree,Neither Agree nor Disagree,Agree,Disagree,Agree,Agree,Disagree,Neither Agree nor Disagree,Neither Agree nor Disagree,Neither Agree nor Disagree,Disagree,Disagree,Neither Agree nor Disagree,Sometimes,Sometimes,Sometimes
9/21/2026 16:16:27,Both digital and physical monitoring,IT or Software Services,6 to 10 years,Fewer than 50 employees,Female,Individual contributor or entry level,Agree,Disagree,Agree,Neither Agree nor Disagree,Neither Agree nor Disagree,Agree,Strongly Agree,Agree,Agree,Neither Agree nor Disagree,Neither Agree nor Disagree,Neither Agree nor Disagree,Disagree,Agree,Neither Agree nor Disagree,Neither Agree nor Disagree,Neither Agree nor Disagree,Strongly Disagree,Strongly Agree,Strongly Disagree,Strongly Agree,Strongly Disagree,Strongly Agree,Strongly Agree,Disagree,Disagree,Agree,Agree,Strongly Agree,Neither Agree nor Disagree,Agree,Always,Always,Always
9/21/2026 16:17:07,Software or digital monitoring only,IT or Software Services,6 to 10 years,50 to 500 employees,Female,Individual contributor or entry level,Strongly Agree,Agree,Strongly Disagree,Agree,Strongly Agree,Strongly Disagree,Agree,Agree,Disagree,Disagree,Agree,Agree,Neither Agree nor Disagree,Neither Agree nor Disagree,Agree,Neither Agree nor Disagree,Neither Agree nor Disagree,Agree,Disagree,Neither Agree nor Disagree,Neither Agree nor Disagree,Neither Agree nor Disagree,Neither Agree nor Disagree,Agree,Disagree,Neither Agree nor Disagree,Neither Agree nor Disagree,Agree,Neither Agree nor Disagree,Neither Agree nor Disagree,Neither Agree nor Disagree,Sometimes,Often,Rarely
9/21/2026 16:17:55,Software or digital monitoring only,IT or Software Services,6 to 10 years,More than 500 employees,Male,"Middle management (team lead, manager)",Agree,Agree,Agree,Agree,Agree,Strongly Disagree,Neither Agree nor Disagree,Neither Agree nor Disagree,Disagree,Neither Agree nor Disagree,Neither Agree nor Disagree,Agree,Strongly Disagree,Disagree,Disagree,Disagree,Disagree,Neither Agree nor Disagree,Agree,Agree,Disagree,Neither Agree nor Disagree,Neither Agree nor Disagree,Neither Agree nor Disagree,Disagree,Strongly Agree,Strongly Agree,Strongly Agree,Strongly Agree,Strongly Agree,Strongly Agree,Often,Often,Sometimes
9/21/2026 16:18:47,Software or digital monitoring only,IT or Software Services,6 to 10 years,50 to 500 employees,Female,Individual contributor or entry level,Agree,Strongly Agree,Neither Agree nor Disagree,Agree,Agree,Strongly Disagree,Neither Agree nor Disagree,Neither Agree nor Disagree,Neither Agree nor Disagree,Disagree,Neither Agree nor Disagree,Neither Agree nor Disagree,Disagree,Neither Agree nor Disagree,Strongly Disagree,Strongly Disagree,Neither Agree nor Disagree,Agree,Strongly Disagree,Agree,Disagree,Strongly Agree,Disagree,Strongly Disagree,Disagree,Strongly Agree,Strongly Agree,Agree,Agree,Agree,Agree,Never,Rarely,Rarely
9/21/2026 16:19:25,Both digital and physical monitoring,Consulting,2 to 5 years,More than 500 employees,Female,"Middle management (team lead, manager)",Agree,Neither Agree nor Disagree,Disagree,Agree,Neither Agree nor Disagree,Neither Agree nor Disagree,Neither Agree nor Disagree,Neither Agree nor Disagree,Strongly Agree,Strongly Agree,Disagree,Neither Agree nor Disagree,Agree,Agree,Agree,Agree,Agree,Neither Agree nor Disagree,Neither Agree nor Disagree,Neither Agree nor Disagree,Neither Agree nor Disagree,Neither Agree nor Disagree,Disagree,Neither Agree nor Disagree,Disagree,Disagree,Disagree,Disagree,Disagree,Disagree,Disagree,Sometimes,Rarely,Rarely
9/21/2026 16:20:12,Both digital and physical monitoring,IT or Software Services,Less than 2 years,More than 500 employees,Female,Individual contributor or entry level,Disagree,Neither Agree nor Disagree,Disagree,Agree,Disagree,Neither Agree nor Disagree,Disagree,Neither Agree nor Disagree,Disagree,Neither Agree nor Disagree,Neither Agree nor Disagree,Neither Agree nor Disagree,Neither Agree nor Disagree,Neither Agree nor Disagree,Agree,Neither Agree nor Disagree,Agree,Disagree,Agree,Strongly Disagree,Agree,Disagree,Strongly Agree,Strongly Agree,Disagree,Agree,Agree,Neither Agree nor Disagree,Neither Agree nor Disagree,Neither Agree nor Disagree,Neither Agree nor Disagree,Sometimes,Rarely,Sometimes
9/21/2026 16:20:51,Both digital and physical monitoring,Consulting,Less than 2 years,50 to 500 employees,Female,Individual contributor or entry level,Neither Agree nor Disagree,Strongly Agree,Strongly Disagree,Strongly Agree,Strongly Agree,Agree,Agree,Strongly Agree,Neither Agree nor Disagree,Agree,Strongly Agree,Strongly Agree,Disagree,Agree,Neither Agree nor Disagree,Disagree,Agree,Agree,Disagree,Strongly Agree,Disagree,Agree,Strongly Disagree,Disagree,Disagree,Disagree,Disagree,Disagree,Disagree,Disagree,Disagree,Never,Sometimes,Rarely
9/21/2026 16:21:46,Software or digital monitoring only,IT or Software Services,6 to 10 years,50 to 500 employees,Female,Individual contributor or entry level,Agree,Agree,Agree,Agree,Agree,Disagree,Agree,Agree,Agree,Agree,Agree,Neither Agree nor Disagree,Disagree,Disagree,Disagree,Disagree,Strongly Disagree,Agree,Disagree,Agree,Strongly Disagree,Agree,Disagree,Neither Agree nor Disagree,Disagree,Disagree,Disagree,Disagree,Disagree,Disagree,Neither Agree nor Disagree,Sometimes,Sometimes,Sometimes
9/21/2026 16:22:32,Software or digital monitoring only,BPO or ITES,Less than 2 years,50 to 500 employees,Male,"Middle management (team lead, manager)",Neither Agree nor Disagree,Strongly Agree,Agree,Strongly Disagree,Strongly Disagree,Strongly Disagree,Strongly Disagree,Disagree,Strongly Disagree,Strongly Disagree,Strongly Disagree,Strongly Disagree,Disagree,Disagree,Disagree,Disagree,Disagree,Agree,Disagree,Strongly Agree,Strongly Disagree,Strongly Agree,Disagree,Strongly Disagree,Disagree,Strongly Agree,Strongly Agree,Strongly Agree,Strongly Agree,Strongly Agree,Strongly Agree,Sometimes,Rarely,Rarely
9/21/2026 16:23:19,Software or digital monitoring only,IT or Software Services,6 to 10 years,More than 500 employees,Female,Individual contributor or entry level,Agree,Disagree,Strongly Agree,Strongly Agree,Agree,Disagree,Neither Agree nor Disagree,Neither Agree nor Disagree,Strongly Disagree,Strongly Disagree,Disagree,Neither Agree nor Disagree,Neither Agree nor Disagree,Neither Agree nor Disagree,Neither Agree nor Disagree,Neither Agree nor Disagree,Neither Agree nor Disagree,Strongly Disagree,Strongly Agree,Strongly Disagree,Strongly Agree,Strongly Disagree,Strongly Agree,Strongly Agree,Disagree,Strongly Agree,Strongly Agree,Strongly Agree,Strongly Agree,Strongly Agree,Strongly Agree,Sometimes,Sometimes,Sometimes
9/21/2026 16:24:14,Software or digital monitoring only,Consulting,More than 10 years,50 to 500 employees,Female,Individual contributor or entry level,Strongly Disagree,Neither Agree nor Disagree,Strongly Agree,Neither Agree nor Disagree,Neither Agree nor Disagree,Disagree,Neither Agree nor Disagree,Agree,Agree,Neither Agree nor Disagree,Neither Agree nor Disagree,Neither Agree nor Disagree,Agree,Neither Agree nor Disagree,Neither Agree nor Disagree,Neither Agree nor Disagree,Agree,Neither Agree nor Disagree,Disagree,Neither Agree nor Disagree,Neither Agree nor Disagree,Agree,Neither Agree nor Disagree,Neither Agree nor Disagree,Disagree,Neither Agree nor Disagree,Disagree,Disagree,Neither Agree nor Disagree,Neither Agree nor Disagree,Disagree,Often,Sometimes,Sometimes
9/21/2026 16:25:12,Both digital and physical monitoring,IT or Software Services,2 to 5 years,Fewer than 50 employees,Male,Individual contributor or entry level,Strongly Disagree,Agree,Disagree,Strongly Agree,Strongly Agree,Strongly Agree,Agree,Agree,Agree,Strongly Agree,Agree,Strongly Agree,Disagree,Disagree,Disagree,Disagree,Disagree,Neither Agree nor Disagree,Disagree,Agree,Disagree,Disagree,Disagree,Strongly Disagree,Disagree,Agree,Neither Agree nor Disagree,Neither Agree nor Disagree,Neither Agree nor Disagree,Agree,Neither Agree nor Disagree,Never,Never,Never
9/21/2026 16:26:05,Software or digital monitoring only,IT or Software Services,2 to 5 years,More than 500 employees,Female,Individual contributor or entry level,Neither Agree nor Disagree,Disagree,Neither Agree nor Disagree,Agree,Strongly Agree,Disagree,Agree,Strongly Agree,Neither Agree nor Disagree,Disagree,Neither Agree nor Disagree,Agree,Neither Agree nor Disagree,Neither Agree nor Disagree,Agree,Neither Agree nor Disagree,Agree,Neither Agree nor Disagree,Neither Agree nor Disagree,Neither Agree nor Disagree,Neither Agree nor Disagree,Disagree,Neither Agree nor Disagree,Neither Agree nor Disagree,Disagree,Agree,Agree,Agree,Agree,Strongly Agree,Strongly Agree,Often,Sometimes,Rarely
9/21/2026 16:27:03,Software or digital monitoring only,Manufacturing or Other Corporate,6 to 10 years,More than 500 employees,Female,Individual contributor or entry level,Neither Agree nor Disagree,Strongly Agree,Disagree,Disagree,Disagree,Disagree,Disagree,Disagree,Strongly Disagree,Disagree,Disagree,Disagree,Agree,Neither Agree nor Disagree,Agree,Agree,Neither Agree nor Disagree,Disagree,Neither Agree nor Disagree,Neither Agree nor Disagree,Agree,Disagree,Neither Agree nor Disagree,Agree,Disagree,Neither Agree nor Disagree,Neither Agree nor Disagree,Neither Agree nor Disagree,Strongly Disagree,Agree,Neither Agree nor Disagree,Sometimes,Sometimes,Sometimes
9/21/2026 16:28:12,Software or digital monitoring only,Other,Less than 2 years,50 to 500 employees,Female,Individual contributor or entry level,Neither Agree nor Disagree,Agree,Disagree,Agree,Agree,Disagree,Strongly Agree,Agree,Agree,Agree,Agree,Agree,Disagree,Disagree,Disagree,Disagree,Disagree,Strongly Agree,Strongly Disagree,Agree,Strongly Disagree,Strongly Agree,Disagree,Strongly Disagree,Disagree,Strongly Disagree,Strongly Disagree,Strongly Disagree,Strongly Disagree,Strongly Disagree,Strongly Disagree,Never,Never,Rarely
9/21/2026 16:28:59,Software or digital monitoring only,BPO or ITES,6 to 10 years,Fewer than 50 employees,Female,"Middle management (team lead, manager)",Agree,Neither Agree nor Disagree,Disagree,Agree,Strongly Agree,Disagree,Neither Agree nor Disagree,Agree,Agree,Agree,Agree,Neither Agree nor Disagree,Disagree,Disagree,Neither Agree nor Disagree,Neither Agree nor Disagree,Neither Agree nor Disagree,Disagree,Disagree,Neither Agree nor Disagree,Neither Agree nor Disagree,Neither Agree nor Disagree,Disagree,Disagree,Disagree,Disagree,Neither Agree nor Disagree,Disagree,Disagree,Disagree,Strongly Disagree,Rarely,Rarely,Rarely
9/21/2026 16:30:01,I am not sure,IT or Software Services,Less than 2 years,50 to 500 employees,Female,Individual contributor or entry level,Neither Agree nor Disagree,Strongly Disagree,Agree,Strongly Disagree,Disagree,Neither Agree nor Disagree,Disagree,Strongly Disagree,Disagree,Disagree,Strongly Disagree,Strongly Disagree,Strongly Agree,Strongly Agree,Strongly Agree,Strongly Agree,Strongly Agree,Strongly Disagree,Strongly Agree,Strongly Disagree,Strongly Agree,Strongly Disagree,Strongly Agree,Strongly Agree,Disagree,Strongly Agree,Agree,Strongly Agree,Agree,Strongly Agree,Strongly Agree,Always,Often,Often
9/21/2026 16:30:45,I am not monitored in any way,Manufacturing or Other Corporate,2 to 5 years,More than 500 employees,Male,Individual contributor or entry level,Strongly Agree,Neither Agree nor Disagree,Disagree,Strongly Disagree,Disagree,Strongly Disagree,Strongly Disagree,Strongly Disagree,Disagree,Disagree,Strongly Disagree,Strongly Disagree,Neither Agree nor Disagree,Disagree,Strongly Disagree,Disagree,Strongly Disagree,Agree,Disagree,Strongly Agree,Disagree,Agree,Disagree,Neither Agree nor Disagree,Disagree,Disagree,Disagree,Disagree,Neither Agree nor Disagree,Strongly Disagree,Strongly Disagree,Often,Often,Often
9/21/2026 16:31:37,Software or digital monitoring only,IT or Software Services,6 to 10 years,50 to 500 employees,Female,Individual contributor or entry level,Neither Agree nor Disagree,Disagree,Neither Agree nor Disagree,Neither Agree nor Disagree,Neither Agree nor Disagree,Strongly Disagree,Agree,Agree,Strongly Disagree,Strongly Disagree,Disagree,Neither Agree nor Disagree,Agree,Agree,Neither Agree nor Disagree,Agree,Agree,Disagree,Agree,Disagree,Agree,Disagree,Strongly Agree,Agree,Disagree,Neither Agree nor Disagree,Neither Agree nor Disagree,Disagree,Neither Agree nor Disagree,Disagree,Disagree,Sometimes,Rarely,Sometimes
9/21/2026 16:32:38,Software or digital monitoring only,BPO or ITES,Less than 2 years,Fewer than 50 employees,Female,Individual contributor or entry level,Agree,Agree,Agree,Strongly Agree,Agree,Strongly Disagree,Strongly Agree,Agree,Agree,Agree,Agree,Strongly Agree,Agree,Agree,Agree,Agree,Strongly Agree,Neither Agree nor Disagree,Neither Agree nor Disagree,Agree,Disagree,Neither Agree nor Disagree,Neither Agree nor Disagree,Neither Agree nor Disagree,Disagree,Neither Agree nor Disagree,Disagree,Agree,Disagree,Neither Agree nor Disagree,Disagree,Sometimes,Sometimes,Sometimes
9/21/2026 16:33:46,Software or digital monitoring only,IT or Software Services,More than 10 years,More than 500 employees,Male,"Middle management (team lead, manager)",Agree,Agree,Neither Agree nor Disagree,Strongly Agree,Strongly Agree,Disagree,Strongly Agree,Strongly Agree,Disagree,Neither Agree nor Disagree,Agree,Strongly Agree,Neither Agree nor Disagree,Agree,Agree,Agree,Agree,Disagree,Agree,Neither Agree nor Disagree,Agree,Disagree,Agree,Neither Agree nor Disagree,Disagree,Neither Agree nor Disagree,Neither Agree nor Disagree,Neither Agree nor Disagree,Agree,Agree,Agree,Rarely,Sometimes,Rarely
9/21/2026 16:34:45,Software or digital monitoring only,Manufacturing or Other Corporate,More than 10 years,50 to 500 employees,Female,"Middle management (team lead, manager)",Agree,Neither Agree nor Disagree,Disagree,Agree,Neither Agree nor Disagree,Disagree,Neither Agree nor Disagree,Agree,Disagree,Disagree,Neither Agree nor Disagree,Neither Agree nor Disagree,Agree,Agree,Agree,Strongly Agree,Neither Agree nor Disagree,Neither Agree nor Disagree,Agree,Disagree,Agree,Disagree,Neither Agree nor Disagree,Agree,Disagree,Neither Agree nor Disagree,Neither Agree nor Disagree,Neither Agree nor Disagree,Neither Agree nor Disagree,Agree,Neither Agree nor Disagree,Often,Often,Often
9/21/2026 16:35:49,Software or digital monitoring only,Consulting,2 to 5 years,50 to 500 employees,Female,Individual contributor or entry level,Agree,Strongly Agree,Neither Agree nor Disagree,Strongly Agree,Agree,Neither Agree nor Disagree,Strongly Agree,Agree,Strongly Disagree,Disagree,Agree,Agree,Strongly Agree,Agree,Strongly Agree,Strongly Agree,Strongly Agree,Neither Agree nor Disagree,Neither Agree nor Disagree,Neither Agree nor Disagree,Neither Agree nor Disagree,Neither Agree nor Disagree,Neither Agree nor Disagree,Neither Agree nor Disagree,Disagree,Agree,Agree,Neither Agree nor Disagree,Agree,Agree,Agree,Often,Often,Often
9/21/2026 16:36:53,Both digital and physical monitoring,IT or Software Services,6 to 10 years,More than 500 employees,Female,Individual contributor or entry level,Disagree,Disagree,Agree,Neither Agree nor Disagree,Neither Agree nor Disagree,Neither Agree nor Disagree,Disagree,Agree,Strongly Disagree,Strongly Disagree,Neither Agree nor Disagree,Neither Agree nor Disagree,Agree,Agree,Strongly Agree,Strongly Agree,Agree,Neither Agree nor Disagree,Agree,Disagree,Agree,Disagree,Agree,Neither Agree nor Disagree,Disagree,Neither Agree nor Disagree,Neither Agree nor Disagree,Neither Agree nor Disagree,Neither Agree nor Disagree,Neither Agree nor Disagree,Agree,Rarely,Sometimes,Sometimes
9/21/2026 16:38:02,Software or digital monitoring only,IT or Software Services,Less than 2 years,50 to 500 employees,Female,Individual contributor or entry level,Agree,Agree,Neither Agree nor Disagree,Agree,Neither Agree nor Disagree,Strongly Disagree,Neither Agree nor Disagree,Neither Agree nor Disagree,Strongly Disagree,Strongly Disagree,Neither Agree nor Disagree,Neither Agree nor Disagree,Disagree,Disagree,Disagree,Neither Agree nor Disagree,Disagree,Disagree,Agree,Strongly Disagree,Neither Agree nor Disagree,Neither Agree nor Disagree,Neither Agree nor Disagree,Agree,Disagree,Disagree,Neither Agree nor Disagree,Neither Agree nor Disagree,Neither Agree nor Disagree,Neither Agree nor Disagree,Neither Agree nor Disagree,Sometimes,Sometimes,Sometimes
9/21/2026 16:39:09,Software or digital monitoring only,IT or Software Services,2 to 5 years,50 to 500 employees,Male,"Middle management (team lead, manager)",Disagree,Agree,Disagree,Agree,Agree,Disagree,Agree,Agree,Disagree,Neither Agree nor Disagree,Agree,Neither Agree nor Disagree,Neither Agree nor Disagree,Neither Agree nor Disagree,Disagree,Disagree,Neither Agree nor Disagree,Agree,Neither Agree nor Disagree,Neither Agree nor Disagree,Agree,Neither Agree nor Disagree,Neither Agree nor Disagree,Neither Agree nor Disagree,Disagree,Neither Agree nor Disagree,Neither Agree nor Disagree,Neither Agree nor Disagree,Neither Agree nor Disagree,Disagree,Neither Agree nor Disagree,Rarely,Rarely,Never
9/21/2026 16:40:25,Software or digital monitoring only,Manufacturing or Other Corporate,Less than 2 years,Fewer than 50 employees,Female,Individual contributor or entry level,Agree,Neither Agree nor Disagree,Strongly Disagree,Agree,Agree,Disagree,Agree,Neither Agree nor Disagree,Agree,Disagree,Agree,Neither Agree nor Disagree,Disagree,Neither Agree nor Disagree,Disagree,Neither Agree nor Disagree,Disagree,Neither Agree nor Disagree,Disagree,Neither Agree nor Disagree,Disagree,Agree,Strongly Disagree,Strongly Disagree,Disagree,Disagree,Disagree,Disagree,Disagree,Disagree,Disagree,Rarely,Rarely,Sometimes
9/21/2026 16:41:31,Software or digital monitoring only,Manufacturing or Other Corporate,2 to 5 years,Fewer than 50 employees,Female,"Middle management (team lead, manager)",Strongly Agree,Agree,Disagree,Strongly Agree,Agree,Disagree,Strongly Agree,Agree,Disagree,Disagree,Agree,Agree,Neither Agree nor Disagree,Neither Agree nor Disagree,Neither Agree nor Disagree,Neither Agree nor Disagree,Neither Agree nor Disagree,Agree,Disagree,Neither Agree nor Disagree,Disagree,Agree,Disagree,Disagree,Disagree,Disagree,Disagree,Neither Agree nor Disagree,Neither Agree nor Disagree,Strongly Disagree,Neither Agree nor Disagree,Often,Sometimes,Often
9/21/2026 16:42:31,Software or digital monitoring only,IT or Software Services,2 to 5 years,More than 500 employees,Female,Individual contributor or entry level,Neither Agree nor Disagree,Agree,Disagree,Strongly Agree,Strongly Agree,Disagree,Strongly Agree,Strongly Agree,Disagree,Disagree,Strongly Agree,Strongly Agree,Neither Agree nor Disagree,Neither Agree nor Disagree,Disagree,Neither Agree nor Disagree,Disagree,Neither Agree nor Disagree,Disagree,Neither Agree nor Disagree,Agree,Neither Agree nor Disagree,Neither Agree nor Disagree,Neither Agree nor Disagree,Disagree,Neither Agree nor Disagree,Agree,Neither Agree nor Disagree,Neither Agree nor Disagree,Agree,Neither Agree nor Disagree,Always,Always,Often
9/21/2026 16:43:43,Software or digital monitoring only,IT or Software Services,2 to 5 years,Fewer than 50 employees,Female,"Middle management (team lead, manager)",Disagree,Strongly Disagree,Neither Agree nor Disagree,Strongly Agree,Strongly Agree,Disagree,Strongly Agree,Strongly Agree,Disagree,Neither Agree nor Disagree,Strongly Agree,Strongly Agree,Neither Agree nor Disagree,Agree,Agree,Agree,Agree,Disagree,Agree,Disagree,Neither Agree nor Disagree,Disagree,Agree,Agree,Disagree,Neither Agree nor Disagree,Disagree,Disagree,Neither Agree nor Disagree,Disagree,Neither Agree nor Disagree,Rarely,Rarely,Rarely
9/21/2026 16:45:05,Software or digital monitoring only,IT or Software Services,6 to 10 years,More than 500 employees,Male,Individual contributor or entry level,Agree,Agree,Neither Agree nor Disagree,Strongly Agree,Strongly Agree,Strongly Disagree,Strongly Agree,Strongly Agree,Neither Agree nor Disagree,Agree,Strongly Agree,Strongly Agree,Neither Agree nor Disagree,Neither Agree nor Disagree,Disagree,Neither Agree nor Disagree,Disagree,Disagree,Agree,Neither Agree nor Disagree,Agree,Neither Agree nor Disagree,Agree,Agree,Disagree,Agree,Agree,Neither Agree nor Disagree,Neither Agree nor Disagree,Neither Agree nor Disagree,Agree,Rarely,Rarely,Never
9/21/2026 16:46:36,Software or digital monitoring only,IT or Software Services,2 to 5 years,Fewer than 50 employees,Male,"Middle management (team lead, manager)",Agree,Neither Agree nor Disagree,Strongly Agree,Neither Agree nor Disagree,Neither Agree nor Disagree,Disagree,Neither Agree nor Disagree,Disagree,Neither Agree nor Disagree,Disagree,Disagree,Neither Agree nor Disagree,Agree,Agree,Agree,Agree,Strongly Agree,Disagree,Neither Agree nor Disagree,Strongly Disagree,Agree,Disagree,Neither Agree nor Disagree,Agree,Disagree,Agree,Agree,Agree,Agree,Agree,Agree,Always,Always,Always
9/21/2026 16:48:21,I am not sure,IT or Software Services,2 to 5 years,50 to 500 employees,Female,Individual contributor or entry level,Agree,Agree,Strongly Disagree,Neither Agree nor Disagree,Disagree,Disagree,Neither Agree nor Disagree,Neither Agree nor Disagree,Agree,Neither Agree nor Disagree,Agree,Agree,Disagree,Disagree,Disagree,Disagree,Disagree,Agree,Disagree,Agree,Strongly Disagree,Agree,Strongly Disagree,Disagree,Disagree,Strongly Disagree,Disagree,Strongly Disagree,Strongly Disagree,Strongly Disagree,Strongly Disagree,Never,Never,Never
9/21/2026 16:50:04,Software or digital monitoring only,BPO or ITES,Less than 2 years,More than 500 employees,Male,Individual contributor or entry level,Agree,Strongly Agree,Strongly Disagree,Strongly Agree,Strongly Agree,Neither Agree nor Disagree,Strongly Agree,Strongly Agree,Strongly Disagree,Strongly Disagree,Strongly Agree,Strongly Agree,Strongly Agree,Strongly Agree,Strongly Agree,Strongly Agree,Strongly Agree,Neither Agree nor Disagree,Neither Agree nor Disagree,Neither Agree nor Disagree,Neither Agree nor Disagree,Neither Agree nor Disagree,Neither Agree nor Disagree,Neither Agree nor Disagree,Disagree,Neither Agree nor Disagree,Neither Agree nor Disagree,Neither Agree nor Disagree,Disagree,Disagree,Neither Agree nor Disagree,Always,Often,Often
9/21/2026 16:51:31,"Physical monitoring only (CCTV, biometric access, desk-time tracking)",IT or Software Services,Less than 2 years,More than 500 employees,Male,Individual contributor or entry level,Agree,Neither Agree nor Disagree,Strongly Agree,Neither Agree nor Disagree,Disagree,Neither Agree nor Disagree,Agree,Neither Agree nor Disagree,Neither Agree nor Disagree,Neither Agree nor Disagree,Neither Agree nor Disagree,Disagree,Agree,Agree,Strongly Agree,Agree,Agree,Neither Agree nor Disagree,Neither Agree nor Disagree,Neither Agree nor Disagree,Neither Agree nor Disagree,Neither Agree nor Disagree,Neither Agree nor Disagree,Neither Agree nor Disagree,Disagree,Agree,Strongly Agree,Agree,Agree,Strongly Agree,Strongly Agree,Sometimes,Sometimes,Sometimes
9/21/2026 16:52:50,Both digital and physical monitoring,IT or Software Services,2 to 5 years,Fewer than 50 employees,Male,Individual contributor or entry level,Agree,Strongly Disagree,Agree,Agree,Agree,Agree,Neither Agree nor Disagree,Agree,Neither Agree nor Disagree,Disagree,Neither Agree nor Disagree,Neither Agree nor Disagree,Agree,Strongly Agree,Agree,Strongly Agree,Agree,Disagree,Disagree,Disagree,Strongly Agree,Disagree,Agree,Agree,Disagree,Disagree,Neither Agree nor Disagree,Disagree,Neither Agree nor Disagree,Neither Agree nor Disagree,Neither Agree nor Disagree,Often,Often,Often
9/21/2026 16:54:10,Software or digital monitoring only,IT or Software Services,6 to 10 years,More than 500 employees,Male,Individual contributor or entry level,Neither Agree nor Disagree,Disagree,Disagree,Strongly Agree,Strongly Agree,Disagree,Strongly Agree,Strongly Agree,Neither Agree nor Disagree,Agree,Strongly Agree,Strongly Agree,Neither Agree nor Disagree,Neither Agree nor Disagree,Neither Agree nor Disagree,Neither Agree nor Disagree,Neither Agree nor Disagree,Disagree,Agree,Neither Agree nor Disagree,Neither Agree nor Disagree,Disagree,Neither Agree nor Disagree,Neither Agree nor Disagree,Disagree,Disagree,Disagree,Disagree,Disagree,Disagree,Disagree,Rarely,Sometimes,Rarely
9/21/2026 16:55:33,Software or digital monitoring only,IT or Software Services,2 to 5 years,More than 500 employees,Female,Individual contributor or entry level,Neither Agree nor Disagree,Agree,Agree,Agree,Strongly Agree,Disagree,Agree,Agree,Strongly Agree,Neither Agree nor Disagree,Agree,Agree,Disagree,Neither Agree nor Disagree,Agree,Disagree,Neither Agree nor Disagree,Agree,Disagree,Neither Agree nor Disagree,Neither Agree nor Disagree,Agree,Disagree,Strongly Disagree,Disagree,Disagree,Disagree,Disagree,Neither Agree nor Disagree,Disagree,Strongly Disagree,Sometimes,Sometimes,Often
9/21/2026 16:56:57,Software or digital monitoring only,IT or Software Services,Less than 2 years,Fewer than 50 employees,Female,"Middle management (team lead, manager)",Neither Agree nor Disagree,Agree,Neither Agree nor Disagree,Neither Agree nor Disagree,Neither Agree nor Disagree,Disagree,Disagree,Neither Agree nor Disagree,Neither Agree nor Disagree,Agree,Disagree,Agree,Strongly Disagree,Disagree,Disagree,Strongly Disagree,Disagree,Neither Agree nor Disagree,Neither Agree nor Disagree,Neither Agree nor Disagree,Agree,Disagree,Agree,Strongly Agree,Disagree,Agree,Agree,Neither Agree nor Disagree,Neither Agree nor Disagree,Agree,Agree,Rarely,Rarely,Sometimes
9/21/2026 16:58:02,Both digital and physical monitoring,Consulting,6 to 10 years,Fewer than 50 employees,Male,Individual contributor or entry level,Disagree,Agree,Agree,Disagree,Neither Agree nor Disagree,Disagree,Disagree,Neither Agree nor Disagree,Strongly Disagree,Strongly Disagree,Disagree,Disagree,Neither Agree nor Disagree,Neither Agree nor Disagree,Disagree,Disagree,Neither Agree nor Disagree,Neither Agree nor Disagree,Agree,Neither Agree nor Disagree,Neither Agree nor Disagree,Neither Agree nor Disagree,Agree,Disagree,Disagree,Neither Agree nor Disagree,Neither Agree nor Disagree,Disagree,Disagree,Disagree,Neither Agree nor Disagree,Often,Sometimes,Often
9/21/2026 16:59:25,Software or digital monitoring only,IT or Software Services,2 to 5 years,Fewer than 50 employees,Male,Individual contributor or entry level,Disagree,Disagree,Neither Agree nor Disagree,Agree,Neither Agree nor Disagree,Disagree,Agree,Neither Agree nor Disagree,Neither Agree nor Disagree,Disagree,Neither Agree nor Disagree,Agree,Disagree,Disagree,Disagree,Disagree,Disagree,Agree,Strongly Disagree,Strongly Agree,Disagree,Agree,Strongly Disagree,Disagree,Disagree,Disagree,Disagree,Strongly Disagree,Neither Agree nor Disagree,Strongly Disagree,Disagree,Rarely,Rarely,Rarely
9/21/2026 17:00:44,Both digital and physical monitoring,Consulting,2 to 5 years,More than 500 employees,Female,Individual contributor or entry level,Disagree,Neither Agree nor Disagree,Disagree,Strongly Agree,Agree,Strongly Agree,Strongly Agree,Strongly Agree,Agree,Neither Agree nor Disagree,Strongly Agree,Strongly Agree,Disagree,Neither Agree nor Disagree,Neither Agree nor Disagree,Neither Agree nor Disagree,Disagree,Agree,Disagree,Neither Agree nor Disagree,Disagree,Neither Agree nor Disagree,Neither Agree nor Disagree,Neither Agree nor Disagree,Disagree,Neither Agree nor Disagree,Disagree,Neither Agree nor Disagree,Disagree,Disagree,Neither Agree nor Disagree,Sometimes,Sometimes,Sometimes
9/21/2026 17:02:32,Software or digital monitoring only,BPO or ITES,2 to 5 years,50 to 500 employees,Female,Individual contributor or entry level,Neither Agree nor Disagree,Agree,Strongly Disagree,Agree,Agree,Disagree,Neither Agree nor Disagree,Neither Agree nor Disagree,Agree,Neither Agree nor Disagree,Agree,Agree,Disagree,Neither Agree nor Disagree,Neither Agree nor Disagree,Disagree,Disagree,Neither Agree nor Disagree,Disagree,Agree,Neither Agree nor Disagree,Agree,Neither Agree nor Disagree,Neither Agree nor Disagree,Disagree,Disagree,Disagree,Strongly Disagree,Disagree,Strongly Disagree,Disagree,Rarely,Never,Rarely
9/21/2026 17:03:57,Software or digital monitoring only,Consulting,2 to 5 years,More than 500 employees,Male,"Middle management (team lead, manager)",Disagree,Agree,Neither Agree nor Disagree,Agree,Agree,Disagree,Neither Agree nor Disagree,Agree,Neither Agree nor Disagree,Neither Agree nor Disagree,Neither Agree nor Disagree,Neither Agree nor Disagree,Agree,Neither Agree nor Disagree,Neither Agree nor Disagree,Strongly Agree,Agree,Disagree,Agree,Strongly Disagree,Strongly Agree,Strongly Disagree,Agree,Strongly Agree,Disagree,Strongly Agree,Strongly Agree,Agree,Strongly Agree,Strongly Agree,Strongly Agree,Rarely,Sometimes,Sometimes
9/21/2026 17:05:35,Software or digital monitoring only,Manufacturing or Other Corporate,2 to 5 years,More than 500 employees,Male,Individual contributor or entry level,Neither Agree nor Disagree,Strongly Agree,Strongly Agree,Agree,Strongly Agree,Disagree,Strongly Agree,Agree,Neither Agree nor Disagree,Agree,Agree,Neither Agree nor Disagree,Strongly Agree,Agree,Agree,Agree,Agree,Disagree,Agree,Disagree,Agree,Disagree,Agree,Strongly Agree,Disagree,Agree,Neither Agree nor Disagree,Agree,Neither Agree nor Disagree,Neither Agree nor Disagree,Agree,Always,Always,Always
9/21/2026 17:07:49,Software or digital monitoring only,IT or Software Services,Less than 2 years,More than 500 employees,Male,Senior leadership (director and above),Neither Agree nor Disagree,Strongly Agree,Strongly Agree,Agree,Agree,Disagree,Agree,Agree,Neither Agree nor Disagree,Disagree,Strongly Agree,Strongly Agree,Agree,Agree,Agree,Neither Agree nor Disagree,Agree,Disagree,Agree,Disagree,Neither Agree nor Disagree,Neither Agree nor Disagree,Neither Agree nor Disagree,Disagree,Disagree,Strongly Agree,Strongly Agree,Strongly Agree,Strongly Agree,Strongly Agree,Strongly Agree,Sometimes,Rarely,Sometimes
9/21/2026 17:09:31,Software or digital monitoring only,IT or Software Services,2 to 5 years,More than 500 employees,Male,Individual contributor or entry level,Neither Agree nor Disagree,Agree,Neither Agree nor Disagree,Agree,Strongly Agree,Strongly Disagree,Neither Agree nor Disagree,Strongly Agree,Disagree,Strongly Disagree,Agree,Agree,Strongly Agree,Agree,Agree,Agree,Agree,Disagree,Agree,Strongly Disagree,Agree,Disagree,Agree,Agree,Disagree,Neither Agree nor Disagree,Agree,Neither Agree nor Disagree,Neither Agree nor Disagree,Neither Agree nor Disagree,Agree,Often,Often,Often
9/21/2026 17:11:42,"Physical monitoring only (CCTV, biometric access, desk-time tracking)",Consulting,2 to 5 years,Fewer than 50 employees,Male,"Middle management (team lead, manager)",Strongly Agree,Agree,Disagree,Neither Agree nor Disagree,Disagree,Agree,Agree,Neither Agree nor Disagree,Neither Agree nor Disagree,Neither Agree nor Disagree,Disagree,Disagree,Strongly Disagree,Disagree,Disagree,Disagree,Disagree,Disagree,Neither Agree nor Disagree,Neither Agree nor Disagree,Neither Agree nor Disagree,Disagree,Agree,Neither Agree nor Disagree,Disagree,Agree,Strongly Agree,Agree,Strongly Agree,Agree,Agree,Sometimes,Sometimes,Sometimes
9/21/2026 17:13:30,Software or digital monitoring only,Consulting,Less than 2 years,Fewer than 50 employees,Female,Senior leadership (director and above),Neither Agree nor Disagree,Disagree,Strongly Disagree,Strongly Agree,Strongly Agree,Strongly Disagree,Strongly Agree,Strongly Agree,Strongly Agree,Agree,Strongly Agree,Strongly Agree,Disagree,Neither Agree nor Disagree,Neither Agree nor Disagree,Disagree,Neither Agree nor Disagree,Agree,Disagree,Neither Agree nor Disagree,Neither Agree nor Disagree,Neither Agree nor Disagree,Disagree,Neither Agree nor Disagree,Disagree,Disagree,Disagree,Disagree,Neither Agree nor Disagree,Neither Agree nor Disagree,Strongly Disagree,Rarely,Rarely,Rarely
9/21/2026 17:15:03,Both digital and physical monitoring,Manufacturing or Other Corporate,2 to 5 years,More than 500 employees,Male,Individual contributor or entry level,Agree,Disagree,Strongly Disagree,Strongly Agree,Strongly Agree,Strongly Agree,Strongly Agree,Agree,Strongly Agree,Strongly Agree,Agree,Strongly Agree,Disagree,Strongly Disagree,Disagree,Disagree,Strongly Disagree,Agree,Strongly Disagree,Neither Agree nor Disagree,Strongly Disagree,Agree,Strongly Disagree,Disagree,Disagree,Agree,Agree,Agree,Agree,Agree,Agree,Rarely,Rarely,Never
9/21/2026 17:16:27,Both digital and physical monitoring,IT or Software Services,More than 10 years,More than 500 employees,Female,"Middle management (team lead, manager)",Agree,Agree,Strongly Agree,Strongly Agree,Agree,Strongly Agree,Strongly Agree,Agree,Agree,Agree,Agree,Strongly Agree,Agree,Neither Agree nor Disagree,Agree,Agree,Agree,Agree,Neither Agree nor Disagree,Agree,Neither Agree nor Disagree,Neither Agree nor Disagree,Disagree,Neither Agree nor Disagree,Disagree,Disagree,Strongly Disagree,Disagree,Disagree,Disagree,Disagree,Often,Often,Sometimes
9/21/2026 17:18:33,Software or digital monitoring only,BPO or ITES,6 to 10 years,50 to 500 employees,Male,Individual contributor or entry level,Neither Agree nor Disagree,Disagree,Disagree,Agree,Agree,Disagree,Agree,Agree,Strongly Agree,Neither Agree nor Disagree,Neither Agree nor Disagree,Neither Agree nor Disagree,Disagree,Disagree,Disagree,Neither Agree nor Disagree,Disagree,Agree,Disagree,Strongly Agree,Strongly Disagree,Strongly Agree,Strongly Disagree,Strongly Disagree,Disagree,Strongly Disagree,Disagree,Strongly Disagree,Disagree,Disagree,Disagree,Never,Never,Never
9/21/2026 17:20:52,Software or digital monitoring only,IT or Software Services,2 to 5 years,50 to 500 employees,Male,Individual contributor or entry level,Disagree,Strongly Agree,Agree,Agree,Agree,Disagree,Agree,Agree,Strongly Agree,Agree,Agree,Agree,Disagree,Strongly Disagree,Strongly Disagree,Disagree,Disagree,Agree,Disagree,Neither Agree nor Disagree,Disagree,Agree,Strongly Disagree,Disagree,Disagree,Neither Agree nor Disagree,Agree,Agree,Neither Agree nor Disagree,Neither Agree nor Disagree,Neither Agree nor Disagree,Rarely,Rarely,Rarely
9/21/2026 17:23:05,Software or digital monitoring only,IT or Software Services,2 to 5 years,Fewer than 50 employees,Male,"Middle management (team lead, manager)",Disagree,Disagree,Strongly Agree,Strongly Agree,Strongly Agree,Disagree,Strongly Agree,Strongly Agree,Agree,Disagree,Strongly Agree,Strongly Agree,Agree,Agree,Neither Agree nor Disagree,Agree,Agree,Neither Agree nor Disagree,Neither Agree nor Disagree,Neither Agree nor Disagree,Neither Agree nor Disagree,Disagree,Neither Agree nor Disagree,Agree,Disagree,Strongly Disagree,Disagree,Disagree,Strongly Disagree,Strongly Disagree,Strongly Disagree,Rarely,Rarely,Rarely
9/21/2026 17:25:16,"Physical monitoring only (CCTV, biometric access, desk-time tracking)",Manufacturing or Other Corporate,Less than 2 years,More than 500 employees,Male,Senior leadership (director and above),Strongly Disagree,Neither Agree nor Disagree,Neither Agree nor Disagree,Agree,Disagree,Agree,Neither Agree nor Disagree,Neither Agree nor Disagree,Disagree,Strongly Disagree,Disagree,Strongly Agree,Agree,Agree,Agree,Agree,Neither Agree nor Disagree,Disagree,Strongly Agree,Strongly Disagree,Strongly Agree,Disagree,Strongly Agree,Strongly Agree,Disagree,Neither Agree nor Disagree,Neither Agree nor Disagree,Agree,Agree,Agree,Strongly Agree,Often,Always,Always
9/21/2026 17:27:24,Software or digital monitoring only,BPO or ITES,6 to 10 years,Fewer than 50 employees,Male,Individual contributor or entry level,Neither Agree nor Disagree,Strongly Agree,Agree,Disagree,Neither Agree nor Disagree,Disagree,Disagree,Agree,Disagree,Strongly Disagree,Disagree,Neither Agree nor Disagree,Neither Agree nor Disagree,Neither Agree nor Disagree,Neither Agree nor Disagree,Neither Agree nor Disagree,Disagree,Neither Agree nor Disagree,Disagree,Agree,Disagree,Neither Agree nor Disagree,Neither Agree nor Disagree,Neither Agree nor Disagree,Disagree,Agree,Agree,Agree,Agree,Strongly Agree,Agree,Always,Always,Always
9/21/2026 17:29:17,Both digital and physical monitoring,Consulting,More than 10 years,50 to 500 employees,Male,Individual contributor or entry level,Strongly Agree,Agree,Neither Agree nor Disagree,Neither Agree nor Disagree,Disagree,Neither Agree nor Disagree,Neither Agree nor Disagree,Neither Agree nor Disagree,Disagree,Disagree,Neither Agree nor Disagree,Neither Agree nor Disagree,Strongly Agree,Strongly Agree,Agree,Strongly Agree,Strongly Agree,Neither Agree nor Disagree,Neither Agree nor Disagree,Neither Agree nor Disagree,Agree,Neither Agree nor Disagree,Agree,Agree,Disagree,Neither Agree nor Disagree,Neither Agree nor Disagree,Agree,Strongly Agree,Agree,Agree,Often,Sometimes,Often
9/21/2026 17:31:52,Both digital and physical monitoring,IT or Software Services,Less than 2 years,50 to 500 employees,Male,"Middle management (team lead, manager)",Neither Agree nor Disagree,Agree,Agree,Agree,Agree,Agree,Neither Agree nor Disagree,Agree,Neither Agree nor Disagree,Disagree,Agree,Agree,Disagree,Disagree,Disagree,Disagree,Neither Agree nor Disagree,Neither Agree nor Disagree,Disagree,Strongly Agree,Disagree,Strongly Agree,Disagree,Disagree,Disagree,Neither Agree nor Disagree,Neither Agree nor Disagree,Disagree,Disagree,Neither Agree nor Disagree,Agree,Rarely,Sometimes,Sometimes
9/21/2026 17:33:48,Software or digital monitoring only,IT or Software Services,6 to 10 years,Fewer than 50 employees,Male,Individual contributor or entry level,Strongly Agree,Neither Agree nor Disagree,Strongly Agree,Strongly Agree,Strongly Agree,Disagree,Agree,Strongly Agree,Neither Agree nor Disagree,Neither Agree nor Disagree,Agree,Strongly Agree,Agree,Agree,Strongly Agree,Agree,Agree,Disagree,Agree,Disagree,Agree,Strongly Disagree,Neither Agree nor Disagree,Agree,Disagree,Disagree,Neither Agree nor Disagree,Neither Agree nor Disagree,Neither Agree nor Disagree,Disagree,Disagree,Often,Often,Often
9/21/2026 17:35:57,"Physical monitoring only (CCTV, biometric access, desk-time tracking)",Consulting,6 to 10 years,More than 500 employees,Male,Individual contributor or entry level,Disagree,Strongly Agree,Strongly Disagree,Disagree,Strongly Disagree,Neither Agree nor Disagree,Neither Agree nor Disagree,Disagree,Strongly Disagree,Disagree,Disagree,Neither Agree nor Disagree,Agree,Neither Agree nor Disagree,Agree,Neither Agree nor Disagree,Agree,Strongly Disagree,Strongly Agree,Disagree,Agree,Strongly Disagree,Strongly Agree,Strongly Agree,Neither Agree nor Disagree,Agree,Agree,Strongly Agree,Strongly Agree,Strongly Agree,Agree,Often,Often,Always
9/21/2026 17:38:09,Both digital and physical monitoring,BPO or ITES,6 to 10 years,50 to 500 employees,Female,Individual contributor or entry level,Neither Agree nor Disagree,Strongly Agree,Agree,Strongly Agree,Strongly Agree,Strongly Agree,Strongly Agree,Strongly Agree,Agree,Strongly Agree,Agree,Agree,Disagree,Neither Agree nor Disagree,Disagree,Neither Agree nor Disagree,Neither Agree nor Disagree,Neither Agree nor Disagree,Neither Agree nor Disagree,Neither Agree nor Disagree,Neither Agree nor Disagree,Neither Agree nor Disagree,Neither Agree nor Disagree,Neither Agree nor Disagree,Disagree,Agree,Neither Agree nor Disagree,Neither Agree nor Disagree,Neither Agree nor Disagree,Agree,Neither Agree nor Disagree,Always,Always,Often
9/21/2026 17:40:29,I am not sure,IT or Software Services,6 to 10 years,50 to 500 employees,Female,Individual contributor or entry level,Strongly Agree,Strongly Agree,Strongly Disagree,Neither Agree nor Disagree,Disagree,Strongly Disagree,Neither Agree nor Disagree,Neither Agree nor Disagree,Disagree,Disagree,Neither Agree nor Disagree,Disagree,Disagree,Disagree,Strongly Disagree,Strongly Disagree,Disagree,Strongly Agree,Strongly Disagree,Strongly Agree,Strongly Disagree,Agree,Strongly Disagree,Strongly Disagree,Disagree,Disagree,Disagree,Neither Agree nor Disagree,Neither Agree nor Disagree,Disagree,Neither Agree nor Disagree,Often,Sometimes,Sometimes
9/21/2026 17:42:42,"Physical monitoring only (CCTV, biometric access, desk-time tracking)",IT or Software Services,6 to 10 years,More than 500 employees,Male,"Middle management (team lead, manager)",Disagree,Disagree,Neither Agree nor Disagree,Neither Agree nor Disagree,Strongly Disagree,Neither Agree nor Disagree,Disagree,Disagree,Strongly Disagree,Strongly Disagree,Disagree,Disagree,Agree,Agree,Agree,Neither Agree nor Disagree,Strongly Agree,Neither Agree nor Disagree,Strongly Agree,Strongly Disagree,Agree,Strongly Disagree,Agree,Agree,Disagree,Agree,Agree,Strongly Agree,Strongly Agree,Neither Agree nor Disagree,Agree,Always,Always,Always
9/21/2026 17:45:17,Software or digital monitoring only,Other,2 to 5 years,Fewer than 50 employees,Male,"Middle management (team lead, manager)",Disagree,Agree,Neither Agree nor Disagree,Strongly Agree,Strongly Agree,Disagree,Strongly Agree,Strongly Agree,Strongly Agree,Strongly Agree,Strongly Agree,Strongly Agree,Agree,Neither Agree nor Disagree,Agree,Agree,Agree,Agree,Disagree,Neither Agree nor Disagree,Disagree,Neither Agree nor Disagree,Disagree,Neither Agree nor Disagree,Disagree,Neither Agree nor Disagree,Neither Agree nor Disagree,Neither Agree nor Disagree,Disagree,Disagree,Neither Agree nor Disagree,Never,Never,Never
9/21/2026 17:47:29,Software or digital monitoring only,IT or Software Services,2 to 5 years,50 to 500 employees,Female,Individual contributor or entry level,Neither Agree nor Disagree,Disagree,Strongly Agree,Strongly Agree,Strongly Agree,Strongly Disagree,Strongly Agree,Strongly Agree,Disagree,Disagree,Strongly Agree,Strongly Agree,Strongly Agree,Strongly Agree,Strongly Agree,Strongly Agree,Strongly Agree,Disagree,Agree,Disagree,Agree,Disagree,Agree,Neither Agree nor Disagree,Disagree,Strongly Agree,Agree,Strongly Agree,Strongly Agree,Strongly Agree,Agree,Always,Often,Often
9/21/2026 17:49:45,Software or digital monitoring only,IT or Software Services,6 to 10 years,Fewer than 50 employees,Male,Individual contributor or entry level,Neither Agree nor Disagree,Strongly Agree,Neither Agree nor Disagree,Agree,Agree,Disagree,Strongly Agree,Agree,Strongly Agree,Neither Agree nor Disagree,Neither Agree nor Disagree,Agree,Agree,Agree,Strongly Agree,Agree,Agree,Strongly Disagree,Agree,Disagree,Strongly Agree,Strongly Disagree,Neither Agree nor Disagree,Strongly Agree,Disagree,Neither Agree nor Disagree,Neither Agree nor Disagree,Agree,Neither Agree nor Disagree,Agree,Agree,Sometimes,Sometimes,Often
9/21/2026 17:52:27,Software or digital monitoring only,IT or Software Services,Less than 2 years,More than 500 employees,Male,Individual contributor or entry level,Agree,Agree,Strongly Disagree,Agree,Neither Agree nor Disagree,Disagree,Agree,Neither Agree nor Disagree,Disagree,Neither Agree nor Disagree,Neither Agree nor Disagree,Agree,Strongly Disagree,Strongly Disagree,Strongly Disagree,Strongly Disagree,Strongly Disagree,Agree,Disagree,Strongly Agree,Neither Agree nor Disagree,Neither Agree nor Disagree,Disagree,Disagree,Disagree,Strongly Disagree,Disagree,Disagree,Disagree,Neither Agree nor Disagree,Disagree,Never,Never,Never
9/21/2026 17:54:51,Both digital and physical monitoring,IT or Software Services,More than 10 years,50 to 500 employees,Male,Individual contributor or entry level,Strongly Agree,Disagree,Disagree,Agree,Agree,Strongly Agree,Agree,Agree,Neither Agree nor Disagree,Neither Agree nor Disagree,Agree,Agree,Disagree,Disagree,Disagree,Disagree,Neither Agree nor Disagree,Neither Agree nor Disagree,Neither Agree nor Disagree,Neither Agree nor Disagree,Neither Agree nor Disagree,Neither Agree nor Disagree,Neither Agree nor Disagree,Neither Agree nor Disagree,Disagree,Neither Agree nor Disagree,Neither Agree nor Disagree,Neither Agree nor Disagree,Agree,Agree,Agree,Rarely,Sometimes,Sometimes
9/21/2026 17:57:14,Software or digital monitoring only,Other,Less than 2 years,50 to 500 employees,Male,Senior leadership (director and above),Neither Agree nor Disagree,Neither Agree nor Disagree,Agree,Agree,Agree,Disagree,Agree,Agree,Agree,Neither Agree nor Disagree,Agree,Agree,Neither Agree nor Disagree,Neither Agree nor Disagree,Disagree,Disagree,Neither Agree nor Disagree,Neither Agree nor Disagree,Neither Agree nor Disagree,Neither Agree nor Disagree,Neither Agree nor Disagree,Disagree,Neither Agree nor Disagree,Neither Agree nor Disagree,Disagree,Agree,Agree,Agree,Agree,Neither Agree nor Disagree,Neither Agree nor Disagree,Sometimes,Sometimes,Sometimes
9/21/2026 18:00:21,"Physical monitoring only (CCTV, biometric access, desk-time tracking)",IT or Software Services,Less than 2 years,More than 500 employees,Male,Individual contributor or entry level,Neither Agree nor Disagree,Disagree,Neither Agree nor Disagree,Strongly Disagree,Disagree,Strongly Disagree,Strongly Disagree,Strongly Disagree,Disagree,Disagree,Strongly Disagree,Strongly Disagree,Agree,Agree,Agree,Disagree,Agree,Agree,Disagree,Agree,Disagree,Agree,Disagree,Disagree,Disagree,Strongly Disagree,Strongly Disagree,Strongly Disagree,Strongly Disagree,Disagree,Strongly Disagree,Sometimes,Sometimes,Often
9/21/2026 18:02:31,"Physical monitoring only (CCTV, biometric access, desk-time tracking)",IT or Software Services,2 to 5 years,50 to 500 employees,Female,Individual contributor or entry level,Agree,Strongly Agree,Strongly Disagree,Neither Agree nor Disagree,Strongly Disagree,Neither Agree nor Disagree,Disagree,Neither Agree nor Disagree,Strongly Disagree,Strongly Disagree,Disagree,Disagree,Neither Agree nor Disagree,Disagree,Disagree,Strongly Disagree,Neither Agree nor Disagree,Strongly Disagree,Agree,Strongly Disagree,Agree,Disagree,Strongly Agree,Strongly Agree,Disagree,Agree,Strongly Agree,Strongly Agree,Strongly Agree,Strongly Agree,Strongly Agree,Often,Always,Always
9/21/2026 18:05:32,"Physical monitoring only (CCTV, biometric access, desk-time tracking)",Other,6 to 10 years,50 to 500 employees,Male,Senior leadership (director and above),Disagree,Neither Agree nor Disagree,Agree,Agree,Disagree,Neither Agree nor Disagree,Neither Agree nor Disagree,Agree,Agree,Neither Agree nor Disagree,Agree,Neither Agree nor Disagree,Disagree,Neither Agree nor Disagree,Neither Agree nor Disagree,Agree,Agree,Neither Agree nor Disagree,Agree,Disagree,Agree,Disagree,Agree,Agree,Disagree,Agree,Agree,Strongly Agree,Agree,Agree,Strongly Agree,Sometimes,Sometimes,Sometimes
9/21/2026 18:08:10,Both digital and physical monitoring,IT or Software Services,Less than 2 years,More than 500 employees,Female,"Middle management (team lead, manager)",Agree,Neither Agree nor Disagree,Agree,Strongly Agree,Strongly Agree,Strongly Agree,Strongly Agree,Strongly Agree,Strongly Agree,Strongly Agree,Strongly Agree,Strongly Agree,Agree,Neither Agree nor Disagree,Neither Agree nor Disagree,Agree,Neither Agree nor Disagree,Agree,Disagree,Agree,Neither Agree nor Disagree,Strongly Agree,Disagree,Disagree,Disagree,Strongly Disagree,Strongly Disagree,Strongly Disagree,Strongly Disagree,Strongly Disagree,Strongly Disagree,Sometimes,Sometimes,Rarely
9/21/2026 18:10:19,Software or digital monitoring only,IT or Software Services,6 to 10 years,More than 500 employees,Male,"Middle management (team lead, manager)",Agree,Agree,Disagree,Strongly Agree,Strongly Agree,Strongly Disagree,Strongly Agree,Strongly Agree,Agree,Neither Agree nor Disagree,Strongly Agree,Strongly Agree,Disagree,Disagree,Disagree,Disagree,Disagree,Neither Agree nor Disagree,Neither Agree nor Disagree,Neither Agree nor Disagree,Neither Agree nor Disagree,Agree,Neither Agree nor Disagree,Neither Agree nor Disagree,Disagree,Neither Agree nor Disagree,Neither Agree nor Disagree,Neither Agree nor Disagree,Disagree,Neither Agree nor Disagree,Neither Agree nor Disagree,Rarely,Rarely,Sometimes
9/21/2026 18:12:21,Software or digital monitoring only,Other,More than 10 years,More than 500 employees,Female,Individual contributor or entry level,Agree,Strongly Agree,Strongly Disagree,Strongly Agree,Strongly Agree,Disagree,Strongly Agree,Strongly Agree,Neither Agree nor Disagree,Agree,Agree,Agree,Disagree,Neither Agree nor Disagree,Disagree,Disagree,Neither Agree nor Disagree,Strongly Agree,Disagree,Agree,Strongly Disagree,Strongly Agree,Strongly Disagree,Disagree,Disagree,Neither Agree nor Disagree,Disagree,Disagree,Neither Agree nor Disagree,Neither Agree nor Disagree,Disagree,Rarely,Sometimes,Sometimes
9/21/2026 18:14:18,Software or digital monitoring only,BPO or ITES,Less than 2 years,More than 500 employees,Male,Individual contributor or entry level,Neither Agree nor Disagree,Disagree,Neither Agree nor Disagree,Disagree,Neither Agree nor Disagree,Strongly Disagree,Neither Agree nor Disagree,Disagree,Agree,Neither Agree nor Disagree,Disagree,Disagree,Strongly Disagree,Disagree,Disagree,Disagree,Disagree,Strongly Agree,Disagree,Agree,Disagree,Agree,Disagree,Strongly Disagree,Disagree,Strongly Disagree,Strongly Disagree,Strongly Disagree,Strongly Disagree,Strongly Disagree,Strongly Disagree,Never,Never,Rarely
9/21/2026 18:17:15,Both digital and physical monitoring,IT or Software Services,2 to 5 years,50 to 500 employees,Female,Individual contributor or entry level,Neither Agree nor Disagree,Strongly Agree,Strongly Disagree,Strongly Agree,Strongly Agree,Strongly Agree,Agree,Strongly Agree,Strongly Agree,Agree,Agree,Strongly Agree,Agree,Agree,Agree,Neither Agree nor Disagree,Agree,Agree,Disagree,Agree,Disagree,Neither Agree nor Disagree,Neither Agree nor Disagree,Neither Agree nor Disagree,Disagree,Disagree,Disagree,Disagree,Disagree,Strongly Disagree,Strongly Disagree,Sometimes,Sometimes,Sometimes
9/21/2026 18:20:06,"Physical monitoring only (CCTV, biometric access, desk-time tracking)",IT or Software Services,2 to 5 years,More than 500 employees,Male,"Middle management (team lead, manager)",Agree,Agree,Agree,Agree,Disagree,Agree,Neither Agree nor Disagree,Agree,Strongly Disagree,Strongly Disagree,Agree,Agree,Neither Agree nor Disagree,Agree,Agree,Agree,Neither Agree nor Disagree,Strongly Disagree,Agree,Disagree,Agree,Disagree,Agree,Strongly Agree,Disagree,Strongly Agree,Strongly Agree,Strongly Agree,Strongly Agree,Agree,Agree,Always,Often,Often
9/21/2026 18:26:40,Both digital and physical monitoring,IT or Software Services,6 to 10 years,Fewer than 50 employees,Female,Individual contributor or entry level,Agree,Disagree,Disagree,Strongly Agree,Strongly Agree,Strongly Agree,Strongly Agree,Strongly Agree,Agree,Neither Agree nor Disagree,Neither Agree nor Disagree,Strongly Agree,Disagree,Disagree,Disagree,Disagree,Neither Agree nor Disagree,Neither Agree nor Disagree,Neither Agree nor Disagree,Agree,Disagree,Agree,Neither Agree nor Disagree,Neither Agree nor Disagree,Disagree,Strongly Disagree,Strongly Disagree,Strongly Disagree,Strongly Disagree,Strongly Disagree,Strongly Disagree,Sometimes,Rarely,Rarely
9/21/2026 18:28:45,Software or digital monitoring only,IT or Software Services,6 to 10 years,More than 500 employees,Male,Individual contributor or entry level,Disagree,Agree,Agree,Strongly Agree,Strongly Agree,Disagree,Strongly Agree,Strongly Agree,Strongly Agree,Strongly Agree,Strongly Agree,Strongly Agree,Neither Agree nor Disagree,Neither Agree nor Disagree,Agree,Neither Agree nor Disagree,Agree,Neither Agree nor Disagree,Neither Agree nor Disagree,Neither Agree nor Disagree,Disagree,Neither Agree nor Disagree,Disagree,Neither Agree nor Disagree,Disagree,Strongly Agree,Agree,Agree,Agree,Neither Agree nor Disagree,Strongly Agree,Sometimes,Sometimes,Sometimes
9/21/2026 18:30:37,Both digital and physical monitoring,IT or Software Services,2 to 5 years,50 to 500 employees,Female,Individual contributor or entry level,Disagree,Agree,Strongly Agree,Agree,Neither Agree nor Disagree,Agree,Neither Agree nor Disagree,Agree,Strongly Disagree,Disagree,Neither Agree nor Disagree,Agree,Agree,Neither Agree nor Disagree,Agree,Agree,Agree,Neither Agree nor Disagree,Disagree,Agree,Neither Agree nor Disagree,Disagree,Neither Agree nor Disagree,Neither Agree nor Disagree,Disagree,Disagree,Disagree,Neither Agree nor Disagree,Neither Agree nor Disagree,Disagree,Disagree,Often,Often,Often
9/21/2026 18:31:47,Software or digital monitoring only,BPO or ITES,2 to 5 years,Fewer than 50 employees,Male,Individual contributor or entry level,Agree,Agree,Neither Agree nor Disagree,Strongly Agree,Strongly Agree,Disagree,Strongly Agree,Strongly Agree,Strongly Agree,Strongly Agree,Strongly Agree,Strongly Agree,Disagree,Agree,Agree,Disagree,Neither Agree nor Disagree,Strongly Agree,Disagree,Agree,Neither Agree nor Disagree,Neither Agree nor Disagree,Disagree,Disagree,Disagree,Strongly Disagree,Neither Agree nor Disagree,Disagree,Neither Agree nor Disagree,Disagree,Disagree,Rarely,Rarely,Rarely
9/21/2026 18:34:39,Software or digital monitoring only,IT or Software Services,Less than 2 years,More than 500 employees,Female,Individual contributor or entry level,Neither Agree nor Disagree,Neither Agree nor Disagree,Agree,Strongly Agree,Strongly Agree,Strongly Disagree,Strongly Agree,Strongly Agree,Agree,Agree,Strongly Agree,Strongly Agree,Agree,Strongly Agree,Strongly Agree,Strongly Agree,Agree,Strongly Disagree,Neither Agree nor Disagree,Strongly Disagree,Neither Agree nor Disagree,Disagree,Strongly Agree,Agree,Disagree,Agree,Neither Agree nor Disagree,Neither Agree nor Disagree,Agree,Neither Agree nor Disagree,Neither Agree nor Disagree,Often,Often,Always
9/21/2026 18:38:45,Software or digital monitoring only,IT or Software Services,2 to 5 years,Fewer than 50 employees,Male,Individual contributor or entry level,Neither Agree nor Disagree,Agree,Strongly Disagree,Strongly Agree,Strongly Agree,Disagree,Agree,Agree,Strongly Agree,Strongly Agree,Strongly Agree,Agree,Agree,Agree,Disagree,Disagree,Neither Agree nor Disagree,Agree,Strongly Disagree,Agree,Strongly Disagree,Agree,Strongly Disagree,Strongly Disagree,Disagree,Disagree,Disagree,Strongly Disagree,Disagree,Disagree,Strongly Disagree,Sometimes,Sometimes,Often
9/21/2026 18:39:51,Software or digital monitoring only,IT or Software Services,2 to 5 years,Fewer than 50 employees,Female,Individual contributor or entry level,Agree,Strongly Agree,Agree,Strongly Agree,Strongly Agree,Disagree,Agree,Strongly Agree,Strongly Disagree,Strongly Disagree,Strongly Agree,Agree,Strongly Agree,Strongly Agree,Agree,Agree,Strongly Agree,Strongly Disagree,Agree,Strongly Disagree,Agree,Strongly Disagree,Strongly Agree,Strongly Agree,Disagree,Disagree,Neither Agree nor Disagree,Disagree,Neither Agree nor Disagree,Neither Agree nor Disagree,Agree,Always,Always,Always
9/21/2026 18:40:57,Software or digital monitoring only,IT or Software Services,Less than 2 years,50 to 500 employees,Male,Individual contributor or entry level,Strongly Disagree,Neither Agree nor Disagree,Agree,Agree,Strongly Agree,Disagree,Agree,Agree,Neither Agree nor Disagree,Agree,Strongly Agree,Agree,Strongly Agree,Strongly Agree,Agree,Agree,Agree,Disagree,Neither Agree nor Disagree,Neither Agree nor Disagree,Agree,Disagree,Agree,Agree,Disagree,Agree,Agree,Neither Agree nor Disagree,Agree,Agree,Neither Agree nor Disagree,Rarely,Rarely,Rarely
9/21/2026 18:45:57,Software or digital monitoring only,BPO or ITES,2 to 5 years,More than 500 employees,Female,"Middle management (team lead, manager)",Agree,Strongly Agree,Strongly Disagree,Agree,Strongly Agree,Strongly Disagree,Agree,Neither Agree nor Disagree,Disagree,Neither Agree nor Disagree,Agree,Neither Agree nor Disagree,Neither Agree nor Disagree,Neither Agree nor Disagree,Neither Agree nor Disagree,Neither Agree nor Disagree,Neither Agree nor Disagree,Neither Agree nor Disagree,Neither Agree nor Disagree,Agree,Neither Agree nor Disagree,Neither Agree nor Disagree,Disagree,Neither Agree nor Disagree,Disagree,Neither Agree nor Disagree,Disagree,Neither Agree nor Disagree,Disagree,Neither Agree nor Disagree,Disagree,Often,Sometimes,Sometimes
9/21/2026 18:47:27,"Physical monitoring only (CCTV, biometric access, desk-time tracking)",IT or Software Services,2 to 5 years,Fewer than 50 employees,Male,Senior leadership (director and above),Agree,Agree,Agree,Neither Agree nor Disagree,Disagree,Agree,Neither Agree nor Disagree,Disagree,Strongly Disagree,Strongly Disagree,Neither Agree nor Disagree,Disagree,Neither Agree nor Disagree,Neither Agree nor Disagree,Neither Agree nor Disagree,Neither Agree nor Disagree,Neither Agree nor Disagree,Strongly Disagree,Strongly Agree,Strongly Disagree,Strongly Agree,Strongly Disagree,Strongly Agree,Agree,Disagree,Agree,Strongly Agree,Agree,Strongly Agree,Strongly Agree,Agree,Always,Always,Always
9/21/2026 18:53:58,Software or digital monitoring only,IT or Software Services,6 to 10 years,Fewer than 50 employees,Male,"Middle management (team lead, manager)",Agree,Disagree,Agree,Agree,Neither Agree nor Disagree,Strongly Disagree,Agree,Agree,Disagree,Neither Agree nor Disagree,Strongly Agree,Agree,Agree,Neither Agree nor Disagree,Neither Agree nor Disagree,Neither Agree nor Disagree,Neither Agree nor Disagree,Strongly Agree,Strongly Disagree,Strongly Agree,Strongly Disagree,Strongly Agree,Disagree,Strongly Disagree,Disagree,Disagree,Neither Agree nor Disagree,Neither Agree nor Disagree,Disagree,Disagree,Disagree,Often,Sometimes,Sometimes
9/21/2026 19:00:27,Software or digital monitoring only,IT or Software Services,2 to 5 years,50 to 500 employees,Male,Individual contributor or entry level,Neither Agree nor Disagree,Neither Agree nor Disagree,Agree,Strongly Agree,Strongly Agree,Disagree,Strongly Agree,Agree,Agree,Agree,Agree,Agree,Neither Agree nor Disagree,Agree,Agree,Neither Agree nor Disagree,Neither Agree nor Disagree,Agree,Disagree,Agree,Disagree,Agree,Disagree,Strongly Disagree,Disagree,Neither Agree nor Disagree,Neither Agree nor Disagree,Neither Agree nor Disagree,Neither Agree nor Disagree,Neither Agree nor Disagree,Neither Agree nor Disagree,Sometimes,Sometimes,Often
9/21/2026 19:02:06,Software or digital monitoring only,IT or Software Services,2 to 5 years,More than 500 employees,Female,Individual contributor or entry level,Neither Agree nor Disagree,Disagree,Disagree,Strongly Agree,Agree,Disagree,Agree,Strongly Agree,Strongly Agree,Strongly Agree,Agree,Agree,Disagree,Disagree,Disagree,Disagree,Disagree,Agree,Disagree,Neither Agree nor Disagree,Neither Agree nor Disagree,Neither Agree nor Disagree,Disagree,Disagree,Disagree,Agree,Agree,Neither Agree nor Disagree,Neither Agree nor Disagree,Agree,Neither Agree nor Disagree,Often,Sometimes,Often
9/21/2026 19:06:13,Software or digital monitoring only,BPO or ITES,6 to 10 years,Fewer than 50 employees,Male,Senior leadership (director and above),Agree,Agree,Disagree,Strongly Agree,Agree,Disagree,Strongly Agree,Strongly Agree,Disagree,Neither Agree nor Disagree,Agree,Strongly Agree,Strongly Agree,Strongly Agree,Agree,Strongly Agree,Agree,Disagree,Neither Agree nor Disagree,Disagree,Agree,Disagree,Agree,Agree,Disagree,Agree,Agree,Agree,Agree,Agree,Agree,Sometimes,Often,Often
9/21/2026 19:10:15,Both digital and physical monitoring,IT or Software Services,More than 10 years,50 to 500 employees,Female,Individual contributor or entry level,Agree,Agree,Strongly Disagree,Strongly Agree,Strongly Agree,Strongly Agree,Strongly Agree,Strongly Agree,Strongly Agree,Agree,Strongly Agree,Strongly Agree,Strongly Agree,Strongly Agree,Strongly Agree,Strongly Agree,Strongly Agree,Strongly Disagree,Strongly Agree,Strongly Disagree,Strongly Agree,Strongly Disagree,Strongly Agree,Strongly Agree,Disagree,Agree,Neither Agree nor Disagree,Neither Agree nor Disagree,Neither Agree nor Disagree,Neither Agree nor Disagree,Neither Agree nor Disagree,Often,Often,Always
9/21/2026 19:11:53,Both digital and physical monitoring,IT or Software Services,6 to 10 years,More than 500 employees,Male,Individual contributor or entry level,Disagree,Agree,Strongly Agree,Agree,Agree,Agree,Agree,Neither Agree nor Disagree,Strongly Disagree,Strongly Disagree,Agree,Neither Agree nor Disagree,Neither Agree nor Disagree,Neither Agree nor Disagree,Neither Agree nor Disagree,Agree,Neither Agree nor Disagree,Disagree,Agree,Disagree,Neither Agree nor Disagree,Disagree,Agree,Agree,Disagree,Disagree,Neither Agree nor Disagree,Neither Agree nor Disagree,Agree,Disagree,Neither Agree nor Disagree,Often,Often,Often
9/21/2026 19:18:55,Software or digital monitoring only,IT or Software Services,Less than 2 years,More than 500 employees,Female,Individual contributor or entry level,Agree,Strongly Agree,Disagree,Strongly Agree,Strongly Agree,Strongly Disagree,Agree,Strongly Agree,Strongly Agree,Strongly Agree,Strongly Agree,Strongly Agree,Neither Agree nor Disagree,Agree,Neither Agree nor Disagree,Agree,Agree,Strongly Agree,Strongly Disagree,Strongly Agree,Strongly Disagree,Strongly Agree,Strongly Disagree,Strongly Disagree,Disagree,Strongly Disagree,Disagree,Disagree,Disagree,Disagree,Disagree,Never,Never,Never
9/21/2026 19:21:37,Both digital and physical monitoring,IT or Software Services,Less than 2 years,Fewer than 50 employees,Male,Individual contributor or entry level,Agree,Strongly Agree,Strongly Disagree,Neither Agree nor Disagree,Disagree,Neither Agree nor Disagree,Disagree,Neither Agree nor Disagree,Neither Agree nor Disagree,Disagree,Neither Agree nor Disagree,Neither Agree nor Disagree,Disagree,Disagree,Disagree,Disagree,Disagree,Agree,Disagree,Agree,Strongly Disagree,Agree,Strongly Disagree,Disagree,Disagree,Strongly Disagree,Strongly Disagree,Strongly Disagree,Strongly Disagree,Strongly Disagree,Strongly Disagree,Never,Never,Never
9/21/2026 19:26:28,Software or digital monitoring only,IT or Software Services,6 to 10 years,More than 500 employees,Male,Individual contributor or entry level,Agree,Neither Agree nor Disagree,Neither Agree nor Disagree,Agree,Agree,Strongly Disagree,Agree,Strongly Agree,Agree,Agree,Agree,Strongly Agree,Neither Agree nor Disagree,Disagree,Neither Agree nor Disagree,Neither Agree nor Disagree,Neither Agree nor Disagree,Neither Agree nor Disagree,Agree,Neither Agree nor Disagree,Neither Agree nor Disagree,Disagree,Neither Agree nor Disagree,Strongly Agree,Disagree,Neither Agree nor Disagree,Agree,Disagree,Neither Agree nor Disagree,Neither Agree nor Disagree,Neither Agree nor Disagree,Often,Often,Often
9/21/2026 19:28:57,Both digital and physical monitoring,IT or Software Services,Less than 2 years,More than 500 employees,Female,Individual contributor or entry level,Neither Agree nor Disagree,Disagree,Neither Agree nor Disagree,Neither Agree nor Disagree,Agree,Neither Agree nor Disagree,Agree,Agree,Strongly Agree,Agree,Neither Agree nor Disagree,Neither Agree nor Disagree,Neither Agree nor Disagree,Disagree,Strongly Disagree,Disagree,Disagree,Strongly Agree,Disagree,Agree,Disagree,Strongly Agree,Disagree,Strongly Disagree,Disagree,Disagree,Strongly Disagree,Strongly Disagree,Strongly Disagree,Strongly Disagree,Strongly Disagree,Never,Never,Rarely
9/21/2026 19:29:53,Both digital and physical monitoring,IT or Software Services,2 to 5 years,Fewer than 50 employees,Male,Individual contributor or entry level,Neither Agree nor Disagree,Neither Agree nor Disagree,Agree,Strongly Agree,Agree,Agree,Agree,Agree,Neither Agree nor Disagree,Neither Agree nor Disagree,Strongly Agree,Strongly Agree,Agree,Agree,Agree,Neither Agree nor Disagree,Disagree,Strongly Agree,Strongly Disagree,Strongly Agree,Strongly Disagree,Agree,Strongly Disagree,Strongly Disagree,Disagree,Neither Agree nor Disagree,Neither Agree nor Disagree,Agree,Neither Agree nor Disagree,Neither Agree nor Disagree,Agree,Rarely,Often,Sometimes
9/29/2026 11:47:48,I am not sure,Other,2 to 5 years,50 to 500 employees,Male,Individual contributor or entry level,Agree,Neither Agree nor Disagree,Neither Agree nor Disagree,Neither Agree nor Disagree,Strongly Disagree,Disagree,Neither Agree nor Disagree,Neither Agree nor Disagree,Strongly Disagree,Strongly Disagree,Disagree,Neither Agree nor Disagree,Disagree,Neither Agree nor Disagree,Disagree,Disagree,Neither Agree nor Disagree,Neither Agree nor Disagree,Neither Agree nor Disagree,Neither Agree nor Disagree,Neither Agree nor Disagree,Neither Agree nor Disagree,Neither Agree nor Disagree,Neither Agree nor Disagree,Disagree,Agree,Neither Agree nor Disagree,Agree,Neither Agree nor Disagree,Agree,Agree,Often,Sometimes,Sometimes
9/29/2026 11:49:24,Both digital and physical monitoring,IT or Software Services,Less than 2 years,More than 500 employees,Female,"Middle management (team lead, manager)",Neither Agree nor Disagree,Agree,Disagree,Neither Agree nor Disagree,Neither Agree nor Disagree,Neither Agree nor Disagree,Agree,Neither Agree nor Disagree,Disagree,Strongly Disagree,Disagree,Strongly Disagree,Neither Agree nor Disagree,Neither Agree nor Disagree,Neither Agree nor Disagree,Neither Agree nor Disagree,Neither Agree nor Disagree,Strongly Disagree,Strongly Agree,Disagree,Agree,Disagree,Agree,Agree,Disagree,Neither Agree nor Disagree,Neither Agree nor Disagree,Agree,Neither Agree nor Disagree,Agree,Agree,Often,Sometimes,Sometimes
9/29/2026 11:54:16,Software or digital monitoring only,Manufacturing or Other Corporate,2 to 5 years,50 to 500 employees,Male,Individual contributor or entry level,Neither Agree nor Disagree,Agree,Disagree,Neither Agree nor Disagree,Agree,Disagree,Neither Agree nor Disagree,Agree,Disagree,Disagree,Agree,Agree,Strongly Agree,Agree,Agree,Agree,Strongly Agree,Strongly Disagree,Neither Agree nor Disagree,Disagree,Agree,Disagree,Agree,Agree,Disagree,Strongly Disagree,Disagree,Disagree,Disagree,Strongly Disagree,Strongly Disagree,Always,Always,Often
9/29/2026 11:56:31,Software or digital monitoring only,IT or Software Services,2 to 5 years,50 to 500 employees,Female,Individual contributor or entry level,Neither Agree nor Disagree,Neither Agree nor Disagree,Agree,Strongly Agree,Strongly Agree,Strongly Disagree,Strongly Agree,Strongly Agree,Agree,Neither Agree nor Disagree,Strongly Agree,Strongly Agree,Strongly Agree,Strongly Agree,Strongly Agree,Strongly Agree,Strongly Agree,Neither Agree nor Disagree,Disagree,Agree,Disagree,Neither Agree nor Disagree,Disagree,Neither Agree nor Disagree,Disagree,Neither Agree nor Disagree,Strongly Disagree,Disagree,Disagree,Disagree,Disagree,Often,Often,Often
9/29/2026 12:00:55,Both digital and physical monitoring,IT or Software Services,Less than 2 years,50 to 500 employees,Male,Individual contributor or entry level,Strongly Agree,Disagree,Strongly Disagree,Strongly Agree,Strongly Agree,Strongly Agree,Strongly Agree,Strongly Agree,Agree,Agree,Strongly Agree,Strongly Agree,Disagree,Disagree,Disagree,Disagree,Neither Agree nor Disagree,Neither Agree nor Disagree,Neither Agree nor Disagree,Neither Agree nor Disagree,Disagree,Neither Agree nor Disagree,Neither Agree nor Disagree,Neither Agree nor Disagree,Disagree,Neither Agree nor Disagree,Neither Agree nor Disagree,Neither Agree nor Disagree,Neither Agree nor Disagree,Neither Agree nor Disagree,Neither Agree nor Disagree,Rarely,Sometimes,Rarely
9/29/2026 12:02:55,Both digital and physical monitoring,Consulting,2 to 5 years,50 to 500 employees,Female,Individual contributor or entry level,Neither Agree nor Disagree,Strongly Agree,Disagree,Neither Agree nor Disagree,Agree,Neither Agree nor Disagree,Neither Agree nor Disagree,Neither Agree nor Disagree,Neither Agree nor Disagree,Disagree,Disagree,Disagree,Strongly Disagree,Strongly Disagree,Strongly Disagree,Strongly Disagree,Strongly Disagree,Agree,Disagree,Neither Agree nor Disagree,Neither Agree nor Disagree,Neither Agree nor Disagree,Disagree,Disagree,Disagree,Agree,Neither Agree nor Disagree,Disagree,Neither Agree nor Disagree,Neither Agree nor Disagree,Agree,Never,Rarely,Rarely
9/29/2026 12:05:53,Both digital and physical monitoring,IT or Software Services,2 to 5 years,50 to 500 employees,Female,"Middle management (team lead, manager)",Disagree,Agree,Agree,Disagree,Disagree,Disagree,Disagree,Disagree,Neither Agree nor Disagree,Disagree,Strongly Disagree,Disagree,Disagree,Strongly Disagree,Strongly Disagree,Disagree,Disagree,Strongly Disagree,Strongly Agree,Disagree,Agree,Strongly Disagree,Strongly Agree,Strongly Agree,Disagree,Neither Agree nor Disagree,Neither Agree nor Disagree,Agree,Neither Agree nor Disagree,Agree,Neither Agree nor Disagree,Often,Sometimes,Sometimes
9/29/2026 12:06:44,Both digital and physical monitoring,IT or Software Services,2 to 5 years,50 to 500 employees,Male,Individual contributor or entry level,Disagree,Disagree,Neither Agree nor Disagree,Strongly Agree,Strongly Agree,Strongly Agree,Strongly Agree,Strongly Agree,Strongly Agree,Strongly Agree,Agree,Strongly Agree,Neither Agree nor Disagree,Neither Agree nor Disagree,Neither Agree nor Disagree,Neither Agree nor Disagree,Neither Agree nor Disagree,Agree,Strongly Disagree,Agree,Strongly Disagree,Strongly Agree,Strongly Disagree,Strongly Disagree,Disagree,Neither Agree nor Disagree,Neither Agree nor Disagree,Agree,Agree,Neither Agree nor Disagree,Disagree,Never,Rarely,Never
9/29/2026 12:07:32,Software or digital monitoring only,IT or Software Services,Less than 2 years,Fewer than 50 employees,Male,"Middle management (team lead, manager)",Agree,Disagree,Strongly Disagree,Strongly Agree,Agree,Disagree,Neither Agree nor Disagree,Agree,Disagree,Disagree,Agree,Agree,Neither Agree nor Disagree,Neither Agree nor Disagree,Agree,Neither Agree nor Disagree,Disagree,Neither Agree nor Disagree,Neither Agree nor Disagree,Neither Agree nor Disagree,Neither Agree nor Disagree,Neither Agree nor Disagree,Neither Agree nor Disagree,Neither Agree nor Disagree,Disagree,Neither Agree nor Disagree,Agree,Neither Agree nor Disagree,Agree,Agree,Strongly Agree,Sometimes,Sometimes,Sometimes
9/29/2026 12:08:27,Both digital and physical monitoring,Other,Less than 2 years,More than 500 employees,Female,Individual contributor or entry level,Neither Agree nor Disagree,Neither Agree nor Disagree,Disagree,Agree,Strongly Agree,Strongly Agree,Strongly Agree,Strongly Agree,Strongly Agree,Strongly Agree,Agree,Agree,Agree,Disagree,Neither Agree nor Disagree,Neither Agree nor Disagree,Agree,Neither Agree nor Disagree,Disagree,Disagree,Neither Agree nor Disagree,Neither Agree nor Disagree,Neither Agree nor Disagree,Neither Agree nor Disagree,Disagree,Disagree,Disagree,Neither Agree nor Disagree,Neither Agree nor Disagree,Disagree,Disagree,Rarely,Sometimes,Rarely
9/29/2026 12:09:15,Software or digital monitoring only,Manufacturing or Other Corporate,2 to 5 years,Fewer than 50 employees,Male,Individual contributor or entry level,Neither Agree nor Disagree,Agree,Disagree,Strongly Agree,Strongly Agree,Disagree,Strongly Agree,Strongly Agree,Agree,Neither Agree nor Disagree,Strongly Agree,Agree,Neither Agree nor Disagree,Neither Agree nor Disagree,Neither Agree nor Disagree,Agree,Neither Agree nor Disagree,Strongly Agree,Disagree,Strongly Agree,Strongly Disagree,Strongly Agree,Strongly Disagree,Strongly Disagree,Disagree,Disagree,Disagree,Disagree,Disagree,Disagree,Disagree,Sometimes,Rarely,Rarely
9/29/2026 12:10:18,Both digital and physical monitoring,IT or Software Services,More than 10 years,50 to 500 employees,Female,Individual contributor or entry level,Neither Agree nor Disagree,Strongly Agree,Agree,Agree,Neither Agree nor Disagree,Neither Agree nor Disagree,Neither Agree nor Disagree,Agree,Strongly Disagree,Strongly Disagree,Neither Agree nor Disagree,Neither Agree nor Disagree,Agree,Neither Agree nor Disagree,Agree,Agree,Agree,Strongly Disagree,Agree,Disagree,Strongly Agree,Strongly Disagree,Strongly Agree,Strongly Agree,Disagree,Strongly Agree,Strongly Agree,Strongly Agree,Strongly Agree,Strongly Agree,Strongly Agree,Often,Often,Often
9/29/2026 12:11:37,Software or digital monitoring only,IT or Software Services,2 to 5 years,50 to 500 employees,Male,Individual contributor or entry level,Strongly Disagree,Disagree,Disagree,Strongly Agree,Strongly Agree,Strongly Disagree,Strongly Agree,Strongly Agree,Neither Agree nor Disagree,Neither Agree nor Disagree,Strongly Agree,Strongly Agree,Strongly Disagree,Strongly Disagree,Strongly Disagree,Strongly Disagree,Strongly Disagree,Agree,Neither Agree nor Disagree,Neither Agree nor Disagree,Neither Agree nor Disagree,Neither Agree nor Disagree,Neither Agree nor Disagree,Neither Agree nor Disagree,Disagree,Disagree,Neither Agree nor Disagree,Disagree,Neither Agree nor Disagree,Disagree,Neither Agree nor Disagree,Sometimes,Rarely,Sometimes
9/29/2026 12:13:03,Software or digital monitoring only,IT or Software Services,More than 10 years,More than 500 employees,Female,"Middle management (team lead, manager)",Agree,Neither Agree nor Disagree,Strongly Agree,Agree,Agree,Disagree,Disagree,Neither Agree nor Disagree,Disagree,Strongly Disagree,Neither Agree nor Disagree,Neither Agree nor Disagree,Strongly Agree,Strongly Agree,Strongly Agree,Strongly Agree,Strongly Agree,Strongly Disagree,Agree,Strongly Disagree,Strongly Agree,Strongly Disagree,Strongly Agree,Agree,Disagree,Strongly Agree,Strongly Agree,Strongly Agree,Neither Agree nor Disagree,Agree,Agree,Often,Often,Often
9/29/2026 12:17:22,Software or digital monitoring only,Manufacturing or Other Corporate,6 to 10 years,50 to 500 employees,Male,Individual contributor or entry level,Strongly Agree,Neither Agree nor Disagree,Agree,Strongly Agree,Agree,Strongly Disagree,Agree,Agree,Neither Agree nor Disagree,Neither Agree nor Disagree,Agree,Agree,Agree,Agree,Neither Agree nor Disagree,Agree,Agree,Disagree,Agree,Disagree,Agree,Disagree,Agree,Agree,Disagree,Neither Agree nor Disagree,Disagree,Disagree,Neither Agree nor Disagree,Neither Agree nor Disagree,Disagree,Rarely,Rarely,Rarely
9/29/2026 12:19:10,Software or digital monitoring only,IT or Software Services,6 to 10 years,50 to 500 employees,Female,Individual contributor or entry level,Neither Agree nor Disagree,Neither Agree nor Disagree,Neither Agree nor Disagree,Strongly Agree,Strongly Agree,Disagree,Agree,Strongly Agree,Neither Agree nor Disagree,Disagree,Strongly Agree,Strongly Agree,Agree,Agree,Neither Agree nor Disagree,Neither Agree nor Disagree,Agree,Agree,Disagree,Agree,Disagree,Agree,Disagree,Disagree,Disagree,Neither Agree nor Disagree,Neither Agree nor Disagree,Neither Agree nor Disagree,Disagree,Neither Agree nor Disagree,Disagree,Rarely,Never,Rarely
9/29/2026 12:22:10,Software or digital monitoring only,Manufacturing or Other Corporate,Less than 2 years,50 to 500 employees,Non-binary or Other,Individual contributor or entry level,Strongly Disagree,Agree,Disagree,Agree,Agree,Disagree,Agree,Agree,Neither Agree nor Disagree,Disagree,Neither Agree nor Disagree,Agree,Disagree,Neither Agree nor Disagree,Neither Agree nor Disagree,Neither Agree nor Disagree,Agree,Disagree,Disagree,Disagree,Neither Agree nor Disagree,Neither Agree nor Disagree,Disagree,Neither Agree nor Disagree,Disagree,Disagree,Strongly Disagree,Disagree,Disagree,Disagree,Disagree,Always,Always,Often
9/29/2026 12:22:42,Software or digital monitoring only,IT or Software Services,2 to 5 years,50 to 500 employees,Female,Individual contributor or entry level,Neither Agree nor Disagree,Neither Agree nor Disagree,Agree,Strongly Agree,Agree,Strongly Disagree,Agree,Agree,Agree,Neither Agree nor Disagree,Agree,Agree,Strongly Disagree,Strongly Disagree,Disagree,Strongly Disagree,Disagree,Strongly Agree,Neither Agree nor Disagree,Agree,Disagree,Agree,Disagree,Strongly Disagree,Disagree,Disagree,Disagree,Disagree,Disagree,Disagree,Disagree,Rarely,Never,Never
9/29/2026 12:23:57,Both digital and physical monitoring,IT or Software Services,Less than 2 years,50 to 500 employees,Prefer not to say,Individual contributor or entry level,Strongly Agree,Neither Agree nor Disagree,Agree,Strongly Agree,Agree,Agree,Strongly Agree,Strongly Agree,Neither Agree nor Disagree,Agree,Strongly Agree,Agree,Strongly Agree,Strongly Agree,Strongly Agree,Strongly Agree,Strongly Agree,Disagree,Strongly Agree,Disagree,Agree,Strongly Disagree,Strongly Agree,Strongly Agree,Disagree,Strongly Agree,Strongly Agree,Strongly Agree,Strongly Agree,Strongly Agree,Strongly Agree,Sometimes,Often,Often
9/29/2026 12:25:18,Both digital and physical monitoring,Manufacturing or Other Corporate,6 to 10 years,Fewer than 50 employees,Male,"Middle management (team lead, manager)",Strongly Agree,Disagree,Strongly Disagree,Neither Agree nor Disagree,Agree,Neither Agree nor Disagree,Neither Agree nor Disagree,Agree,Disagree,Disagree,Agree,Disagree,Strongly Disagree,Strongly Disagree,Strongly Disagree,Strongly Disagree,Strongly Disagree,Strongly Agree,Disagree,Strongly Agree,Strongly Disagree,Strongly Agree,Strongly Disagree,Strongly Disagree,Disagree,Disagree,Disagree,Disagree,Disagree,Strongly Disagree,Disagree,Never,Never,Never
9/29/2026 12:28:15,Software or digital monitoring only,IT or Software Services,More than 10 years,More than 500 employees,Male,Individual contributor or entry level,Agree,Neither Agree nor Disagree,Neither Agree nor Disagree,Agree,Agree,Disagree,Neither Agree nor Disagree,Neither Agree nor Disagree,Neither Agree nor Disagree,Disagree,Neither Agree nor Disagree,Agree,Strongly Disagree,Strongly Disagree,Strongly Disagree,Strongly Disagree,Disagree,Agree,Disagree,Strongly Agree,Strongly Disagree,Strongly Agree,Strongly Disagree,Disagree,Disagree,Disagree,Disagree,Neither Agree nor Disagree,Disagree,Strongly Disagree,Disagree,Never,Rarely,Rarely
9/29/2026 12:36:16,Both digital and physical monitoring,IT or Software Services,2 to 5 years,More than 500 employees,Male,Individual contributor or entry level,Neither Agree nor Disagree,Agree,Strongly Agree,Agree,Agree,Agree,Agree,Agree,Neither Agree nor Disagree,Disagree,Agree,Agree,Strongly Disagree,Strongly Disagree,Strongly Disagree,Strongly Disagree,Strongly Disagree,Neither Agree nor Disagree,Disagree,Agree,Disagree,Agree,Disagree,Neither Agree nor Disagree,Disagree,Neither Agree nor Disagree,Agree,Neither Agree nor Disagree,Agree,Neither Agree nor Disagree,Neither Agree nor Disagree,Rarely,Rarely,Rarely
9/29/2026 12:36:50,Software or digital monitoring only,IT or Software Services,Less than 2 years,50 to 500 employees,Female,Individual contributor or entry level,Strongly Disagree,Agree,Strongly Disagree,Strongly Agree,Strongly Agree,Strongly Disagree,Agree,Agree,Strongly Agree,Strongly Agree,Agree,Strongly Agree,Strongly Disagree,Strongly Disagree,Strongly Disagree,Strongly Disagree,Disagree,Agree,Disagree,Agree,Agree,Neither Agree nor Disagree,Disagree,Neither Agree nor Disagree,Disagree,Disagree,Disagree,Disagree,Disagree,Neither Agree nor Disagree,Strongly Disagree,Sometimes,Rarely,Rarely
9/29/2026 12:40:23,Software or digital monitoring only,IT or Software Services,2 to 5 years,50 to 500 employees,Male,"Middle management (team lead, manager)",Strongly Agree,Strongly Agree,Disagree,Strongly Agree,Agree,Disagree,Agree,Strongly Agree,Strongly Disagree,Strongly Disagree,Agree,Strongly Agree,Disagree,Strongly Disagree,Disagree,Strongly Disagree,Neither Agree nor Disagree,Agree,Disagree,Agree,Disagree,Agree,Disagree,Neither Agree nor Disagree,Disagree,Neither Agree nor Disagree,Disagree,Disagree,Disagree,Disagree,Neither Agree nor Disagree,Rarely,Never,Rarely
9/29/2026 12:42:03,Both digital and physical monitoring,IT or Software Services,6 to 10 years,50 to 500 employees,Male,"Middle management (team lead, manager)",Disagree,Agree,Agree,Neither Agree nor Disagree,Neither Agree nor Disagree,Agree,Neither Agree nor Disagree,Neither Agree nor Disagree,Disagree,Disagree,Neither Agree nor Disagree,Agree,Disagree,Disagree,Disagree,Disagree,Strongly Disagree,Neither Agree nor Disagree,Neither Agree nor Disagree,Disagree,Neither Agree nor Disagree,Neither Agree nor Disagree,Disagree,Neither Agree nor Disagree,Disagree,Neither Agree nor Disagree,Neither Agree nor Disagree,Agree,Neither Agree nor Disagree,Agree,Agree,Often,Often,Rarely
9/29/2026 12:43:18,Software or digital monitoring only,IT or Software Services,6 to 10 years,More than 500 employees,Male,Individual contributor or entry level,Neither Agree nor Disagree,Neither Agree nor Disagree,Agree,Neither Agree nor Disagree,Neither Agree nor Disagree,Strongly Disagree,Neither Agree nor Disagree,Neither Agree nor Disagree,Strongly Disagree,Strongly Disagree,Disagree,Disagree,Neither Agree nor Disagree,Agree,Neither Agree nor Disagree,Neither Agree nor Disagree,Agree,Strongly Disagree,Strongly Agree,Disagree,Strongly Agree,Disagree,Agree,Neither Agree nor Disagree,Disagree,Agree,Neither Agree nor Disagree,Agree,Agree,Agree,Agree,Always,Always,Often
9/29/2026 12:47:15,Software or digital monitoring only,BPO or ITES,More than 10 years,More than 500 employees,Male,Individual contributor or entry level,Strongly Agree,Strongly Agree,Strongly Agree,Agree,Strongly Agree,Neither Agree nor Disagree,Neither Agree nor Disagree,Agree,Agree,Agree,Neither Agree nor Disagree,Agree,Strongly Agree,Strongly Agree,Strongly Agree,Strongly Agree,Strongly Agree,Disagree,Agree,Neither Agree nor Disagree,Neither Agree nor Disagree,Neither Agree nor Disagree,Neither Agree nor Disagree,Neither Agree nor Disagree,Disagree,Neither Agree nor Disagree,Disagree,Disagree,Disagree,Disagree,Disagree,Always,Always,Always
9/29/2026 12:49:52,Software or digital monitoring only,IT or Software Services,6 to 10 years,50 to 500 employees,Female,Individual contributor or entry level,Neither Agree nor Disagree,Disagree,Disagree,Agree,Strongly Agree,Disagree,Agree,Agree,Neither Agree nor Disagree,Neither Agree nor Disagree,Agree,Agree,Agree,Agree,Agree,Neither Agree nor Disagree,Neither Agree nor Disagree,Agree,Disagree,Strongly Agree,Strongly Disagree,Strongly Agree,Strongly Disagree,Disagree,Disagree,Disagree,Strongly Disagree,Disagree,Disagree,Strongly Disagree,Strongly Disagree,Rarely,Rarely,Rarely
9/29/2026 12:52:16,Software or digital monitoring only,IT or Software Services,2 to 5 years,50 to 500 employees,Male,Individual contributor or entry level,Agree,Strongly Disagree,Neither Agree nor Disagree,Strongly Agree,Strongly Agree,Disagree,Strongly Agree,Strongly Agree,Neither Agree nor Disagree,Disagree,Strongly Agree,Agree,Agree,Agree,Agree,Agree,Strongly Agree,Disagree,Agree,Neither Agree nor Disagree,Agree,Neither Agree nor Disagree,Neither Agree nor Disagree,Neither Agree nor Disagree,Disagree,Agree,Strongly Agree,Agree,Strongly Agree,Strongly Agree,Strongly Agree,Sometimes,Often,Sometimes
9/29/2026 12:56:28,"Physical monitoring only (CCTV, biometric access, desk-time tracking)",IT or Software Services,6 to 10 years,Fewer than 50 employees,Male,"Middle management (team lead, manager)",Disagree,Strongly Agree,Strongly Disagree,Disagree,Strongly Disagree,Neither Agree nor Disagree,Disagree,Neither Agree nor Disagree,Disagree,Neither Agree nor Disagree,Strongly Disagree,Strongly Disagree,Strongly Disagree,Strongly Disagree,Strongly Disagree,Strongly Disagree,Strongly Disagree,Agree,Strongly Disagree,Agree,Disagree,Strongly Agree,Disagree,Disagree,Disagree,Neither Agree nor Disagree,Neither Agree nor Disagree,Neither Agree nor Disagree,Neither Agree nor Disagree,Disagree,Disagree,Sometimes,Rarely,Rarely
9/29/2026 12:57:51,Software or digital monitoring only,IT or Software Services,More than 10 years,50 to 500 employees,Male,Individual contributor or entry level,Agree,Neither Agree nor Disagree,Disagree,Agree,Agree,Disagree,Agree,Agree,Agree,Neither Agree nor Disagree,Agree,Agree,Agree,Neither Agree nor Disagree,Neither Agree nor Disagree,Disagree,Disagree,Agree,Neither Agree nor Disagree,Disagree,Agree,Neither Agree nor Disagree,Neither Agree nor Disagree,Neither Agree nor Disagree,Disagree,Agree,Agree,Agree,Agree,Agree,Agree,Sometimes,Rarely,Sometimes
9/29/2026 12:58:27,Software or digital monitoring only,IT or Software Services,6 to 10 years,50 to 500 employees,Female,Individual contributor or entry level,Agree,Strongly Agree,Neither Agree nor Disagree,Neither Agree nor Disagree,Neither Agree nor Disagree,Disagree,Neither Agree nor Disagree,Neither Agree nor Disagree,Neither Agree nor Disagree,Neither Agree nor Disagree,Neither Agree nor Disagree,Neither Agree nor Disagree,Disagree,Disagree,Strongly Disagree,Disagree,Disagree,Agree,Disagree,Agree,Strongly Disagree,Neither Agree nor Disagree,Neither Agree nor Disagree,Disagree,Disagree,Neither Agree nor Disagree,Neither Agree nor Disagree,Neither Agree nor Disagree,Disagree,Neither Agree nor Disagree,Neither Agree nor Disagree,Sometimes,Rarely,Rarely
9/29/2026 13:00:01,Both digital and physical monitoring,IT or Software Services,2 to 5 years,More than 500 employees,Male,"Middle management (team lead, manager)",Agree,Agree,Agree,Neither Agree nor Disagree,Agree,Agree,Agree,Agree,Neither Agree nor Disagree,Disagree,Agree,Agree,Strongly Agree,Agree,Strongly Agree,Strongly Agree,Strongly Agree,Disagree,Agree,Strongly Disagree,Strongly Agree,Strongly Disagree,Strongly Agree,Strongly Agree,Disagree,Neither Agree nor Disagree,Neither Agree nor Disagree,Neither Agree nor Disagree,Neither Agree nor Disagree,Neither Agree nor Disagree,Neither Agree nor Disagree,Always,Always,Always
9/29/2026 13:01:40,Both digital and physical monitoring,Consulting,6 to 10 years,50 to 500 employees,Female,Individual contributor or entry level,Neither Agree nor Disagree,Strongly Agree,Strongly Agree,Agree,Agree,Agree,Agree,Agree,Strongly Agree,Agree,Agree,Agree,Neither Agree nor Disagree,Agree,Agree,Agree,Neither Agree nor Disagree,Disagree,Agree,Disagree,Agree,Disagree,Agree,Strongly Agree,Disagree,Neither Agree nor Disagree,Neither Agree nor Disagree,Agree,Agree,Neither Agree nor Disagree,Disagree,Always,Always,Always
9/29/2026 13:02:55,"Physical monitoring only (CCTV, biometric access, desk-time tracking)",BPO or ITES,6 to 10 years,50 to 500 employees,Female,Individual contributor or entry level,Agree,Agree,Disagree,Agree,Disagree,Agree,Neither Agree nor Disagree,Agree,Disagree,Disagree,Agree,Agree,Agree,Agree,Strongly Agree,Agree,Agree,Agree,Neither Agree nor Disagree,Agree,Neither Agree nor Disagree,Neither Agree nor Disagree,Neither Agree nor Disagree,Neither Agree nor Disagree,Disagree,Neither Agree nor Disagree,Neither Agree nor Disagree,Agree,Neither Agree nor Disagree,Agree,Neither Agree nor Disagree,Often,Often,Often
9/29/2026 13:04:50,Both digital and physical monitoring,BPO or ITES,2 to 5 years,More than 500 employees,Male,"Middle management (team lead, manager)",Agree,Neither Agree nor Disagree,Neither Agree nor Disagree,Strongly Agree,Agree,Strongly Agree,Agree,Agree,Neither Agree nor Disagree,Disagree,Strongly Agree,Strongly Agree,Agree,Agree,Agree,Agree,Agree,Disagree,Agree,Disagree,Neither Agree nor Disagree,Disagree,Agree,Agree,Disagree,Neither Agree nor Disagree,Agree,Agree,Agree,Agree,Agree,Often,Often,Often
9/29/2026 13:06:50,Both digital and physical monitoring,IT or Software Services,2 to 5 years,More than 500 employees,Female,Individual contributor or entry level,Neither Agree nor Disagree,Agree,Neither Agree nor Disagree,Agree,Agree,Agree,Agree,Strongly Agree,Agree,Agree,Agree,Strongly Agree,Neither Agree nor Disagree,Neither Agree nor Disagree,Neither Agree nor Disagree,Disagree,Neither Agree nor Disagree,Disagree,Agree,Neither Agree nor Disagree,Agree,Neither Agree nor Disagree,Agree,Agree,Disagree,Agree,Neither Agree nor Disagree,Agree,Neither Agree nor Disagree,Neither Agree nor Disagree,Agree,Sometimes,Rarely,Often
9/29/2026 13:07:10,Software or digital monitoring only,IT or Software Services,2 to 5 years,50 to 500 employees,Female,Individual contributor or entry level,Disagree,Disagree,Neither Agree nor Disagree,Agree,Strongly Agree,Disagree,Agree,Neither Agree nor Disagree,Neither Agree nor Disagree,Neither Agree nor Disagree,Agree,Agree,Disagree,Strongly Disagree,Strongly Disagree,Disagree,Strongly Disagree,Strongly Agree,Disagree,Agree,Agree,Agree,Disagree,Disagree,Disagree,Disagree,Disagree,Disagree,Strongly Disagree,Disagree,Strongly Disagree,Rarely,Rarely,Rarely
9/29/2026 13:07:32,Software or digital monitoring only,BPO or ITES,Less than 2 years,50 to 500 employees,Male,Individual contributor or entry level,Agree,Agree,Strongly Agree,Strongly Agree,Agree,Disagree,Agree,Agree,Agree,Neither Agree nor Disagree,Neither Agree nor Disagree,Agree,Agree,Agree,Neither Agree nor Disagree,Neither Agree nor Disagree,Neither Agree nor Disagree,Strongly Agree,Disagree,Agree,Disagree,Neither Agree nor Disagree,Disagree,Strongly Disagree,Disagree,Strongly Disagree,Strongly Disagree,Strongly Disagree,Strongly Disagree,Strongly Disagree,Strongly Disagree,Rarely,Never,Rarely
9/29/2026 13:07:55,Both digital and physical monitoring,IT or Software Services,Less than 2 years,More than 500 employees,Female,Individual contributor or entry level,Neither Agree nor Disagree,Agree,Strongly Agree,Agree,Agree,Agree,Agree,Agree,Agree,Strongly Agree,Agree,Agree,Neither Agree nor Disagree,Neither Agree nor Disagree,Disagree,Neither Agree nor Disagree,Neither Agree nor Disagree,Agree,Neither Agree nor Disagree,Neither Agree nor Disagree,Disagree,Neither Agree nor Disagree,Neither Agree nor Disagree,Disagree,Disagree,Neither Agree nor Disagree,Disagree,Disagree,Neither Agree nor Disagree,Disagree,Disagree,Rarely,Rarely,Rarely
9/29/2026 13:08:32,I am not sure,IT or Software Services,6 to 10 years,50 to 500 employees,Male,Senior leadership (director and above),Strongly Agree,Strongly Agree,Strongly Disagree,Disagree,Neither Agree nor Disagree,Strongly Disagree,Strongly Disagree,Neither Agree nor Disagree,Neither Agree nor Disagree,Disagree,Disagree,Neither Agree nor Disagree,Agree,Neither Agree nor Disagree,Neither Agree nor Disagree,Agree,Agree,Strongly Disagree,Agree,Strongly Disagree,Strongly Agree,Strongly Disagree,Strongly Agree,Strongly Agree,Disagree,Strongly Agree,Strongly Agree,Strongly Agree,Strongly Agree,Strongly Agree,Strongly Agree,Often,Often,Always
9/29/2026 13:09:24,Both digital and physical monitoring,BPO or ITES,2 to 5 years,50 to 500 employees,Male,Individual contributor or entry level,Agree,Disagree,Strongly Agree,Strongly Agree,Strongly Agree,Strongly Agree,Strongly Agree,Strongly Agree,Neither Agree nor Disagree,Disagree,Strongly Agree,Strongly Agree,Agree,Strongly Agree,Agree,Agree,Strongly Agree,Strongly Disagree,Agree,Disagree,Strongly Agree,Strongly Disagree,Strongly Agree,Agree,Disagree,Agree,Strongly Agree,Strongly Agree,Strongly Agree,Strongly Agree,Strongly Agree,Always,Often,Often
9/29/2026 13:10:02,"Physical monitoring only (CCTV, biometric access, desk-time tracking)",IT or Software Services,6 to 10 years,50 to 500 employees,Male,Individual contributor or entry level,Strongly Agree,Agree,Neither Agree nor Disagree,Disagree,Strongly Disagree,Strongly Disagree,Disagree,Disagree,Strongly Disagree,Disagree,Strongly Disagree,Disagree,Disagree,Strongly Disagree,Neither Agree nor Disagree,Strongly Disagree,Disagree,Neither Agree nor Disagree,Neither Agree nor Disagree,Agree,Neither Agree nor Disagree,Neither Agree nor Disagree,Neither Agree nor Disagree,Disagree,Disagree,Neither Agree nor Disagree,Agree,Neither Agree nor Disagree,Agree,Agree,Neither Agree nor Disagree,Sometimes,Sometimes,Sometimes
9/29/2026 13:11:01,Both digital and physical monitoring,IT or Software Services,6 to 10 years,50 to 500 employees,Male,Senior leadership (director and above),Strongly Disagree,Neither Agree nor Disagree,Agree,Agree,Agree,Agree,Neither Agree nor Disagree,Neither Agree nor Disagree,Disagree,Disagree,Agree,Neither Agree nor Disagree,Agree,Agree,Strongly Agree,Strongly Agree,Strongly Agree,Strongly Disagree,Agree,Strongly Disagree,Strongly Agree,Strongly Disagree,Strongly Agree,Strongly Agree,Disagree,Strongly Agree,Strongly Agree,Strongly Agree,Strongly Agree,Strongly Agree,Strongly Agree,Sometimes,Often,Often
9/29/2026 13:11:59,Software or digital monitoring only,IT or Software Services,Less than 2 years,50 to 500 employees,Female,Individual contributor or entry level,Neither Agree nor Disagree,Strongly Agree,Neither Agree nor Disagree,Strongly Agree,Strongly Agree,Neither Agree nor Disagree,Agree,Agree,Neither Agree nor Disagree,Disagree,Neither Agree nor Disagree,Agree,Agree,Agree,Agree,Neither Agree nor Disagree,Agree,Disagree,Neither Agree nor Disagree,Disagree,Neither Agree nor Disagree,Disagree,Neither Agree nor Disagree,Neither Agree nor Disagree,Disagree,Disagree,Disagree,Strongly Disagree,Disagree,Disagree,Disagree,Never,Never,Never
9/29/2026 13:13:05,"Physical monitoring only (CCTV, biometric access, desk-time tracking)",BPO or ITES,Less than 2 years,50 to 500 employees,Male,Individual contributor or entry level,Neither Agree nor Disagree,Agree,Strongly Agree,Disagree,Disagree,Neither Agree nor Disagree,Strongly Disagree,Disagree,Neither Agree nor Disagree,Disagree,Disagree,Disagree,Agree,Neither Agree nor Disagree,Agree,Neither Agree nor Disagree,Agree,Disagree,Agree,Disagree,Agree,Neither Agree nor Disagree,Neither Agree nor Disagree,Neither Agree nor Disagree,Disagree,Disagree,Disagree,Neither Agree nor Disagree,Neither Agree nor Disagree,Neither Agree nor Disagree,Disagree,Sometimes,Always,Always
9/29/2026 13:16:50,Both digital and physical monitoring,BPO or ITES,6 to 10 years,More than 500 employees,Male,"Middle management (team lead, manager)",Strongly Disagree,Neither Agree nor Disagree,Neither Agree nor Disagree,Strongly Agree,Strongly Agree,Strongly Agree,Agree,Strongly Agree,Neither Agree nor Disagree,Neither Agree nor Disagree,Agree,Agree,Disagree,Disagree,Neither Agree nor Disagree,Disagree,Disagree,Agree,Strongly Disagree,Strongly Agree,Strongly Disagree,Agree,Strongly Disagree,Strongly Disagree,Strongly Disagree,Neither Agree nor Disagree,Neither Agree nor Disagree,Neither Agree nor Disagree,Agree,Neither Agree nor Disagree,Neither Agree nor Disagree,Rarely,Rarely,Rarely
9/29/2026 13:17:40,I am not sure,Consulting,2 to 5 years,50 to 500 employees,Female,Individual contributor or entry level,Neither Agree nor Disagree,Agree,Neither Agree nor Disagree,Neither Agree nor Disagree,Strongly Disagree,Disagree,Neither Agree nor Disagree,Neither Agree nor Disagree,Disagree,Disagree,Neither Agree nor Disagree,Neither Agree nor Disagree,Disagree,Neither Agree nor Disagree,Disagree,Disagree,Disagree,Neither Agree nor Disagree,Agree,Strongly Disagree,Agree,Neither Agree nor Disagree,Neither Agree nor Disagree,Agree,Disagree,Disagree,Neither Agree nor Disagree,Neither Agree nor Disagree,Neither Agree nor Disagree,Neither Agree nor Disagree,Disagree,Sometimes,Sometimes,Sometimes
9/29/2026 13:18:06,Software or digital monitoring only,BPO or ITES,2 to 5 years,50 to 500 employees,Male,Senior leadership (director and above),Agree,Disagree,Agree,Agree,Agree,Disagree,Agree,Agree,Neither Agree nor Disagree,Disagree,Neither Agree nor Disagree,Neither Agree nor Disagree,Disagree,Disagree,Disagree,Disagree,Disagree,Neither Agree nor Disagree,Agree,Strongly Disagree,Neither Agree nor Disagree,Neither Agree nor Disagree,Agree,Agree,Disagree,Agree,Neither Agree nor Disagree,Neither Agree nor Disagree,Neither Agree nor Disagree,Agree,Neither Agree nor Disagree,Always,Always,Always
9/29/2026 13:19:07,"Physical monitoring only (CCTV, biometric access, desk-time tracking)",Manufacturing or Other Corporate,2 to 5 years,More than 500 employees,Male,"Middle management (team lead, manager)",Strongly Disagree,Agree,Strongly Agree,Disagree,Disagree,Disagree,Disagree,Disagree,Disagree,Disagree,Disagree,Neither Agree nor Disagree,Agree,Neither Agree nor Disagree,Agree,Agree,Agree,Disagree,Neither Agree nor Disagree,Disagree,Neither Agree nor Disagree,Disagree,Neither Agree nor Disagree,Agree,Disagree,Neither Agree nor Disagree,Neither Agree nor Disagree,Neither Agree nor Disagree,Neither Agree nor Disagree,Neither Agree nor Disagree,Agree,Always,Always,Always
9/29/2026 13:19:41,Software or digital monitoring only,Manufacturing or Other Corporate,2 to 5 years,Fewer than 50 employees,Female,Individual contributor or entry level,Disagree,Disagree,Agree,Agree,Neither Agree nor Disagree,Strongly Disagree,Neither Agree nor Disagree,Agree,Agree,Agree,Agree,Agree,Strongly Agree,Strongly Agree,Strongly Agree,Strongly Agree,Strongly Agree,Neither Agree nor Disagree,Neither Agree nor Disagree,Neither Agree nor Disagree,Neither Agree nor Disagree,Neither Agree nor Disagree,Disagree,Neither Agree nor Disagree,Disagree,Neither Agree nor Disagree,Neither Agree nor Disagree,Neither Agree nor Disagree,Disagree,Neither Agree nor Disagree,Neither Agree nor Disagree,Often,Sometimes,Often
9/29/2026 13:20:38,Software or digital monitoring only,BPO or ITES,6 to 10 years,More than 500 employees,Male,Individual contributor or entry level,Disagree,Agree,Neither Agree nor Disagree,Strongly Agree,Strongly Agree,Disagree,Strongly Agree,Strongly Agree,Strongly Agree,Strongly Agree,Strongly Agree,Strongly Agree,Neither Agree nor Disagree,Agree,Disagree,Agree,Neither Agree nor Disagree,Neither Agree nor Disagree,Disagree,Agree,Neither Agree nor Disagree,Agree,Disagree,Disagree,Disagree,Agree,Neither Agree nor Disagree,Neither Agree nor Disagree,Neither Agree nor Disagree,Neither Agree nor Disagree,Agree,Sometimes,Sometimes,Rarely
9/29/2026 13:23:57,Both digital and physical monitoring,BPO or ITES,2 to 5 years,More than 500 employees,Prefer not to say,Individual contributor or entry level,Neither Agree nor Disagree,Disagree,Neither Agree nor Disagree,Strongly Agree,Agree,Strongly Agree,Strongly Agree,Strongly Agree,Agree,Agree,Strongly Agree,Strongly Agree,Agree,Agree,Agree,Agree,Neither Agree nor Disagree,Disagree,Strongly Agree,Neither Agree nor Disagree,Neither Agree nor Disagree,Disagree,Neither Agree nor Disagree,Neither Agree nor Disagree,Disagree,Agree,Agree,Agree,Agree,Agree,Neither Agree nor Disagree,Rarely,Sometimes,Sometimes
9/29/2026 13:25:51,Software or digital monitoring only,IT or Software Services,2 to 5 years,50 to 500 employees,Male,Individual contributor or entry level,Neither Agree nor Disagree,Disagree,Agree,Strongly Agree,Agree,Disagree,Agree,Agree,Neither Agree nor Disagree,Disagree,Agree,Agree,Agree,Neither Agree nor Disagree,Agree,Agree,Agree,Neither Agree nor Disagree,Agree,Neither Agree nor Disagree,Agree,Disagree,Agree,Agree,Disagree,Disagree,Neither Agree nor Disagree,Disagree,Strongly Disagree,Neither Agree nor Disagree,Disagree,Often,Often,Sometimes
9/29/2026 13:27:04,Both digital and physical monitoring,IT or Software Services,Less than 2 years,50 to 500 employees,Female,Senior leadership (director and above),Neither Agree nor Disagree,Disagree,Agree,Strongly Agree,Strongly Agree,Strongly Agree,Strongly Agree,Strongly Agree,Neither Agree nor Disagree,Neither Agree nor Disagree,Strongly Agree,Strongly Agree,Agree,Agree,Neither Agree nor Disagree,Agree,Agree,Disagree,Strongly Agree,Disagree,Agree,Neither Agree nor Disagree,Agree,Agree,Disagree,Neither Agree nor Disagree,Strongly Agree,Agree,Agree,Agree,Strongly Agree,Often,Often,Often
9/29/2026 13:28:27,Software or digital monitoring only,IT or Software Services,Less than 2 years,More than 500 employees,Male,"Middle management (team lead, manager)",Agree,Agree,Disagree,Agree,Agree,Neither Agree nor Disagree,Agree,Agree,Strongly Agree,Strongly Agree,Agree,Agree,Strongly Disagree,Disagree,Neither Agree nor Disagree,Strongly Disagree,Strongly Disagree,Agree,Disagree,Agree,Strongly Disagree,Agree,Disagree,Neither Agree nor Disagree,Disagree,Neither Agree nor Disagree,Disagree,Disagree,Disagree,Strongly Disagree,Disagree,Rarely,Rarely,Rarely
9/29/2026 13:29:00,Both digital and physical monitoring,Manufacturing or Other Corporate,6 to 10 years,50 to 500 employees,Male,"Middle management (team lead, manager)",Agree,Agree,Neither Agree nor Disagree,Strongly Agree,Agree,Agree,Agree,Neither Agree nor Disagree,Strongly Agree,Agree,Neither Agree nor Disagree,Strongly Agree,Strongly Disagree,Disagree,Disagree,Strongly Disagree,Disagree,Neither Agree nor Disagree,Neither Agree nor Disagree,Agree,Neither Agree nor Disagree,Neither Agree nor Disagree,Neither Agree nor Disagree,Neither Agree nor Disagree,Disagree,Neither Agree nor Disagree,Neither Agree nor Disagree,Neither Agree nor Disagree,Agree,Agree,Neither Agree nor Disagree,Sometimes,Rarely,Rarely
9/29/2026 13:29:58,Both digital and physical monitoring,IT or Software Services,2 to 5 years,More than 500 employees,Male,Individual contributor or entry level,Strongly Agree,Neither Agree nor Disagree,Agree,Agree,Agree,Agree,Agree,Strongly Agree,Neither Agree nor Disagree,Disagree,Agree,Agree,Neither Agree nor Disagree,Neither Agree nor Disagree,Neither Agree nor Disagree,Disagree,Neither Agree nor Disagree,Agree,Disagree,Agree,Disagree,Agree,Disagree,Neither Agree nor Disagree,Disagree,Neither Agree nor Disagree,Neither Agree nor Disagree,Neither Agree nor Disagree,Neither Agree nor Disagree,Neither Agree nor Disagree,Neither Agree nor Disagree,Often,Sometimes,Sometimes
9/29/2026 13:30:27,Software or digital monitoring only,IT or Software Services,2 to 5 years,50 to 500 employees,Female,Individual contributor or entry level,Neither Agree nor Disagree,Neither Agree nor Disagree,Neither Agree nor Disagree,Neither Agree nor Disagree,Neither Agree nor Disagree,Strongly Disagree,Neither Agree nor Disagree,Neither Agree nor Disagree,Neither Agree nor Disagree,Neither Agree nor Disagree,Agree,Neither Agree nor Disagree,Neither Agree nor Disagree,Agree,Neither Agree nor Disagree,Strongly Agree,Neither Agree nor Disagree,Disagree,Agree,Disagree,Strongly Agree,Strongly Disagree,Agree,Agree,Disagree,Strongly Disagree,Disagree,Strongly Disagree,Strongly Disagree,Strongly Disagree,Disagree,Sometimes,Often,Often
9/29/2026 13:30:44,Software or digital monitoring only,IT or Software Services,2 to 5 years,More than 500 employees,Female,Individual contributor or entry level,Strongly Agree,Strongly Agree,Agree,Strongly Agree,Strongly Agree,Strongly Disagree,Neither Agree nor Disagree,Agree,Strongly Agree,Agree,Agree,Neither Agree nor Disagree,Disagree,Disagree,Disagree,Disagree,Strongly Disagree,Neither Agree nor Disagree,Neither Agree nor Disagree,Neither Agree nor Disagree,Neither Agree nor Disagree,Agree,Neither Agree nor Disagree,Neither Agree nor Disagree,Disagree,Disagree,Disagree,Neither Agree nor Disagree,Neither Agree nor Disagree,Disagree,Neither Agree nor Disagree,Rarely,Rarely,Never
9/29/2026 13:45:00,Software or digital monitoring only,BPO or ITES,2 to 5 years,Fewer than 50 employees,Prefer not to say,"Middle management (team lead, manager)",Neither Agree nor Disagree,Agree,Disagree,Agree,Agree,Disagree,Agree,Agree,Agree,Agree,Agree,Agree,Disagree,Disagree,Neither Agree nor Disagree,Neither Agree nor Disagree,Neither Agree nor Disagree,Neither Agree nor Disagree,Disagree,Agree,Neither Agree nor Disagree,Agree,Neither Agree nor Disagree,Agree,Disagree,Strongly Agree,Strongly Agree,Strongly Agree,Strongly Agree,Agree,Strongly Agree,Often,Often,Often
9/29/2026 13:47:13,Software or digital monitoring only,BPO or ITES,2 to 5 years,More than 500 employees,Non-binary or Other,"Middle management (team lead, manager)",Agree,Neither Agree nor Disagree,Disagree,Strongly Agree,Agree,Strongly Disagree,Agree,Strongly Agree,Neither Agree nor Disagree,Neither Agree nor Disagree,Strongly Agree,Neither Agree nor Disagree,Strongly Agree,Strongly Agree,Agree,Agree,Agree,Disagree,Strongly Agree,Disagree,Agree,Disagree,Strongly Agree,Agree,Disagree,Agree,Agree,Disagree,Agree,Agree,Agree,Often,Always,Often
9/29/2026 13:51:04,Both digital and physical monitoring,IT or Software Services,6 to 10 years,More than 500 employees,Male,Senior leadership (director and above),Disagree,Agree,Agree,Agree,Agree,Agree,Agree,Neither Agree nor Disagree,Neither Agree nor Disagree,Neither Agree nor Disagree,Neither Agree nor Disagree,Neither Agree nor Disagree,Disagree,Disagree,Disagree,Strongly Disagree,Disagree,Agree,Neither Agree nor Disagree,Agree,Disagree,Neither Agree nor Disagree,Neither Agree nor Disagree,Agree,Disagree,Neither Agree nor Disagree,Neither Agree nor Disagree,Agree,Disagree,Disagree,Neither Agree nor Disagree,Often,Rarely,Rarely
9/29/2026 13:53:44,Software or digital monitoring only,IT or Software Services,6 to 10 years,More than 500 employees,Female,"Middle management (team lead, manager)",Neither Agree nor Disagree,Strongly Agree,Strongly Disagree,Neither Agree nor Disagree,Neither Agree nor Disagree,Disagree,Disagree,Disagree,Disagree,Strongly Disagree,Disagree,Disagree,Neither Agree nor Disagree,Agree,Neither Agree nor Disagree,Agree,Neither Agree nor Disagree,Disagree,Agree,Strongly Disagree,Agree,Neither Agree nor Disagree,Agree,Neither Agree nor Disagree,Disagree,Agree,Agree,Strongly Agree,Strongly Agree,Strongly Agree,Agree,Often,Always,Often
9/29/2026 13:55:16,Software or digital monitoring only,IT or Software Services,6 to 10 years,More than 500 employees,Female,"Middle management (team lead, manager)",Strongly Agree,Neither Agree nor Disagree,Neither Agree nor Disagree,Agree,Neither Agree nor Disagree,Neither Agree nor Disagree,Neither Agree nor Disagree,Agree,Agree,Neither Agree nor Disagree,Neither Agree nor Disagree,Agree,Neither Agree nor Disagree,Neither Agree nor Disagree,Neither Agree nor Disagree,Neither Agree nor Disagree,Neither Agree nor Disagree,Agree,Neither Agree nor Disagree,Neither Agree nor Disagree,Agree,Disagree,Neither Agree nor Disagree,Neither Agree nor Disagree,Disagree,Agree,Agree,Agree,Agree,Agree,Neither Agree nor Disagree,Never,Never,Never
9/29/2026 13:57:36,Both digital and physical monitoring,Manufacturing or Other Corporate,2 to 5 years,More than 500 employees,Male,Individual contributor or entry level,Strongly Agree,Neither Agree nor Disagree,Disagree,Neither Agree nor Disagree,Disagree,Disagree,Neither Agree nor Disagree,Neither Agree nor Disagree,Neither Agree nor Disagree,Neither Agree nor Disagree,Neither Agree nor Disagree,Neither Agree nor Disagree,Agree,Agree,Agree,Agree,Neither Agree nor Disagree,Disagree,Agree,Disagree,Agree,Disagree,Agree,Agree,Disagree,Agree,Agree,Agree,Neither Agree nor Disagree,Agree,Agree,Sometimes,Sometimes,Sometimes
9/29/2026 13:58:49,"Physical monitoring only (CCTV, biometric access, desk-time tracking)",IT or Software Services,6 to 10 years,Fewer than 50 employees,Male,Senior leadership (director and above),Neither Agree nor Disagree,Strongly Disagree,Disagree,Strongly Disagree,Disagree,Strongly Disagree,Strongly Disagree,Strongly Disagree,Neither Agree nor Disagree,Strongly Disagree,Strongly Disagree,Strongly Disagree,Disagree,Disagree,Neither Agree nor Disagree,Disagree,Disagree,Neither Agree nor Disagree,Neither Agree nor Disagree,Disagree,Neither Agree nor Disagree,Neither Agree nor Disagree,Disagree,Neither Agree nor Disagree,Disagree,Neither Agree nor Disagree,Neither Agree nor Disagree,Disagree,Disagree,Neither Agree nor Disagree,Neither Agree nor Disagree,Sometimes,Sometimes,Often
9/29/2026 14:00:16,Both digital and physical monitoring,Manufacturing or Other Corporate,6 to 10 years,Fewer than 50 employees,Female,Individual contributor or entry level,Neither Agree nor Disagree,Strongly Agree,Disagree,Agree,Agree,Agree,Neither Agree nor Disagree,Agree,Disagree,Neither Agree nor Disagree,Neither Agree nor Disagree,Neither Agree nor Disagree,Disagree,Strongly Disagree,Disagree,Strongly Disagree,Disagree,Neither Agree nor Disagree,Disagree,Disagree,Disagree,Neither Agree nor Disagree,Disagree,Disagree,Disagree,Agree,Agree,Agree,Agree,Agree,Agree,Rarely,Rarely,Rarely
9/29/2026 14:00:37,Software or digital monitoring only,IT or Software Services,2 to 5 years,More than 500 employees,Male,Individual contributor or entry level,Neither Agree nor Disagree,Agree,Disagree,Neither Agree nor Disagree,Neither Agree nor Disagree,Disagree,Agree,Agree,Neither Agree nor Disagree,Disagree,Neither Agree nor Disagree,Neither Agree nor Disagree,Agree,Agree,Agree,Agree,Neither Agree nor Disagree,Agree,Disagree,Strongly Agree,Disagree,Agree,Disagree,Disagree,Disagree,Disagree,Neither Agree nor Disagree,Neither Agree nor Disagree,Disagree,Disagree,Disagree,Always,Always,Always
9/29/2026 14:01:01,Software or digital monitoring only,IT or Software Services,2 to 5 years,Fewer than 50 employees,Female,Individual contributor or entry level,Agree,Strongly Agree,Disagree,Strongly Agree,Agree,Disagree,Agree,Agree,Strongly Disagree,Disagree,Strongly Agree,Neither Agree nor Disagree,Neither Agree nor Disagree,Disagree,Agree,Neither Agree nor Disagree,Agree,Disagree,Neither Agree nor Disagree,Strongly Disagree,Neither Agree nor Disagree,Disagree,Neither Agree nor Disagree,Neither Agree nor Disagree,Disagree,Neither Agree nor Disagree,Neither Agree nor Disagree,Neither Agree nor Disagree,Agree,Neither Agree nor Disagree,Agree,Sometimes,Sometimes,Rarely
9/29/2026 14:01:27,Software or digital monitoring only,IT or Software Services,Less than 2 years,50 to 500 employees,Male,"Middle management (team lead, manager)",Neither Agree nor Disagree,Disagree,Strongly Agree,Neither Agree nor Disagree,Disagree,Disagree,Disagree,Neither Agree nor Disagree,Strongly Disagree,Strongly Disagree,Disagree,Neither Agree nor Disagree,Agree,Agree,Neither Agree nor Disagree,Neither Agree nor Disagree,Strongly Agree,Strongly Disagree,Strongly Agree,Disagree,Strongly Agree,Strongly Disagree,Strongly Agree,Strongly Agree,Disagree,Disagree,Neither Agree nor Disagree,Neither Agree nor Disagree,Neither Agree nor Disagree,Neither Agree nor Disagree,Disagree,Always,Always,Often
9/29/2026 14:01:59,Software or digital monitoring only,Consulting,Less than 2 years,More than 500 employees,Female,Individual contributor or entry level,Neither Agree nor Disagree,Agree,Disagree,Disagree,Disagree,Disagree,Disagree,Neither Agree nor Disagree,Neither Agree nor Disagree,Agree,Disagree,Disagree,Agree,Neither Agree nor Disagree,Neither Agree nor Disagree,Agree,Neither Agree nor Disagree,Strongly Disagree,Agree,Disagree,Agree,Disagree,Strongly Agree,Agree,Disagree,Agree,Agree,Neither Agree nor Disagree,Neither Agree nor Disagree,Agree,Agree,Always,Often,Often
9/29/2026 14:02:46,Software or digital monitoring only,IT or Software Services,2 to 5 years,50 to 500 employees,Male,Individual contributor or entry level,Neither Agree nor Disagree,Agree,Agree,Neither Agree nor Disagree,Neither Agree nor Disagree,Disagree,Disagree,Neither Agree nor Disagree,Neither Agree nor Disagree,Neither Agree nor Disagree,Neither Agree nor Disagree,Neither Agree nor Disagree,Agree,Agree,Agree,Agree,Agree,Disagree,Agree,Disagree,Agree,Disagree,Agree,Neither Agree nor Disagree,Disagree,Strongly Agree,Agree,Strongly Agree,Strongly Agree,Strongly Agree,Strongly Agree,Always,Always,Always
9/29/2026 14:03:17,Both digital and physical monitoring,IT or Software Services,Less than 2 years,50 to 500 employees,Female,"Middle management (team lead, manager)",Agree,Agree,Strongly Agree,Strongly Agree,Agree,Agree,Agree,Strongly Agree,Neither Agree nor Disagree,Neither Agree nor Disagree,Agree,Strongly Agree,Neither Agree nor Disagree,Agree,Neither Agree nor Disagree,Agree,Agree,Disagree,Strongly Agree,Strongly Disagree,Strongly Agree,Disagree,Neither Agree nor Disagree,Agree,Disagree,Neither Agree nor Disagree,Neither Agree nor Disagree,Agree,Agree,Neither Agree nor Disagree,Neither Agree nor Disagree,Sometimes,Rarely,Rarely
9/29/2026 14:03:55,"Physical monitoring only (CCTV, biometric access, desk-time tracking)",IT or Software Services,2 to 5 years,50 to 500 employees,Female,"Middle management (team lead, manager)",Agree,Agree,Agree,Neither Agree nor Disagree,Strongly Disagree,Neither Agree nor Disagree,Disagree,Neither Agree nor Disagree,Disagree,Strongly Disagree,Strongly Disagree,Disagree,Disagree,Agree,Neither Agree nor Disagree,Neither Agree nor Disagree,Neither Agree nor Disagree,Disagree,Neither Agree nor Disagree,Neither Agree nor Disagree,Agree,Disagree,Agree,Agree,Disagree,Disagree,Disagree,Disagree,Neither Agree nor Disagree,Disagree,Disagree,Rarely,Rarely,Rarely
9/29/2026 14:05:19,Software or digital monitoring only,IT or Software Services,2 to 5 years,50 to 500 employees,Male,"Middle management (team lead, manager)",Strongly Agree,Strongly Agree,Disagree,Strongly Agree,Agree,Disagree,Agree,Neither Agree nor Disagree,Disagree,Neither Agree nor Disagree,Neither Agree nor Disagree,Neither Agree nor Disagree,Neither Agree nor Disagree,Neither Agree nor Disagree,Neither Agree nor Disagree,Neither Agree nor Disagree,Neither Agree nor Disagree,Neither Agree nor Disagree,Neither Agree nor Disagree,Agree,Neither Agree nor Disagree,Agree,Disagree,Strongly Disagree,Disagree,Disagree,Neither Agree nor Disagree,Disagree,Disagree,Disagree,Strongly Disagree,Often,Sometimes,Rarely
9/29/2026 14:06:11,Software or digital monitoring only,BPO or ITES,6 to 10 years,Fewer than 50 employees,Male,Individual contributor or entry level,Strongly Agree,Agree,Agree,Strongly Agree,Agree,Disagree,Strongly Agree,Strongly Agree,Disagree,Neither Agree nor Disagree,Agree,Agree,Strongly Agree,Agree,Agree,Strongly Agree,Agree,Strongly Disagree,Strongly Agree,Strongly Disagree,Agree,Strongly Disagree,Strongly Agree,Agree,Disagree,Strongly Agree,Agree,Agree,Agree,Agree,Strongly Agree,Always,Always,Always
9/29/2026 14:07:05,"Physical monitoring only (CCTV, biometric access, desk-time tracking)",IT or Software Services,2 to 5 years,50 to 500 employees,Male,Individual contributor or entry level,Neither Agree nor Disagree,Disagree,Neither Agree nor Disagree,Agree,Disagree,Agree,Neither Agree nor Disagree,Neither Agree nor Disagree,Disagree,Neither Agree nor Disagree,Neither Agree nor Disagree,Neither Agree nor Disagree,Strongly Disagree,Disagree,Disagree,Disagree,Neither Agree nor Disagree,Agree,Strongly Disagree,Agree,Neither Agree nor Disagree,Agree,Strongly Disagree,Strongly Disagree,Disagree,Neither Agree nor Disagree,Neither Agree nor Disagree,Neither Agree nor Disagree,Neither Agree nor Disagree,Disagree,Agree,Often,Sometimes,Often
9/29/2026 14:07:32,Both digital and physical monitoring,BPO or ITES,6 to 10 years,More than 500 employees,Male,"Middle management (team lead, manager)",Agree,Agree,Agree,Neither Agree nor Disagree,Agree,Agree,Agree,Agree,Agree,Agree,Agree,Agree,Disagree,Disagree,Disagree,Disagree,Disagree,Agree,Disagree,Agree,Disagree,Agree,Disagree,Disagree,Disagree,Neither Agree nor Disagree,Disagree,Neither Agree nor Disagree,Neither Agree nor Disagree,Agree,Neither Agree nor Disagree,Sometimes,Sometimes,Often
9/29/2026 14:09:45,Both digital and physical monitoring,IT or Software Services,Less than 2 years,Fewer than 50 employees,Female,Individual contributor or entry level,Neither Agree nor Disagree,Neither Agree nor Disagree,Strongly Disagree,Neither Agree nor Disagree,Agree,Agree,Neither Agree nor Disagree,Disagree,Neither Agree nor Disagree,Disagree,Neither Agree nor Disagree,Neither Agree nor Disagree,Disagree,Disagree,Disagree,Neither Agree nor Disagree,Disagree,Agree,Neither Agree nor Disagree,Neither Agree nor Disagree,Disagree,Neither Agree nor Disagree,Disagree,Neither Agree nor Disagree,Disagree,Agree,Neither Agree nor Disagree,Agree,Agree,Neither Agree nor Disagree,Agree,Rarely,Rarely,Rarely
9/29/2026 14:10:38,Both digital and physical monitoring,IT or Software Services,Less than 2 years,50 to 500 employees,Male,Individual contributor or entry level,Agree,Strongly Agree,Agree,Agree,Agree,Agree,Disagree,Neither Agree nor Disagree,Disagree,Neither Agree nor Disagree,Neither Agree nor Disagree,Neither Agree nor Disagree,Disagree,Neither Agree nor Disagree,Neither Agree nor Disagree,Neither Agree nor Disagree,Disagree,Neither Agree nor Disagree,Neither Agree nor Disagree,Neither Agree nor Disagree,Neither Agree nor Disagree,Neither Agree nor Disagree,Neither Agree nor Disagree,Disagree,Disagree,Neither Agree nor Disagree,Neither Agree nor Disagree,Neither Agree nor Disagree,Disagree,Disagree,Neither Agree nor Disagree,Never,Rarely,Rarely
9/29/2026 14:11:53,Both digital and physical monitoring,Consulting,2 to 5 years,More than 500 employees,Prefer not to say,Individual contributor or entry level,Agree,Agree,Disagree,Agree,Neither Agree nor Disagree,Agree,Neither Agree nor Disagree,Agree,Disagree,Disagree,Neither Agree nor Disagree,Neither Agree nor Disagree,Disagree,Disagree,Neither Agree nor Disagree,Disagree,Neither Agree nor Disagree,Agree,Neither Agree nor Disagree,Neither Agree nor Disagree,Neither Agree nor Disagree,Agree,Disagree,Agree,Disagree,Neither Agree nor Disagree,Neither Agree nor Disagree,Disagree,Disagree,Neither Agree nor Disagree,Neither Agree nor Disagree,Rarely,Often,Often
9/29/2026 14:14:53,I am not sure,IT or Software Services,6 to 10 years,50 to 500 employees,Male,Individual contributor or entry level,Strongly Agree,Neither Agree nor Disagree,Strongly Agree,Disagree,Disagree,Disagree,Neither Agree nor Disagree,Agree,Neither Agree nor Disagree,Disagree,Disagree,Neither Agree nor Disagree,Agree,Agree,Agree,Agree,Agree,Disagree,Agree,Strongly Disagree,Strongly Agree,Strongly Disagree,Strongly Agree,Agree,Disagree,Neither Agree nor Disagree,Neither Agree nor Disagree,Neither Agree nor Disagree,Agree,Agree,Neither Agree nor Disagree,Always,Always,Always
9/29/2026 14:15:41,Software or digital monitoring only,BPO or ITES,Less than 2 years,Fewer than 50 employees,Male,Individual contributor or entry level,Disagree,Neither Agree nor Disagree,Strongly Disagree,Agree,Neither Agree nor Disagree,Strongly Disagree,Neither Agree nor Disagree,Agree,Agree,Disagree,Neither Agree nor Disagree,Neither Agree nor Disagree,Neither Agree nor Disagree,Neither Agree nor Disagree,Disagree,Neither Agree nor Disagree,Neither Agree nor Disagree,Agree,Disagree,Agree,Neither Agree nor Disagree,Agree,Neither Agree nor Disagree,Disagree,Disagree,Strongly Disagree,Disagree,Disagree,Strongly Disagree,Strongly Disagree,Strongly Disagree,Often,Sometimes,Often
9/29/2026 14:16:02,Software or digital monitoring only,IT or Software Services,Less than 2 years,50 to 500 employees,Female,Individual contributor or entry level,Strongly Agree,Strongly Agree,Neither Agree nor Disagree,Neither Agree nor Disagree,Agree,Disagree,Agree,Neither Agree nor Disagree,Neither Agree nor Disagree,Strongly Disagree,Agree,Neither Agree nor Disagree,Strongly Agree,Strongly Agree,Strongly Agree,Strongly Agree,Strongly Agree,Disagree,Neither Agree nor Disagree,Neither Agree nor Disagree,Agree,Neither Agree nor Disagree,Agree,Agree,Disagree,Neither Agree nor Disagree,Neither Agree nor Disagree,Neither Agree nor Disagree,Neither Agree nor Disagree,Disagree,Neither Agree nor Disagree,Always,Always,Always
9/29/2026 14:17:56,Software or digital monitoring only,IT or Software Services,6 to 10 years,50 to 500 employees,Male,"Middle management (team lead, manager)",Disagree,Strongly Agree,Strongly Disagree,Strongly Agree,Agree,Disagree,Agree,Agree,Neither Agree nor Disagree,Neither Agree nor Disagree,Agree,Agree,Strongly Disagree,Strongly Disagree,Strongly Disagree,Strongly Disagree,Strongly Disagree,Agree,Strongly Disagree,Strongly Agree,Strongly Disagree,Agree,Strongly Disagree,Strongly Disagree,Disagree,Disagree,Disagree,Neither Agree nor Disagree,Neither Agree nor Disagree,Neither Agree nor Disagree,Neither Agree nor Disagree,Never,Never,Never
9/29/2026 14:18:16,Software or digital monitoring only,IT or Software Services,2 to 5 years,More than 500 employees,Male,Individual contributor or entry level,Agree,Agree,Strongly Agree,Agree,Agree,Disagree,Strongly Agree,Strongly Agree,Neither Agree nor Disagree,Neither Agree nor Disagree,Strongly Agree,Agree,Neither Agree nor Disagree,Neither Agree nor Disagree,Disagree,Neither Agree nor Disagree,Neither Agree nor Disagree,Agree,Disagree,Agree,Disagree,Neither Agree nor Disagree,Disagree,Neither Agree nor Disagree,Disagree,Neither Agree nor Disagree,Disagree,Disagree,Strongly Disagree,Disagree,Disagree,Sometimes,Rarely,Rarely
9/29/2026 14:19:18,Both digital and physical monitoring,IT or Software Services,2 to 5 years,More than 500 employees,Female,Individual contributor or entry level,Strongly Agree,Agree,Neither Agree nor Disagree,Strongly Agree,Strongly Agree,Strongly Agree,Strongly Agree,Strongly Agree,Neither Agree nor Disagree,Agree,Agree,Strongly Agree,Disagree,Strongly Disagree,Strongly Disagree,Strongly Disagree,Strongly Disagree,Agree,Disagree,Agree,Strongly Disagree,Agree,Strongly Disagree,Disagree,Disagree,Neither Agree nor Disagree,Agree,Neither Agree nor Disagree,Neither Agree nor Disagree,Neither Agree nor Disagree,Disagree,Never,Rarely,Never
9/29/2026 14:20:32,Both digital and physical monitoring,IT or Software Services,2 to 5 years,Fewer than 50 employees,Prefer not to say,Individual contributor or entry level,Agree,Strongly Agree,Disagree,Strongly Agree,Agree,Agree,Strongly Agree,Strongly Agree,Neither Agree nor Disagree,Neither Agree nor Disagree,Agree,Agree,Disagree,Disagree,Neither Agree nor Disagree,Disagree,Disagree,Disagree,Neither Agree nor Disagree,Strongly Disagree,Neither Agree nor Disagree,Neither Agree nor Disagree,Neither Agree nor Disagree,Neither Agree nor Disagree,Disagree,Agree,Strongly Agree,Agree,Strongly Agree,Strongly Agree,Agree,Often,Sometimes,Rarely
9/29/2026 14:22:11,Both digital and physical monitoring,IT or Software Services,6 to 10 years,More than 500 employees,Male,Individual contributor or entry level,Neither Agree nor Disagree,Strongly Agree,Neither Agree nor Disagree,Strongly Agree,Agree,Agree,Agree,Agree,Neither Agree nor Disagree,Neither Agree nor Disagree,Neither Agree nor Disagree,Agree,Disagree,Strongly Disagree,Strongly Disagree,Disagree,Disagree,Neither Agree nor Disagree,Disagree,Agree,Neither Agree nor Disagree,Strongly Agree,Disagree,Disagree,Disagree,Neither Agree nor Disagree,Neither Agree nor Disagree,Neither Agree nor Disagree,Neither Agree nor Disagree,Agree,Disagree,Never,Never,Never
9/29/2026 14:25:17,Software or digital monitoring only,IT or Software Services,2 to 5 years,50 to 500 employees,Male,Individual contributor or entry level,Disagree,Agree,Neither Agree nor Disagree,Disagree,Disagree,Disagree,Disagree,Neither Agree nor Disagree,Disagree,Strongly Disagree,Disagree,Disagree,Disagree,Agree,Neither Agree nor Disagree,Neither Agree nor Disagree,Agree,Strongly Disagree,Strongly Agree,Strongly Disagree,Strongly Agree,Disagree,Agree,Strongly Agree,Disagree,Neither Agree nor Disagree,Neither Agree nor Disagree,Agree,Agree,Neither Agree nor Disagree,Agree,Often,Always,Always
9/29/2026 14:25:33,Software or digital monitoring only,BPO or ITES,2 to 5 years,More than 500 employees,Female,Individual contributor or entry level,Agree,Agree,Disagree,Agree,Strongly Agree,Disagree,Agree,Agree,Neither Agree nor Disagree,Neither Agree nor Disagree,Neither Agree nor Disagree,Strongly Agree,Disagree,Strongly Disagree,Disagree,Strongly Disagree,Disagree,Strongly Agree,Strongly Disagree,Strongly Agree,Strongly Disagree,Agree,Strongly Disagree,Strongly Disagree,Disagree,Strongly Disagree,Strongly Disagree,Strongly Disagree,Strongly Disagree,Strongly Disagree,Strongly Disagree,Never,Rarely,Never
9/29/2026 14:25:49,Software or digital monitoring only,IT or Software Services,More than 10 years,Fewer than 50 employees,Male,Individual contributor or entry level,Agree,Strongly Agree,Strongly Disagree,Strongly Agree,Neither Agree nor Disagree,Strongly Disagree,Neither Agree nor Disagree,Agree,Neither Agree nor Disagree,Agree,Agree,Neither Agree nor Disagree,Strongly Disagree,Strongly Disagree,Strongly Disagree,Strongly Disagree,Strongly Disagree,Neither Agree nor Disagree,Disagree,Disagree,Neither Agree nor Disagree,Neither Agree nor Disagree,Neither Agree nor Disagree,Neither Agree nor Disagree,Disagree,Neither Agree nor Disagree,Neither Agree nor Disagree,Neither Agree nor Disagree,Neither Agree nor Disagree,Neither Agree nor Disagree,Neither Agree nor Disagree,Never,Never,Never
9/29/2026 14:26:18,Both digital and physical monitoring,IT or Software Services,6 to 10 years,50 to 500 employees,Female,Individual contributor or entry level,Agree,Disagree,Disagree,Strongly Agree,Strongly Agree,Strongly Agree,Strongly Agree,Strongly Agree,Agree,Neither Agree nor Disagree,Strongly Agree,Strongly Agree,Agree,Agree,Agree,Neither Agree nor Disagree,Neither Agree nor Disagree,Strongly Disagree,Strongly Agree,Strongly Disagree,Strongly Agree,Strongly Disagree,Strongly Agree,Strongly Agree,Disagree,Neither Agree nor Disagree,Neither Agree nor Disagree,Agree,Neither Agree nor Disagree,Neither Agree nor Disagree,Neither Agree nor Disagree,Often,Always,Often
9/29/2026 14:26:51,Software or digital monitoring only,IT or Software Services,6 to 10 years,50 to 500 employees,Female,Individual contributor or entry level,Neither Agree nor Disagree,Agree,Agree,Agree,Agree,Disagree,Agree,Neither Agree nor Disagree,Neither Agree nor Disagree,Neither Agree nor Disagree,Agree,Strongly Agree,Strongly Disagree,Disagree,Strongly Disagree,Disagree,Disagree,Neither Agree nor Disagree,Disagree,Agree,Neither Agree nor Disagree,Neither Agree nor Disagree,Disagree,Neither Agree nor Disagree,Disagree,Disagree,Neither Agree nor Disagree,Disagree,Strongly Disagree,Disagree,Neither Agree nor Disagree,Sometimes,Sometimes,Sometimes
9/29/2026 14:27:22,Software or digital monitoring only,IT or Software Services,Less than 2 years,50 to 500 employees,Male,Individual contributor or entry level,Agree,Neither Agree nor Disagree,Neither Agree nor Disagree,Strongly Agree,Agree,Disagree,Agree,Strongly Agree,Disagree,Disagree,Agree,Neither Agree nor Disagree,Agree,Neither Agree nor Disagree,Neither Agree nor Disagree,Agree,Neither Agree nor Disagree,Neither Agree nor Disagree,Neither Agree nor Disagree,Disagree,Neither Agree nor Disagree,Disagree,Agree,Neither Agree nor Disagree,Disagree,Neither Agree nor Disagree,Neither Agree nor Disagree,Neither Agree nor Disagree,Neither Agree nor Disagree,Neither Agree nor Disagree,Neither Agree nor Disagree,Often,Often,Often
9/29/2026 14:27:56,Both digital and physical monitoring,IT or Software Services,6 to 10 years,50 to 500 employees,Male,Individual contributor or entry level,Agree,Neither Agree nor Disagree,Neither Agree nor Disagree,Strongly Agree,Strongly Agree,Strongly Agree,Strongly Agree,Strongly Agree,Strongly Agree,Agree,Strongly Agree,Strongly Agree,Agree,Neither Agree nor Disagree,Agree,Neither Agree nor Disagree,Neither Agree nor Disagree,Agree,Neither Agree nor Disagree,Agree,Disagree,Agree,Disagree,Disagree,Disagree,Disagree,Disagree,Disagree,Disagree,Disagree,Disagree,Often,Often,Often
9/29/2026 14:28:32,Software or digital monitoring only,BPO or ITES,2 to 5 years,50 to 500 employees,Male,Individual contributor or entry level,Disagree,Strongly Agree,Agree,Strongly Agree,Agree,Disagree,Agree,Strongly Agree,Agree,Agree,Agree,Strongly Agree,Strongly Disagree,Disagree,Strongly Disagree,Disagree,Disagree,Agree,Neither Agree nor Disagree,Agree,Neither Agree nor Disagree,Neither Agree nor Disagree,Disagree,Neither Agree nor Disagree,Disagree,Disagree,Disagree,Disagree,Disagree,Disagree,Disagree,Never,Never,Rarely
9/29/2026 14:29:11,Both digital and physical monitoring,BPO or ITES,6 to 10 years,50 to 500 employees,Female,"Middle management (team lead, manager)",Strongly Agree,Agree,Disagree,Strongly Agree,Neither Agree nor Disagree,Neither Agree nor Disagree,Agree,Agree,Agree,Neither Agree nor Disagree,Neither Agree nor Disagree,Neither Agree nor Disagree,Neither Agree nor Disagree,Neither Agree nor Disagree,Disagree,Neither Agree nor Disagree,Disagree,Agree,Neither Agree nor Disagree,Agree,Disagree,Agree,Neither Agree nor Disagree,Neither Agree nor Disagree,Disagree,Disagree,Neither Agree nor Disagree,Disagree,Neither Agree nor Disagree,Disagree,Disagree,Often,Often,Sometimes
9/29/2026 14:30:02,Software or digital monitoring only,IT or Software Services,2 to 5 years,50 to 500 employees,Male,Individual contributor or entry level,Neither Agree nor Disagree,Strongly Agree,Disagree,Strongly Agree,Strongly Agree,Disagree,Strongly Agree,Strongly Agree,Strongly Agree,Strongly Agree,Strongly Agree,Strongly Agree,Neither Agree nor Disagree,Neither Agree nor Disagree,Neither Agree nor Disagree,Disagree,Neither Agree nor Disagree,Neither Agree nor Disagree,Disagree,Agree,Neither Agree nor Disagree,Neither Agree nor Disagree,Neither Agree nor Disagree,Neither Agree nor Disagree,Disagree,Agree,Neither Agree nor Disagree,Neither Agree nor Disagree,Neither Agree nor Disagree,Agree,Agree,Sometimes,Sometimes,Rarely
9/29/2026 14:31:39,Software or digital monitoring only,Consulting,2 to 5 years,50 to 500 employees,Non-binary or Other,"Middle management (team lead, manager)",Agree,Strongly Agree,Neither Agree nor Disagree,Neither Agree nor Disagree,Neither Agree nor Disagree,Strongly Disagree,Neither Agree nor Disagree,Disagree,Neither Agree nor Disagree,Neither Agree nor Disagree,Disagree,Agree,Agree,Neither Agree nor Disagree,Neither Agree nor Disagree,Neither Agree nor Disagree,Agree,Neither Agree nor Disagree,Neither Agree nor Disagree,Disagree,Neither Agree nor Disagree,Disagree,Neither Agree nor Disagree,Neither Agree nor Disagree,Disagree,Disagree,Disagree,Disagree,Neither Agree nor Disagree,Disagree,Neither Agree nor Disagree,Rarely,Rarely,Sometimes
9/29/2026 14:37:02,Both digital and physical monitoring,IT or Software Services,2 to 5 years,50 to 500 employees,Male,"Middle management (team lead, manager)",Disagree,Strongly Agree,Agree,Agree,Neither Agree nor Disagree,Agree,Disagree,Neither Agree nor Disagree,Neither Agree nor Disagree,Agree,Neither Agree nor Disagree,Neither Agree nor Disagree,Agree,Neither Agree nor Disagree,Agree,Agree,Neither Agree nor Disagree,Neither Agree nor Disagree,Neither Agree nor Disagree,Disagree,Neither Agree nor Disagree,Neither Agree nor Disagree,Agree,Agree,Disagree,Neither Agree nor Disagree,Neither Agree nor Disagree,Neither Agree nor Disagree,Neither Agree nor Disagree,Neither Agree nor Disagree,Neither Agree nor Disagree,Always,Often,Always
9/29/2026 14:44:53,Software or digital monitoring only,Consulting,2 to 5 years,Fewer than 50 employees,Male,Individual contributor or entry level,Disagree,Neither Agree nor Disagree,Neither Agree nor Disagree,Neither Agree nor Disagree,Agree,Disagree,Neither Agree nor Disagree,Neither Agree nor Disagree,Strongly Disagree,Strongly Disagree,Disagree,Neither Agree nor Disagree,Neither Agree nor Disagree,Disagree,Disagree,Neither Agree nor Disagree,Neither Agree nor Disagree,Disagree,Neither Agree nor Disagree,Neither Agree nor Disagree,Neither Agree nor Disagree,Disagree,Agree,Neither Agree nor Disagree,Disagree,Strongly Disagree,Strongly Disagree,Strongly Disagree,Strongly Disagree,Strongly Disagree,Strongly Disagree,Sometimes,Rarely,Sometimes
9/29/2026 14:45:51,Software or digital monitoring only,BPO or ITES,Less than 2 years,50 to 500 employees,Female,Individual contributor or entry level,Strongly Agree,Strongly Agree,Agree,Agree,Agree,Strongly Disagree,Strongly Agree,Agree,Disagree,Strongly Disagree,Agree,Neither Agree nor Disagree,Strongly Agree,Strongly Agree,Strongly Agree,Strongly Agree,Strongly Agree,Disagree,Agree,Disagree,Neither Agree nor Disagree,Disagree,Agree,Agree,Disagree,Neither Agree nor Disagree,Disagree,Disagree,Disagree,Disagree,Disagree,Often,Always,Often
9/29/2026 14:53:33,I am not sure,BPO or ITES,Less than 2 years,50 to 500 employees,Male,Individual contributor or entry level,Strongly Disagree,Agree,Disagree,Neither Agree nor Disagree,Strongly Disagree,Strongly Disagree,Disagree,Neither Agree nor Disagree,Strongly Disagree,Strongly Disagree,Disagree,Disagree,Neither Agree nor Disagree,Disagree,Neither Agree nor Disagree,Neither Agree nor Disagree,Neither Agree nor Disagree,Disagree,Neither Agree nor Disagree,Neither Agree nor Disagree,Agree,Disagree,Agree,Agree,Disagree,Strongly Agree,Strongly Agree,Strongly Agree,Strongly Agree,Agree,Strongly Agree,Often,Often,Often
9/29/2026 14:54:19,Both digital and physical monitoring,IT or Software Services,Less than 2 years,More than 500 employees,Male,Individual contributor or entry level,Strongly Disagree,Neither Agree nor Disagree,Neither Agree nor Disagree,Neither Agree nor Disagree,Agree,Agree,Neither Agree nor Disagree,Agree,Agree,Strongly Agree,Neither Agree nor Disagree,Neither Agree nor Disagree,Agree,Neither Agree nor Disagree,Neither Agree nor Disagree,Disagree,Neither Agree nor Disagree,Strongly Agree,Strongly Disagree,Strongly Agree,Strongly Disagree,Strongly Agree,Strongly Disagree,Strongly Disagree,Disagree,Neither Agree nor Disagree,Neither Agree nor Disagree,Neither Agree nor Disagree,Neither Agree nor Disagree,Neither Agree nor Disagree,Neither Agree nor Disagree,Sometimes,Sometimes,Rarely
9/29/2026 14:58:03,I am not sure,IT or Software Services,6 to 10 years,More than 500 employees,Male,Senior leadership (director and above),Agree,Strongly Agree,Disagree,Neither Agree nor Disagree,Strongly Disagree,Disagree,Strongly Disagree,Strongly Disagree,Neither Agree nor Disagree,Neither Agree nor Disagree,Disagree,Disagree,Disagree,Disagree,Neither Agree nor Disagree,Disagree,Neither Agree nor Disagree,Agree,Strongly Disagree,Agree,Disagree,Agree,Disagree,Disagree,Disagree,Agree,Neither Agree nor Disagree,Agree,Agree,Agree,Neither Agree nor Disagree,Sometimes,Sometimes,Sometimes
9/29/2026 14:58:58,Both digital and physical monitoring,Other,6 to 10 years,50 to 500 employees,Male,Individual contributor or entry level,Strongly Agree,Strongly Agree,Neither Agree nor Disagree,Agree,Agree,Agree,Agree,Agree,Strongly Disagree,Disagree,Agree,Agree,Strongly Agree,Agree,Strongly Agree,Strongly Agree,Agree,Neither Agree nor Disagree,Neither Agree nor Disagree,Neither Agree nor Disagree,Neither Agree nor Disagree,Disagree,Agree,Neither Agree nor Disagree,Disagree,Agree,Agree,Agree,Agree,Neither Agree nor Disagree,Neither Agree nor Disagree,Always,Always,Always
9/29/2026 14:59:45,Both digital and physical monitoring,IT or Software Services,6 to 10 years,50 to 500 employees,Male,Individual contributor or entry level,Strongly Agree,Disagree,Disagree,Agree,Agree,Agree,Agree,Agree,Neither Agree nor Disagree,Neither Agree nor Disagree,Agree,Neither Agree nor Disagree,Neither Agree nor Disagree,Agree,Neither Agree nor Disagree,Neither Agree nor Disagree,Neither Agree nor Disagree,Agree,Disagree,Agree,Disagree,Strongly Agree,Disagree,Strongly Disagree,Disagree,Strongly Disagree,Strongly Disagree,Strongly Disagree,Strongly Disagree,Strongly Disagree,Strongly Disagree,Often,Often,Often
9/29/2026 15:00:39,Both digital and physical monitoring,IT or Software Services,Less than 2 years,Fewer than 50 employees,Female,Individual contributor or entry level,Neither Agree nor Disagree,Agree,Neither Agree nor Disagree,Strongly Agree,Strongly Agree,Strongly Agree,Agree,Agree,Disagree,Disagree,Agree,Agree,Disagree,Neither Agree nor Disagree,Disagree,Disagree,Disagree,Agree,Neither Agree nor Disagree,Neither Agree nor Disagree,Neither Agree nor Disagree,Neither Agree nor Disagree,Disagree,Disagree,Disagree,Disagree,Disagree,Disagree,Neither Agree nor Disagree,Disagree,Neither Agree nor Disagree,Sometimes,Often,Sometimes
9/29/2026 15:04:52,Both digital and physical monitoring,BPO or ITES,Less than 2 years,50 to 500 employees,Male,Individual contributor or entry level,Agree,Neither Agree nor Disagree,Neither Agree nor Disagree,Agree,Strongly Agree,Strongly Agree,Agree,Agree,Agree,Neither Agree nor Disagree,Agree,Neither Agree nor Disagree,Neither Agree nor Disagree,Disagree,Neither Agree nor Disagree,Neither Agree nor Disagree,Neither Agree nor Disagree,Agree,Neither Agree nor Disagree,Agree,Disagree,Neither Agree nor Disagree,Disagree,Disagree,Disagree,Disagree,Strongly Disagree,Disagree,Neither Agree nor Disagree,Disagree,Disagree,Rarely,Rarely,Rarely
9/29/2026 15:06:24,I am not sure,IT or Software Services,Less than 2 years,Fewer than 50 employees,Male,Senior leadership (director and above),Neither Agree nor Disagree,Strongly Agree,Strongly Agree,Disagree,Disagree,Strongly Disagree,Neither Agree nor Disagree,Disagree,Neither Agree nor Disagree,Neither Agree nor Disagree,Disagree,Disagree,Disagree,Disagree,Disagree,Disagree,Disagree,Neither Agree nor Disagree,Neither Agree nor Disagree,Neither Agree nor Disagree,Neither Agree nor Disagree,Neither Agree nor Disagree,Disagree,Disagree,Disagree,Agree,Agree,Neither Agree nor Disagree,Agree,Neither Agree nor Disagree,Agree,Always,Always,Always
9/29/2026 15:07:48,Software or digital monitoring only,Consulting,6 to 10 years,50 to 500 employees,Female,"Middle management (team lead, manager)",Neither Agree nor Disagree,Neither Agree nor Disagree,Neither Agree nor Disagree,Neither Agree nor Disagree,Neither Agree nor Disagree,Strongly Disagree,Neither Agree nor Disagree,Neither Agree nor Disagree,Agree,Neither Agree nor Disagree,Neither Agree nor Disagree,Neither Agree nor Disagree,Neither Agree nor Disagree,Neither Agree nor Disagree,Neither Agree nor Disagree,Neither Agree nor Disagree,Agree,Neither Agree nor Disagree,Neither Agree nor Disagree,Neither Agree nor Disagree,Neither Agree nor Disagree,Neither Agree nor Disagree,Neither Agree nor Disagree,Neither Agree nor Disagree,Disagree,Neither Agree nor Disagree,Neither Agree nor Disagree,Strongly Agree,Agree,Agree,Agree,Never,Never,Rarely
9/29/2026 15:13:14,Both digital and physical monitoring,Manufacturing or Other Corporate,Less than 2 years,More than 500 employees,Female,Individual contributor or entry level,Neither Agree nor Disagree,Agree,Disagree,Agree,Agree,Neither Agree nor Disagree,Neither Agree nor Disagree,Agree,Neither Agree nor Disagree,Disagree,Neither Agree nor Disagree,Neither Agree nor Disagree,Agree,Agree,Strongly Agree,Agree,Agree,Disagree,Agree,Disagree,Agree,Disagree,Strongly Agree,Strongly Agree,Disagree,Agree,Agree,Agree,Strongly Agree,Strongly Agree,Strongly Agree,Always,Often,Always
9/29/2026 15:16:21,Both digital and physical monitoring,IT or Software Services,6 to 10 years,50 to 500 employees,Female,Senior leadership (director and above),Agree,Agree,Disagree,Agree,Agree,Agree,Agree,Strongly Agree,Disagree,Disagree,Agree,Strongly Agree,Neither Agree nor Disagree,Neither Agree nor Disagree,Neither Agree nor Disagree,Neither Agree nor Disagree,Neither Agree nor Disagree,Disagree,Strongly Agree,Strongly Disagree,Strongly Agree,Strongly Disagree,Strongly Agree,Strongly Agree,Disagree,Agree,Neither Agree nor Disagree,Strongly Agree,Strongly Agree,Agree,Agree,Often,Always,Often
9/29/2026 15:16:56,Software or digital monitoring only,IT or Software Services,Less than 2 years,Fewer than 50 employees,Male,Individual contributor or entry level,Strongly Disagree,Agree,Strongly Disagree,Agree,Agree,Disagree,Neither Agree nor Disagree,Neither Agree nor Disagree,Strongly Agree,Agree,Neither Agree nor Disagree,Agree,Strongly Disagree,Strongly Disagree,Strongly Disagree,Strongly Disagree,Strongly Disagree,Strongly Agree,Strongly Disagree,Strongly Agree,Strongly Disagree,Strongly Agree,Strongly Disagree,Strongly Disagree,Disagree,Strongly Disagree,Disagree,Disagree,Disagree,Disagree,Disagree,Rarely,Rarely,Never
9/29/2026 15:20:01,Software or digital monitoring only,BPO or ITES,2 to 5 years,Fewer than 50 employees,Male,Senior leadership (director and above),Neither Agree nor Disagree,Neither Agree nor Disagree,Disagree,Neither Agree nor Disagree,Agree,Disagree,Neither Agree nor Disagree,Agree,Neither Agree nor Disagree,Agree,Neither Agree nor Disagree,Neither Agree nor Disagree,Neither Agree nor Disagree,Neither Agree nor Disagree,Neither Agree nor Disagree,Disagree,Disagree,Agree,Disagree,Agree,Disagree,Agree,Disagree,Disagree,Disagree,Agree,Agree,Strongly Agree,Agree,Agree,Agree,Rarely,Rarely,Rarely
9/29/2026 15:26:20,Both digital and physical monitoring,BPO or ITES,6 to 10 years,More than 500 employees,Female,Individual contributor or entry level,Disagree,Agree,Agree,Strongly Agree,Strongly Agree,Strongly Agree,Strongly Agree,Strongly Agree,Disagree,Neither Agree nor Disagree,Strongly Agree,Agree,Neither Agree nor Disagree,Neither Agree nor Disagree,Neither Agree nor Disagree,Neither Agree nor Disagree,Neither Agree nor Disagree,Strongly Disagree,Agree,Disagree,Neither Agree nor Disagree,Strongly Disagree,Strongly Agree,Agree,Disagree,Agree,Neither Agree nor Disagree,Neither Agree nor Disagree,Neither Agree nor Disagree,Agree,Neither Agree nor Disagree,Always,Always,Often
9/29/2026 15:28:43,Software or digital monitoring only,BPO or ITES,2 to 5 years,50 to 500 employees,Female,"Middle management (team lead, manager)",Neither Agree nor Disagree,Strongly Agree,Agree,Agree,Agree,Disagree,Neither Agree nor Disagree,Neither Agree nor Disagree,Strongly Disagree,Disagree,Neither Agree nor Disagree,Neither Agree nor Disagree,Neither Agree nor Disagree,Agree,Neither Agree nor Disagree,Neither Agree nor Disagree,Neither Agree nor Disagree,Strongly Disagree,Strongly Agree,Strongly Disagree,Agree,Strongly Disagree,Strongly Agree,Strongly Agree,Disagree,Strongly Agree,Strongly Agree,Strongly Agree,Strongly Agree,Strongly Agree,Strongly Agree,Often,Often,Always
9/29/2026 15:29:28,"Physical monitoring only (CCTV, biometric access, desk-time tracking)",IT or Software Services,2 to 5 years,More than 500 employees,Male,Individual contributor or entry level,Neither Agree nor Disagree,Agree,Agree,Neither Agree nor Disagree,Strongly Disagree,Neither Agree nor Disagree,Neither Agree nor Disagree,Neither Agree nor Disagree,Agree,Neither Agree nor Disagree,Disagree,Neither Agree nor Disagree,Agree,Strongly Agree,Agree,Strongly Agree,Strongly Agree,Disagree,Agree,Disagree,Strongly Agree,Strongly Disagree,Agree,Agree,Disagree,Agree,Neither Agree nor Disagree,Neither Agree nor Disagree,Neither Agree nor Disagree,Neither Agree nor Disagree,Neither Agree nor Disagree,Often,Often,Often
9/29/2026 15:34:18,Both digital and physical monitoring,IT or Software Services,Less than 2 years,More than 500 employees,Male,Individual contributor or entry level,Disagree,Neither Agree nor Disagree,Disagree,Strongly Agree,Strongly Agree,Strongly Agree,Strongly Agree,Strongly Agree,Strongly Agree,Strongly Agree,Strongly Agree,Strongly Agree,Strongly Disagree,Strongly Disagree,Strongly Disagree,Strongly Disagree,Strongly Disagree,Strongly Agree,Strongly Disagree,Strongly Agree,Strongly Disagree,Strongly Agree,Strongly Disagree,Strongly Disagree,Disagree,Disagree,Disagree,Strongly Disagree,Strongly Disagree,Strongly Disagree,Strongly Disagree,Never,Never,Never
9/29/2026 15:34:51,Software or digital monitoring only,IT or Software Services,Less than 2 years,Fewer than 50 employees,Male,Individual contributor or entry level,Neither Agree nor Disagree,Neither Agree nor Disagree,Neither Agree nor Disagree,Strongly Agree,Strongly Agree,Disagree,Strongly Agree,Strongly Agree,Disagree,Disagree,Strongly Agree,Strongly Agree,Agree,Agree,Agree,Agree,Strongly Agree,Disagree,Neither Agree nor Disagree,Disagree,Neither Agree nor Disagree,Agree,Agree,Neither Agree nor Disagree,Disagree,Neither Agree nor Disagree,Disagree,Disagree,Neither Agree nor Disagree,Neither Agree nor Disagree,Disagree,Sometimes,Rarely,Sometimes
9/29/2026 15:42:21,Software or digital monitoring only,IT or Software Services,Less than 2 years,50 to 500 employees,Male,Individual contributor or entry level,Agree,Agree,Agree,Agree,Neither Agree nor Disagree,Strongly Disagree,Neither Agree nor Disagree,Neither Agree nor Disagree,Neither Agree nor Disagree,Disagree,Disagree,Disagree,Neither Agree nor Disagree,Agree,Neither Agree nor Disagree,Agree,Neither Agree nor Disagree,Strongly Disagree,Neither Agree nor Disagree,Disagree,Neither Agree nor Disagree,Strongly Disagree,Agree,Agree,Disagree,Agree,Neither Agree nor Disagree,Agree,Neither Agree nor Disagree,Agree,Agree,Rarely,Rarely,Rarely
9/29/2026 15:47:25,"Physical monitoring only (CCTV, biometric access, desk-time tracking)",BPO or ITES,More than 10 years,50 to 500 employees,Male,Individual contributor or entry level,Neither Agree nor Disagree,Disagree,Agree,Disagree,Strongly Disagree,Neither Agree nor Disagree,Disagree,Disagree,Neither Agree nor Disagree,Neither Agree nor Disagree,Disagree,Disagree,Agree,Agree,Agree,Strongly Agree,Agree,Disagree,Neither Agree nor Disagree,Disagree,Agree,Neither Agree nor Disagree,Neither Agree nor Disagree,Agree,Disagree,Neither Agree nor Disagree,Neither Agree nor Disagree,Neither Agree nor Disagree,Neither Agree nor Disagree,Agree,Neither Agree nor Disagree,Sometimes,Often,Often
9/29/2026 15:48:16,Software or digital monitoring only,IT or Software Services,More than 10 years,Fewer than 50 employees,Female,Individual contributor or entry level,Strongly Agree,Neither Agree nor Disagree,Strongly Disagree,Strongly Agree,Agree,Disagree,Agree,Strongly Agree,Neither Agree nor Disagree,Neither Agree nor Disagree,Strongly Agree,Agree,Disagree,Disagree,Neither Agree nor Disagree,Disagree,Strongly Disagree,Neither Agree nor Disagree,Neither Agree nor Disagree,Disagree,Neither Agree nor Disagree,Neither Agree nor Disagree,Neither Agree nor Disagree,Neither Agree nor Disagree,Disagree,Neither Agree nor Disagree,Disagree,Neither Agree nor Disagree,Agree,Disagree,Neither Agree nor Disagree,Never,Never,Never
9/29/2026 15:51:48,Both digital and physical monitoring,Manufacturing or Other Corporate,Less than 2 years,50 to 500 employees,Male,Individual contributor or entry level,Neither Agree nor Disagree,Strongly Disagree,Strongly Agree,Neither Agree nor Disagree,Neither Agree nor Disagree,Neither Agree nor Disagree,Disagree,Disagree,Strongly Disagree,Disagree,Neither Agree nor Disagree,Agree,Disagree,Neither Agree nor Disagree,Neither Agree nor Disagree,Neither Agree nor Disagree,Neither Agree nor Disagree,Disagree,Strongly Agree,Strongly Disagree,Strongly Agree,Strongly Disagree,Strongly Agree,Strongly Agree,Disagree,Strongly Agree,Strongly Agree,Strongly Agree,Strongly Agree,Strongly Agree,Strongly Agree,Often,Often,Often
9/29/2026 15:52:35,Software or digital monitoring only,IT or Software Services,Less than 2 years,50 to 500 employees,Female,"Middle management (team lead, manager)",Strongly Agree,Disagree,Disagree,Agree,Agree,Disagree,Neither Agree nor Disagree,Agree,Neither Agree nor Disagree,Strongly Disagree,Neither Agree nor Disagree,Neither Agree nor Disagree,Neither Agree nor Disagree,Disagree,Neither Agree nor Disagree,Disagree,Neither Agree nor Disagree,Strongly Agree,Disagree,Strongly Agree,Disagree,Agree,Disagree,Disagree,Disagree,Disagree,Disagree,Disagree,Disagree,Neither Agree nor Disagree,Neither Agree nor Disagree,Rarely,Never,Never
9/29/2026 15:58:57,I am not sure,BPO or ITES,2 to 5 years,50 to 500 employees,Male,Individual contributor or entry level,Disagree,Neither Agree nor Disagree,Neither Agree nor Disagree,Neither Agree nor Disagree,Disagree,Disagree,Disagree,Neither Agree nor Disagree,Disagree,Strongly Disagree,Neither Agree nor Disagree,Neither Agree nor Disagree,Disagree,Disagree,Strongly Disagree,Strongly Disagree,Disagree,Agree,Disagree,Agree,Disagree,Agree,Disagree,Strongly Disagree,Disagree,Agree,Neither Agree nor Disagree,Agree,Neither Agree nor Disagree,Neither Agree nor Disagree,Neither Agree nor Disagree,Often,Often,Always
9/29/2026 16:02:14,Both digital and physical monitoring,IT or Software Services,2 to 5 years,More than 500 employees,Female,"Middle management (team lead, manager)",Agree,Agree,Strongly Disagree,Agree,Neither Agree nor Disagree,Strongly Agree,Neither Agree nor Disagree,Agree,Strongly Disagree,Disagree,Neither Agree nor Disagree,Neither Agree nor Disagree,Neither Agree nor Disagree,Neither Agree nor Disagree,Agree,Neither Agree nor Disagree,Agree,Strongly Disagree,Agree,Strongly Disagree,Strongly Agree,Disagree,Strongly Agree,Strongly Agree,Disagree,Strongly Agree,Strongly Agree,Strongly Agree,Strongly Agree,Strongly Agree,Strongly Agree,Rarely,Often,Sometimes
9/29/2026 16:04:22,Software or digital monitoring only,IT or Software Services,2 to 5 years,More than 500 employees,Male,Individual contributor or entry level,Disagree,Neither Agree nor Disagree,Agree,Agree,Strongly Agree,Disagree,Agree,Neither Agree nor Disagree,Neither Agree nor Disagree,Neither Agree nor Disagree,Agree,Agree,Agree,Neither Agree nor Disagree,Neither Agree nor Disagree,Agree,Agree,Disagree,Agree,Disagree,Agree,Disagree,Agree,Agree,Disagree,Strongly Agree,Strongly Agree,Agree,Strongly Agree,Neither Agree nor Disagree,Agree,Sometimes,Sometimes,Sometimes
9/29/2026 16:05:16,Software or digital monitoring only,Other,2 to 5 years,More than 500 employees,Female,Individual contributor or entry level,Agree,Agree,Neither Agree nor Disagree,Strongly Agree,Strongly Agree,Strongly Disagree,Strongly Agree,Strongly Agree,Agree,Agree,Strongly Agree,Strongly Agree,Disagree,Neither Agree nor Disagree,Disagree,Disagree,Neither Agree nor Disagree,Disagree,Agree,Disagree,Neither Agree nor Disagree,Neither Agree nor Disagree,Neither Agree nor Disagree,Neither Agree nor Disagree,Disagree,Neither Agree nor Disagree,Disagree,Disagree,Disagree,Disagree,Disagree,Often,Often,Often
9/29/2026 16:07:20,Software or digital monitoring only,Consulting,Less than 2 years,50 to 500 employees,Male,Individual contributor or entry level,Disagree,Strongly Agree,Strongly Agree,Neither Agree nor Disagree,Agree,Strongly Disagree,Agree,Agree,Strongly Disagree,Neither Agree nor Disagree,Agree,Neither Agree nor Disagree,Neither Agree nor Disagree,Neither Agree nor Disagree,Disagree,Neither Agree nor Disagree,Disagree,Disagree,Strongly Agree,Disagree,Strongly Agree,Disagree,Strongly Agree,Agree,Disagree,Strongly Agree,Strongly Agree,Strongly Agree,Strongly Agree,Strongly Agree,Strongly Agree,Sometimes,Rarely,Sometimes
9/29/2026 16:12:35,Both digital and physical monitoring,IT or Software Services,6 to 10 years,More than 500 employees,Male,Individual contributor or entry level,Disagree,Agree,Strongly Agree,Strongly Agree,Strongly Agree,Strongly Agree,Strongly Agree,Strongly Agree,Neither Agree nor Disagree,Neither Agree nor Disagree,Agree,Strongly Agree,Strongly Agree,Agree,Strongly Agree,Strongly Agree,Strongly Agree,Strongly Disagree,Strongly Agree,Disagree,Agree,Strongly Disagree,Agree,Agree,Disagree,Strongly Agree,Strongly Agree,Strongly Agree,Agree,Agree,Agree,Sometimes,Sometimes,Often
9/29/2026 16:13:15,Software or digital monitoring only,IT or Software Services,Less than 2 years,Fewer than 50 employees,Female,"Middle management (team lead, manager)",Neither Agree nor Disagree,Agree,Strongly Agree,Neither Agree nor Disagree,Neither Agree nor Disagree,Disagree,Neither Agree nor Disagree,Neither Agree nor Disagree,Strongly Disagree,Disagree,Neither Agree nor Disagree,Disagree,Neither Agree nor Disagree,Agree,Neither Agree nor Disagree,Neither Agree nor Disagree,Agree,Disagree,Agree,Disagree,Neither Agree nor Disagree,Disagree,Agree,Agree,Disagree,Strongly Agree,Strongly Agree,Strongly Agree,Agree,Neither Agree nor Disagree,Strongly Agree,Sometimes,Sometimes,Sometimes
9/29/2026 16:14:13,Software or digital monitoring only,IT or Software Services,Less than 2 years,More than 500 employees,Non-binary or Other,Individual contributor or entry level,Disagree,Strongly Agree,Disagree,Strongly Agree,Strongly Agree,Disagree,Agree,Strongly Agree,Strongly Agree,Agree,Strongly Agree,Agree,Strongly Disagree,Disagree,Disagree,Strongly Disagree,Strongly Disagree,Agree,Disagree,Neither Agree nor Disagree,Neither Agree nor Disagree,Neither Agree nor Disagree,Disagree,Neither Agree nor Disagree,Disagree,Neither Agree nor Disagree,Neither Agree nor Disagree,Disagree,Neither Agree nor Disagree,Neither Agree nor Disagree,Neither Agree nor Disagree,Rarely,Sometimes,Sometimes
9/29/2026 16:15:10,Both digital and physical monitoring,IT or Software Services,2 to 5 years,50 to 500 employees,Male,"Middle management (team lead, manager)",Agree,Neither Agree nor Disagree,Disagree,Strongly Agree,Strongly Agree,Strongly Agree,Agree,Strongly Agree,Neither Agree nor Disagree,Agree,Strongly Agree,Agree,Agree,Agree,Agree,Agree,Agree,Disagree,Neither Agree nor Disagree,Disagree,Neither Agree nor Disagree,Agree,Neither Agree nor Disagree,Disagree,Disagree,Neither Agree nor Disagree,Agree,Neither Agree nor Disagree,Agree,Agree,Agree,Rarely,Rarely,Rarely
9/29/2026 16:15:40,Software or digital monitoring only,Consulting,2 to 5 years,Fewer than 50 employees,Female,Individual contributor or entry level,Strongly Agree,Neither Agree nor Disagree,Disagree,Agree,Agree,Strongly Disagree,Agree,Neither Agree nor Disagree,Disagree,Disagree,Neither Agree nor Disagree,Neither Agree nor Disagree,Disagree,Disagree,Neither Agree nor Disagree,Disagree,Disagree,Neither Agree nor Disagree,Neither Agree nor Disagree,Disagree,Neither Agree nor Disagree,Agree,Disagree,Neither Agree nor Disagree,Disagree,Agree,Neither Agree nor Disagree,Neither Agree nor Disagree,Agree,Agree,Neither Agree nor Disagree,Rarely,Sometimes,Rarely
9/29/2026 16:17:24,Software or digital monitoring only,BPO or ITES,2 to 5 years,Fewer than 50 employees,Female,Individual contributor or entry level,Agree,Disagree,Neither Agree nor Disagree,Strongly Agree,Strongly Agree,Strongly Disagree,Agree,Agree,Strongly Agree,Agree,Agree,Agree,Strongly Disagree,Strongly Disagree,Strongly Disagree,Strongly Disagree,Strongly Disagree,Strongly Agree,Strongly Disagree,Strongly Agree,Strongly Disagree,Strongly Agree,Strongly Disagree,Strongly Disagree,Disagree,Strongly Disagree,Strongly Disagree,Strongly Disagree,Strongly Disagree,Strongly Disagree,Strongly Disagree,Never,Never,Never
9/29/2026 16:19:47,Software or digital monitoring only,Other,2 to 5 years,More than 500 employees,Female,Individual contributor or entry level,Strongly Agree,Disagree,Disagree,Agree,Agree,Strongly Disagree,Agree,Agree,Agree,Strongly Agree,Agree,Neither Agree nor Disagree,Disagree,Agree,Neither Agree nor Disagree,Neither Agree nor Disagree,Agree,Strongly Agree,Strongly Disagree,Strongly Agree,Strongly Disagree,Strongly Agree,Strongly Disagree,Strongly Disagree,Disagree,Neither Agree nor Disagree,Disagree,Disagree,Neither Agree nor Disagree,Neither Agree nor Disagree,Agree,Sometimes,Sometimes,Often
9/29/2026 16:21:13,Both digital and physical monitoring,IT or Software Services,2 to 5 years,More than 500 employees,Male,Individual contributor or entry level,Agree,Neither Agree nor Disagree,Agree,Strongly Agree,Agree,Neither Agree nor Disagree,Agree,Agree,Strongly Disagree,Strongly Disagree,Agree,Agree,Strongly Agree,Strongly Agree,Strongly Agree,Agree,Strongly Agree,Strongly Disagree,Strongly Agree,Strongly Disagree,Strongly Agree,Strongly Disagree,Strongly Agree,Strongly Agree,Disagree,Strongly Agree,Strongly Agree,Strongly Agree,Strongly Agree,Strongly Agree,Strongly Agree,Always,Always,Always
9/29/2026 16:22:33,Software or digital monitoring only,IT or Software Services,More than 10 years,50 to 500 employees,Male,Individual contributor or entry level,Agree,Agree,Agree,Strongly Agree,Strongly Agree,Disagree,Strongly Agree,Strongly Agree,Strongly Agree,Strongly Agree,Strongly Agree,Strongly Agree,Agree,Agree,Strongly Agree,Agree,Agree,Strongly Agree,Neither Agree nor Disagree,Agree,Disagree,Neither Agree nor Disagree,Disagree,Neither Agree nor Disagree,Disagree,Neither Agree nor Disagree,Neither Agree nor Disagree,Disagree,Disagree,Agree,Neither Agree nor Disagree,Often,Sometimes,Often
9/29/2026 16:25:02,Software or digital monitoring only,IT or Software Services,Less than 2 years,Fewer than 50 employees,Male,Individual contributor or entry level,Strongly Agree,Disagree,Agree,Strongly Agree,Strongly Agree,Disagree,Strongly Agree,Strongly Agree,Neither Agree nor Disagree,Neither Agree nor Disagree,Strongly Agree,Strongly Agree,Neither Agree nor Disagree,Neither Agree nor Disagree,Agree,Neither Agree nor Disagree,Neither Agree nor Disagree,Neither Agree nor Disagree,Neither Agree nor Disagree,Neither Agree nor Disagree,Neither Agree nor Disagree,Neither Agree nor Disagree,Neither Agree nor Disagree,Disagree,Disagree,Agree,Agree,Agree,Neither Agree nor Disagree,Agree,Neither Agree nor Disagree,Sometimes,Sometimes,Often
9/29/2026 16:26:28,"Physical monitoring only (CCTV, biometric access, desk-time tracking)",IT or Software Services,2 to 5 years,50 to 500 employees,Male,Individual contributor or entry level,Agree,Neither Agree nor Disagree,Disagree,Agree,Strongly Disagree,Neither Agree nor Disagree,Neither Agree nor Disagree,Agree,Disagree,Strongly Disagree,Agree,Strongly Agree,Strongly Agree,Strongly Agree,Strongly Agree,Strongly Agree,Agree,Strongly Disagree,Neither Agree nor Disagree,Disagree,Agree,Disagree,Strongly Agree,Agree,Disagree,Neither Agree nor Disagree,Disagree,Strongly Disagree,Neither Agree nor Disagree,Disagree,Disagree,Always,Always,Always
9/29/2026 16:26:44,Software or digital monitoring only,IT or Software Services,Less than 2 years,Fewer than 50 employees,Male,Individual contributor or entry level,Neither Agree nor Disagree,Strongly Agree,Agree,Strongly Agree,Strongly Agree,Disagree,Agree,Strongly Agree,Strongly Disagree,Disagree,Agree,Agree,Agree,Neither Agree nor Disagree,Agree,Neither Agree nor Disagree,Neither Agree nor Disagree,Disagree,Agree,Disagree,Agree,Neither Agree nor Disagree,Agree,Agree,Disagree,Agree,Strongly Agree,Strongly Agree,Strongly Agree,Strongly Agree,Strongly Agree,Often,Sometimes,Often
9/29/2026 16:27:02,"Physical monitoring only (CCTV, biometric access, desk-time tracking)",IT or Software Services,Less than 2 years,50 to 500 employees,Female,"Middle management (team lead, manager)",Strongly Agree,Agree,Neither Agree nor Disagree,Neither Agree nor Disagree,Disagree,Neither Agree nor Disagree,Disagree,Neither Agree nor Disagree,Agree,Agree,Neither Agree nor Disagree,Disagree,Disagree,Neither Agree nor Disagree,Neither Agree nor Disagree,Disagree,Disagree,Agree,Disagree,Agree,Disagree,Agree,Strongly Disagree,Disagree,Disagree,Disagree,Strongly Disagree,Disagree,Disagree,Disagree,Disagree,Never,Never,Never
9/29/2026 16:27:27,Software or digital monitoring only,BPO or ITES,Less than 2 years,50 to 500 employees,Female,Individual contributor or entry level,Neither Agree nor Disagree,Agree,Disagree,Agree,Strongly Agree,Disagree,Neither Agree nor Disagree,Neither Agree nor Disagree,Strongly Disagree,Strongly Disagree,Agree,Agree,Disagree,Neither Agree nor Disagree,Agree,Neither Agree nor Disagree,Disagree,Strongly Disagree,Agree,Strongly Disagree,Strongly Agree,Strongly Disagree,Strongly Agree,Agree,Disagree,Agree,Agree,Agree,Agree,Agree,Agree,Often,Always,Always
9/29/2026 16:27:55,Both digital and physical monitoring,BPO or ITES,More than 10 years,More than 500 employees,Male,"Middle management (team lead, manager)",Neither Agree nor Disagree,Neither Agree nor Disagree,Agree,Strongly Agree,Agree,Strongly Agree,Agree,Strongly Agree,Neither Agree nor Disagree,Neither Agree nor Disagree,Strongly Agree,Strongly Agree,Agree,Agree,Agree,Agree,Agree,Disagree,Agree,Disagree,Agree,Disagree,Agree,Neither Agree nor Disagree,Disagree,Neither Agree nor Disagree,Agree,Neither Agree nor Disagree,Neither Agree nor Disagree,Agree,Agree,Often,Sometimes,Sometimes
9/29/2026 16:28:32,"Physical monitoring only (CCTV, biometric access, desk-time tracking)",IT or Software Services,2 to 5 years,50 to 500 employees,Female,Senior leadership (director and above),Disagree,Neither Agree nor Disagree,Disagree,Disagree,Strongly Disagree,Disagree,Strongly Disagree,Disagree,Disagree,Strongly Disagree,Disagree,Disagree,Disagree,Neither Agree nor Disagree,Neither Agree nor Disagree,Neither Agree nor Disagree,Neither Agree nor Disagree,Neither Agree nor Disagree,Disagree,Neither Agree nor Disagree,Disagree,Strongly Agree,Disagree,Neither Agree nor Disagree,Disagree,Disagree,Disagree,Disagree,Strongly Disagree,Neither Agree nor Disagree,Disagree,Often,Often,Often
9/29/2026 16:29:08,"Physical monitoring only (CCTV, biometric access, desk-time tracking)",Consulting,6 to 10 years,50 to 500 employees,Male,Individual contributor or entry level,Strongly Agree,Strongly Agree,Agree,Neither Agree nor Disagree,Strongly Disagree,Disagree,Disagree,Neither Agree nor Disagree,Agree,Agree,Neither Agree nor Disagree,Disagree,Disagree,Disagree,Neither Agree nor Disagree,Disagree,Disagree,Agree,Disagree,Agree,Neither Agree nor Disagree,Agree,Disagree,Neither Agree nor Disagree,Disagree,Disagree,Disagree,Neither Agree nor Disagree,Disagree,Disagree,Neither Agree nor Disagree,Rarely,Never,Never
9/29/2026 16:29:48,Software or digital monitoring only,IT or Software Services,Less than 2 years,More than 500 employees,Male,Individual contributor or entry level,Agree,Agree,Agree,Neither Agree nor Disagree,Neither Agree nor Disagree,Disagree,Neither Agree nor Disagree,Neither Agree nor Disagree,Strongly Disagree,Strongly Disagree,Agree,Agree,Neither Agree nor Disagree,Disagree,Neither Agree nor Disagree,Neither Agree nor Disagree,Neither Agree nor Disagree,Neither Agree nor Disagree,Disagree,Neither Agree nor Disagree,Agree,Neither Agree nor Disagree,Neither Agree nor Disagree,Neither Agree nor Disagree,Disagree,Disagree,Disagree,Neither Agree nor Disagree,Disagree,Disagree,Disagree,Often,Sometimes,Sometimes
9/29/2026 16:32:08,I am not sure,IT or Software Services,6 to 10 years,More than 500 employees,Male,Individual contributor or entry level,Agree,Disagree,Strongly Disagree,Disagree,Disagree,Strongly Disagree,Strongly Disagree,Disagree,Disagree,Strongly Disagree,Disagree,Disagree,Disagree,Disagree,Disagree,Agree,Neither Agree nor Disagree,Disagree,Neither Agree nor Disagree,Disagree,Neither Agree nor Disagree,Neither Agree nor Disagree,Neither Agree nor Disagree,Neither Agree nor Disagree,Disagree,Neither Agree nor Disagree,Disagree,Disagree,Neither Agree nor Disagree,Neither Agree nor Disagree,Neither Agree nor Disagree,Sometimes,Sometimes,Rarely
9/29/2026 16:34:55,"Physical monitoring only (CCTV, biometric access, desk-time tracking)",IT or Software Services,Less than 2 years,Fewer than 50 employees,Female,Individual contributor or entry level,Strongly Agree,Disagree,Neither Agree nor Disagree,Neither Agree nor Disagree,Disagree,Neither Agree nor Disagree,Disagree,Neither Agree nor Disagree,Strongly Disagree,Disagree,Disagree,Neither Agree nor Disagree,Disagree,Neither Agree nor Disagree,Disagree,Strongly Disagree,Neither Agree nor Disagree,Disagree,Neither Agree nor Disagree,Neither Agree nor Disagree,Neither Agree nor Disagree,Neither Agree nor Disagree,Agree,Neither Agree nor Disagree,Disagree,Agree,Neither Agree nor Disagree,Agree,Agree,Strongly Agree,Agree,Often,Often,Always
9/29/2026 16:35:29,Software or digital monitoring only,IT or Software Services,2 to 5 years,More than 500 employees,Male,"Middle management (team lead, manager)",Neither Agree nor Disagree,Agree,Disagree,Strongly Agree,Neither Agree nor Disagree,Strongly Disagree,Neither Agree nor Disagree,Neither Agree nor Disagree,Disagree,Disagree,Neither Agree nor Disagree,Disagree,Neither Agree nor Disagree,Disagree,Agree,Neither Agree nor Disagree,Neither Agree nor Disagree,Disagree,Agree,Strongly Disagree,Strongly Agree,Disagree,Agree,Agree,Disagree,Agree,Neither Agree nor Disagree,Agree,Agree,Agree,Neither Agree nor Disagree,Often,Often,Often
9/29/2026 16:39:38,I am not monitored in any way,BPO or ITES,Less than 2 years,Fewer than 50 employees,Female,Individual contributor or entry level,Strongly Agree,Disagree,Strongly Disagree,Disagree,Strongly Disagree,Strongly Disagree,Strongly Disagree,Strongly Disagree,Strongly Disagree,Strongly Disagree,Strongly Disagree,Strongly Disagree,Strongly Disagree,Strongly Disagree,Strongly Disagree,Strongly Disagree,Strongly Disagree,Agree,Neither Agree nor Disagree,Agree,Neither Agree nor Disagree,Neither Agree nor Disagree,Disagree,Neither Agree nor Disagree,Disagree,Disagree,Disagree,Neither Agree nor Disagree,Strongly Disagree,Disagree,Strongly Disagree,Rarely,Sometimes,Rarely
9/29/2026 16:40:25,Software or digital monitoring only,BPO or ITES,2 to 5 years,50 to 500 employees,Male,"Middle management (team lead, manager)",Neither Agree nor Disagree,Agree,Neither Agree nor Disagree,Agree,Agree,Disagree,Neither Agree nor Disagree,Agree,Neither Agree nor Disagree,Neither Agree nor Disagree,Agree,Agree,Disagree,Strongly Disagree,Disagree,Disagree,Disagree,Neither Agree nor Disagree,Disagree,Agree,Agree,Neither Agree nor Disagree,Neither Agree nor Disagree,Disagree,Disagree,Agree,Strongly Agree,Strongly Agree,Agree,Strongly Agree,Strongly Agree,Rarely,Often,Sometimes
9/29/2026 17:09:15,Software or digital monitoring only,BPO or ITES,6 to 10 years,Fewer than 50 employees,Female,Senior leadership (director and above),Agree,Agree,Disagree,Agree,Strongly Agree,Disagree,Agree,Agree,Neither Agree nor Disagree,Neither Agree nor Disagree,Neither Agree nor Disagree,Agree,Strongly Disagree,Strongly Disagree,Disagree,Strongly Disagree,Strongly Disagree,Agree,Disagree,Strongly Agree,Disagree,Strongly Agree,Disagree,Strongly Disagree,Disagree,Disagree,Neither Agree nor Disagree,Neither Agree nor Disagree,Agree,Neither Agree nor Disagree,Disagree,Rarely,Never,Rarely
9/29/2026 17:09:36,Software or digital monitoring only,IT or Software Services,2 to 5 years,50 to 500 employees,Male,Individual contributor or entry level,Neither Agree nor Disagree,Neither Agree nor Disagree,Neither Agree nor Disagree,Agree,Neither Agree nor Disagree,Disagree,Agree,Neither Agree nor Disagree,Agree,Neither Agree nor Disagree,Agree,Agree,Disagree,Neither Agree nor Disagree,Disagree,Disagree,Disagree,Disagree,Agree,Neither Agree nor Disagree,Agree,Disagree,Agree,Agree,Disagree,Disagree,Neither Agree nor Disagree,Agree,Disagree,Neither Agree nor Disagree,Neither Agree nor Disagree,Always,Always,Always
9/29/2026 17:10:02,Software or digital monitoring only,Consulting,6 to 10 years,50 to 500 employees,Female,Individual contributor or entry level,Strongly Agree,Agree,Neither Agree nor Disagree,Neither Agree nor Disagree,Neither Agree nor Disagree,Strongly Disagree,Neither Agree nor Disagree,Agree,Neither Agree nor Disagree,Neither Agree nor Disagree,Neither Agree nor Disagree,Disagree,Strongly Agree,Strongly Agree,Strongly Agree,Agree,Strongly Agree,Disagree,Neither Agree nor Disagree,Neither Agree nor Disagree,Neither Agree nor Disagree,Disagree,Neither Agree nor Disagree,Neither Agree nor Disagree,Disagree,Strongly Agree,Strongly Agree,Strongly Agree,Strongly Agree,Agree,Strongly Agree,Often,Often,Often
9/29/2026 17:12:44,Software or digital monitoring only,IT or Software Services,More than 10 years,More than 500 employees,Male,Individual contributor or entry level,Neither Agree nor Disagree,Disagree,Strongly Disagree,Strongly Agree,Strongly Agree,Disagree,Strongly Agree,Strongly Agree,Neither Agree nor Disagree,Neither Agree nor Disagree,Agree,Strongly Agree,Disagree,Disagree,Neither Agree nor Disagree,Neither Agree nor Disagree,Disagree,Disagree,Neither Agree nor Disagree,Disagree,Neither Agree nor Disagree,Neither Agree nor Disagree,Agree,Agree,Disagree,Neither Agree nor Disagree,Disagree,Neither Agree nor Disagree,Disagree,Neither Agree nor Disagree,Disagree,Sometimes,Rarely,Rarely
9/29/2026 17:14:39,Software or digital monitoring only,IT or Software Services,6 to 10 years,Fewer than 50 employees,Female,Individual contributor or entry level,Agree,Disagree,Disagree,Strongly Agree,Agree,Disagree,Neither Agree nor Disagree,Strongly Agree,Agree,Strongly Agree,Agree,Agree,Strongly Disagree,Strongly Disagree,Strongly Disagree,Strongly Disagree,Strongly Disagree,Strongly Agree,Strongly Disagree,Strongly Agree,Strongly Disagree,Strongly Agree,Strongly Disagree,Strongly Disagree,Disagree,Strongly Disagree,Disagree,Disagree,Disagree,Disagree,Strongly Disagree,Never,Never,Never
9/29/2026 17:19:16,"Physical monitoring only (CCTV, biometric access, desk-time tracking)",IT or Software Services,Less than 2 years,50 to 500 employees,Male,Individual contributor or entry level,Disagree,Disagree,Neither Agree nor Disagree,Disagree,Disagree,Disagree,Disagree,Neither Agree nor Disagree,Strongly Disagree,Strongly Disagree,Disagree,Disagree,Neither Agree nor Disagree,Neither Agree nor Disagree,Neither Agree nor Disagree,Neither Agree nor Disagree,Neither Agree nor Disagree,Strongly Disagree,Strongly Agree,Strongly Disagree,Strongly Agree,Disagree,Strongly Agree,Agree,Disagree,Agree,Agree,Neither Agree nor Disagree,Agree,Agree,Agree,Often,Often,Sometimes
9/29/2026 17:19:51,"Physical monitoring only (CCTV, biometric access, desk-time tracking)",Consulting,Less than 2 years,50 to 500 employees,Female,Individual contributor or entry level,Agree,Agree,Strongly Agree,Neither Agree nor Disagree,Strongly Disagree,Neither Agree nor Disagree,Neither Agree nor Disagree,Disagree,Strongly Disagree,Strongly Disagree,Disagree,Neither Agree nor Disagree,Strongly Agree,Agree,Agree,Agree,Strongly Agree,Strongly Disagree,Strongly Agree,Strongly Disagree,Strongly Agree,Strongly Disagree,Strongly Agree,Strongly Agree,Disagree,Agree,Neither Agree nor Disagree,Agree,Neither Agree nor Disagree,Neither Agree nor Disagree,Neither Agree nor Disagree,Always,Always,Always
9/29/2026 17:23:53,Software or digital monitoring only,Manufacturing or Other Corporate,2 to 5 years,Fewer than 50 employees,Female,Individual contributor or entry level,Disagree,Strongly Agree,Strongly Disagree,Strongly Agree,Agree,Neither Agree nor Disagree,Strongly Agree,Strongly Agree,Neither Agree nor Disagree,Disagree,Agree,Strongly Agree,Agree,Agree,Strongly Agree,Neither Agree nor Disagree,Agree,Neither Agree nor Disagree,Neither Agree nor Disagree,Disagree,Neither Agree nor Disagree,Disagree,Neither Agree nor Disagree,Agree,Disagree,Strongly Agree,Strongly Agree,Agree,Strongly Agree,Agree,Agree,Sometimes,Sometimes,Rarely
9/29/2026 17:25:55,Software or digital monitoring only,IT or Software Services,2 to 5 years,50 to 500 employees,Male,Individual contributor or entry level,Agree,Disagree,Strongly Agree,Agree,Agree,Disagree,Agree,Agree,Disagree,Disagree,Agree,Agree,Neither Agree nor Disagree,Neither Agree nor Disagree,Neither Agree nor Disagree,Neither Agree nor Disagree,Neither Agree nor Disagree,Disagree,Agree,Disagree,Agree,Strongly Disagree,Agree,Agree,Disagree,Neither Agree nor Disagree,Agree,Agree,Agree,Agree,Agree,Often,Sometimes,Sometimes
9/29/2026 17:30:36,Software or digital monitoring only,IT or Software Services,2 to 5 years,50 to 500 employees,Female,"Middle management (team lead, manager)",Neither Agree nor Disagree,Agree,Neither Agree nor Disagree,Strongly Agree,Strongly Agree,Disagree,Strongly Agree,Strongly Agree,Agree,Strongly Agree,Agree,Strongly Agree,Neither Agree nor Disagree,Neither Agree nor Disagree,Agree,Disagree,Disagree,Neither Agree nor Disagree,Agree,Disagree,Neither Agree nor Disagree,Disagree,Neither Agree nor Disagree,Neither Agree nor Disagree,Disagree,Agree,Agree,Agree,Agree,Agree,Agree,Rarely,Sometimes,Rarely
9/29/2026 17:30:52,Software or digital monitoring only,BPO or ITES,2 to 5 years,More than 500 employees,Male,Individual contributor or entry level,Neither Agree nor Disagree,Disagree,Agree,Agree,Agree,Disagree,Agree,Strongly Agree,Disagree,Neither Agree nor Disagree,Neither Agree nor Disagree,Neither Agree nor Disagree,Agree,Neither Agree nor Disagree,Agree,Neither Agree nor Disagree,Agree,Disagree,Agree,Neither Agree nor Disagree,Agree,Disagree,Agree,Agree,Disagree,Disagree,Disagree,Disagree,Disagree,Disagree,Neither Agree nor Disagree,Sometimes,Never,Rarely
9/29/2026 17:31:16,Software or digital monitoring only,BPO or ITES,More than 10 years,More than 500 employees,Female,Individual contributor or entry level,Neither Agree nor Disagree,Neither Agree nor Disagree,Agree,Agree,Agree,Disagree,Strongly Agree,Neither Agree nor Disagree,Disagree,Strongly Disagree,Neither Agree nor Disagree,Agree,Disagree,Neither Agree nor Disagree,Neither Agree nor Disagree,Neither Agree nor Disagree,Disagree,Disagree,Agree,Disagree,Neither Agree nor Disagree,Disagree,Agree,Agree,Disagree,Agree,Agree,Agree,Agree,Agree,Neither Agree nor Disagree,Sometimes,Often,Sometimes
9/29/2026 17:31:48,Software or digital monitoring only,IT or Software Services,6 to 10 years,Fewer than 50 employees,Male,Individual contributor or entry level,Strongly Disagree,Agree,Agree,Strongly Agree,Agree,Disagree,Agree,Strongly Agree,Disagree,Neither Agree nor Disagree,Agree,Agree,Neither Agree nor Disagree,Neither Agree nor Disagree,Disagree,Disagree,Disagree,Strongly Agree,Disagree,Agree,Strongly Disagree,Agree,Strongly Disagree,Strongly Disagree,Disagree,Neither Agree nor Disagree,Neither Agree nor Disagree,Disagree,Neither Agree nor Disagree,Disagree,Neither Agree nor Disagree,Rarely,Sometimes,Sometimes
9/29/2026 17:32:20,Software or digital monitoring only,IT or Software Services,2 to 5 years,50 to 500 employees,Non-binary or Other,Individual contributor or entry level,Neither Agree nor Disagree,Agree,Strongly Disagree,Agree,Agree,Disagree,Neither Agree nor Disagree,Agree,Agree,Agree,Neither Agree nor Disagree,Neither Agree nor Disagree,Disagree,Disagree,Neither Agree nor Disagree,Neither Agree nor Disagree,Neither Agree nor Disagree,Disagree,Agree,Neither Agree nor Disagree,Neither Agree nor Disagree,Neither Agree nor Disagree,Agree,Neither Agree nor Disagree,Disagree,Neither Agree nor Disagree,Neither Agree nor Disagree,Neither Agree nor Disagree,Neither Agree nor Disagree,Neither Agree nor Disagree,Disagree,Rarely,Rarely,Rarely
9/29/2026 17:32:50,Software or digital monitoring only,IT or Software Services,More than 10 years,50 to 500 employees,Male,Individual contributor or entry level,Agree,Strongly Agree,Strongly Agree,Agree,Neither Agree nor Disagree,Neither Agree nor Disagree,Agree,Agree,Disagree,Disagree,Neither Agree nor Disagree,Neither Agree nor Disagree,Neither Agree nor Disagree,Disagree,Neither Agree nor Disagree,Neither Agree nor Disagree,Disagree,Neither Agree nor Disagree,Disagree,Neither Agree nor Disagree,Neither Agree nor Disagree,Neither Agree nor Disagree,Disagree,Neither Agree nor Disagree,Disagree,Disagree,Neither Agree nor Disagree,Neither Agree nor Disagree,Neither Agree nor Disagree,Disagree,Disagree,Rarely,Sometimes,Sometimes
9/29/2026 17:33:31,Software or digital monitoring only,Consulting,More than 10 years,50 to 500 employees,Female,"Middle management (team lead, manager)",Disagree,Strongly Agree,Agree,Agree,Strongly Agree,Disagree,Agree,Agree,Neither Agree nor Disagree,Neither Agree nor Disagree,Agree,Strongly Agree,Neither Agree nor Disagree,Neither Agree nor Disagree,Neither Agree nor Disagree,Neither Agree nor Disagree,Neither Agree nor Disagree,Agree,Disagree,Agree,Disagree,Neither Agree nor Disagree,Disagree,Strongly Disagree,Disagree,Disagree,Neither Agree nor Disagree,Disagree,Disagree,Agree,Neither Agree nor Disagree,Rarely,Rarely,Never
9/29/2026 17:34:29,Software or digital monitoring only,Manufacturing or Other Corporate,More than 10 years,50 to 500 employees,Female,Individual contributor or entry level,Neither Agree nor Disagree,Neither Agree nor Disagree,Neither Agree nor Disagree,Agree,Strongly Agree,Strongly Disagree,Agree,Strongly Agree,Neither Agree nor Disagree,Neither Agree nor Disagree,Agree,Agree,Disagree,Strongly Disagree,Disagree,Strongly Disagree,Disagree,Neither Agree nor Disagree,Agree,Disagree,Neither Agree nor Disagree,Disagree,Agree,Neither Agree nor Disagree,Disagree,Neither Agree nor Disagree,Neither Agree nor Disagree,Neither Agree nor Disagree,Agree,Agree,Agree,Sometimes,Sometimes,Sometimes
9/29/2026 17:35:21,Both digital and physical monitoring,IT or Software Services,More than 10 years,50 to 500 employees,Female,Individual contributor or entry level,Agree,Strongly Agree,Neither Agree nor Disagree,Agree,Agree,Agree,Agree,Agree,Disagree,Neither Agree nor Disagree,Agree,Neither Agree nor Disagree,Agree,Agree,Agree,Agree,Agree,Neither Agree nor Disagree,Disagree,Neither Agree nor Disagree,Disagree,Disagree,Neither Agree nor Disagree,Disagree,Disagree,Disagree,Neither Agree nor Disagree,Neither Agree nor Disagree,Disagree,Strongly Disagree,Disagree,Always,Always,Always
9/29/2026 17:36:29,I am not sure,IT or Software Services,2 to 5 years,Fewer than 50 employees,Female,"Middle management (team lead, manager)",Neither Agree nor Disagree,Neither Agree nor Disagree,Agree,Agree,Strongly Disagree,Disagree,Neither Agree nor Disagree,Agree,Strongly Agree,Strongly Agree,Neither Agree nor Disagree,Neither Agree nor Disagree,Agree,Agree,Neither Agree nor Disagree,Neither Agree nor Disagree,Agree,Neither Agree nor Disagree,Strongly Agree,Disagree,Agree,Disagree,Agree,Agree,Disagree,Neither Agree nor Disagree,Neither Agree nor Disagree,Neither Agree nor Disagree,Neither Agree nor Disagree,Disagree,Neither Agree nor Disagree,Rarely,Sometimes,Rarely
9/29/2026 17:37:38,Software or digital monitoring only,BPO or ITES,2 to 5 years,More than 500 employees,Female,Individual contributor or entry level,Strongly Agree,Agree,Neither Agree nor Disagree,Agree,Neither Agree nor Disagree,Disagree,Disagree,Neither Agree nor Disagree,Disagree,Strongly Disagree,Neither Agree nor Disagree,Neither Agree nor Disagree,Strongly Agree,Agree,Agree,Agree,Agree,Strongly Disagree,Strongly Agree,Strongly Disagree,Strongly Agree,Strongly Disagree,Strongly Agree,Strongly Agree,Disagree,Neither Agree nor Disagree,Neither Agree nor Disagree,Neither Agree nor Disagree,Strongly Agree,Agree,Agree,Always,Always,Always
9/29/2026 17:38:42,I am not sure,IT or Software Services,6 to 10 years,More than 500 employees,Male,"Middle management (team lead, manager)",Neither Agree nor Disagree,Agree,Agree,Disagree,Disagree,Disagree,Strongly Disagree,Disagree,Strongly Disagree,Strongly Disagree,Disagree,Disagree,Neither Agree nor Disagree,Neither Agree nor Disagree,Neither Agree nor Disagree,Neither Agree nor Disagree,Disagree,Strongly Disagree,Strongly Agree,Strongly Disagree,Strongly Agree,Strongly Disagree,Strongly Agree,Strongly Agree,Disagree,Agree,Strongly Agree,Strongly Agree,Strongly Agree,Strongly Agree,Strongly Agree,Sometimes,Sometimes,Sometimes
9/29/2026 17:40:10,Software or digital monitoring only,IT or Software Services,More than 10 years,50 to 500 employees,Female,Individual contributor or entry level,Disagree,Agree,Strongly Agree,Neither Agree nor Disagree,Neither Agree nor Disagree,Strongly Disagree,Neither Agree nor Disagree,Neither Agree nor Disagree,Disagree,Neither Agree nor Disagree,Neither Agree nor Disagree,Disagree,Neither Agree nor Disagree,Agree,Neither Agree nor Disagree,Neither Agree nor Disagree,Neither Agree nor Disagree,Disagree,Agree,Neither Agree nor Disagree,Neither Agree nor Disagree,Neither Agree nor Disagree,Neither Agree nor Disagree,Neither Agree nor Disagree,Disagree,Neither Agree nor Disagree,Neither Agree nor Disagree,Neither Agree nor Disagree,Agree,Neither Agree nor Disagree,Neither Agree nor Disagree,Sometimes,Sometimes,Sometimes
9/29/2026 17:41:50,Both digital and physical monitoring,IT or Software Services,2 to 5 years,50 to 500 employees,Female,Individual contributor or entry level,Neither Agree nor Disagree,Strongly Agree,Disagree,Strongly Agree,Agree,Agree,Agree,Strongly Agree,Strongly Agree,Strongly Agree,Neither Agree nor Disagree,Agree,Agree,Strongly Agree,Strongly Agree,Agree,Agree,Disagree,Agree,Disagree,Agree,Disagree,Agree,Agree,Disagree,Strongly Agree,Strongly Agree,Strongly Agree,Agree,Strongly Agree,Strongly Agree,Often,Sometimes,Sometimes
9/29/2026 17:42:29,Software or digital monitoring only,IT or Software Services,Less than 2 years,Fewer than 50 employees,Male,Individual contributor or entry level,Neither Agree nor Disagree,Neither Agree nor Disagree,Disagree,Agree,Agree,Strongly Disagree,Agree,Strongly Agree,Agree,Agree,Agree,Agree,Strongly Disagree,Disagree,Disagree,Disagree,Disagree,Strongly Agree,Strongly Disagree,Strongly Agree,Strongly Disagree,Strongly Agree,Strongly Disagree,Strongly Disagree,Disagree,Strongly Disagree,Strongly Disagree,Disagree,Strongly Disagree,Strongly Disagree,Strongly Disagree,Rarely,Sometimes,Rarely
9/29/2026 17:44:49,Software or digital monitoring only,IT or Software Services,6 to 10 years,50 to 500 employees,Male,Individual contributor or entry level,Neither Agree nor Disagree,Agree,Neither Agree nor Disagree,Strongly Agree,Agree,Strongly Disagree,Agree,Strongly Agree,Agree,Agree,Agree,Agree,Agree,Agree,Agree,Agree,Neither Agree nor Disagree,Neither Agree nor Disagree,Strongly Agree,Disagree,Agree,Disagree,Agree,Strongly Agree,Disagree,Agree,Neither Agree nor Disagree,Neither Agree nor Disagree,Neither Agree nor Disagree,Neither Agree nor Disagree,Agree,Never,Never,Rarely
9/29/2026 17:45:36,Software or digital monitoring only,IT or Software Services,Less than 2 years,Fewer than 50 employees,Male,Senior leadership (director and above),Neither Agree nor Disagree,Neither Agree nor Disagree,Disagree,Strongly Agree,Agree,Disagree,Agree,Strongly Agree,Neither Agree nor Disagree,Neither Agree nor Disagree,Agree,Agree,Disagree,Disagree,Neither Agree nor Disagree,Disagree,Disagree,Agree,Strongly Disagree,Agree,Strongly Disagree,Agree,Disagree,Strongly Disagree,Disagree,Neither Agree nor Disagree,Neither Agree nor Disagree,Disagree,Neither Agree nor Disagree,Neither Agree nor Disagree,Neither Agree nor Disagree,Sometimes,Sometimes,Sometimes
9/29/2026 17:51:15,Both digital and physical monitoring,IT or Software Services,Less than 2 years,Fewer than 50 employees,Female,Individual contributor or entry level,Agree,Agree,Agree,Agree,Neither Agree nor Disagree,Agree,Agree,Agree,Agree,Agree,Neither Agree nor Disagree,Agree,Disagree,Disagree,Neither Agree nor Disagree,Neither Agree nor Disagree,Agree,Neither Agree nor Disagree,Neither Agree nor Disagree,Agree,Neither Agree nor Disagree,Disagree,Agree,Neither Agree nor Disagree,Disagree,Neither Agree nor Disagree,Neither Agree nor Disagree,Agree,Agree,Neither Agree nor Disagree,Agree,Rarely,Rarely,Never
9/29/2026 17:52:37,Software or digital monitoring only,IT or Software Services,6 to 10 years,50 to 500 employees,Male,Individual contributor or entry level,Strongly Agree,Neither Agree nor Disagree,Neither Agree nor Disagree,Agree,Agree,Strongly Disagree,Agree,Agree,Neither Agree nor Disagree,Disagree,Strongly Agree,Agree,Neither Agree nor Disagree,Neither Agree nor Disagree,Agree,Agree,Disagree,Disagree,Agree,Strongly Disagree,Agree,Disagree,Strongly Agree,Strongly Agree,Disagree,Agree,Agree,Strongly Agree,Agree,Agree,Agree,Sometimes,Often,Often
9/30/2026 17:05:56,Software or digital monitoring only,BPO or ITES,6 to 10 years,More than 500 employees,Male,Individual contributor or entry level,Disagree,Agree,Agree,Strongly Agree,Agree,Strongly Disagree,Neither Agree nor Disagree,Neither Agree nor Disagree,Disagree,Strongly Disagree,Disagree,Neither Agree nor Disagree,Disagree,Disagree,Neither Agree nor Disagree,Disagree,Neither Agree nor Disagree,Agree,Neither Agree nor Disagree,Agree,Strongly Disagree,Agree,Disagree,Disagree,Disagree,Strongly Disagree,Strongly Disagree,Disagree,Strongly Disagree,Disagree,Disagree,Rarely,Rarely,Rarely
9/30/2026 17:09:04,Both digital and physical monitoring,IT or Software Services,More than 10 years,50 to 500 employees,Male,Individual contributor or entry level,Neither Agree nor Disagree,Agree,Neither Agree nor Disagree,Agree,Agree,Strongly Agree,Agree,Agree,Neither Agree nor Disagree,Neither Agree nor Disagree,Neither Agree nor Disagree,Agree,Neither Agree nor Disagree,Neither Agree nor Disagree,Neither Agree nor Disagree,Neither Agree nor Disagree,Neither Agree nor Disagree,Disagree,Agree,Neither Agree nor Disagree,Agree,Neither Agree nor Disagree,Neither Agree nor Disagree,Agree,Disagree,Agree,Neither Agree nor Disagree,Disagree,Neither Agree nor Disagree,Neither Agree nor Disagree,Agree,Often,Always,Sometimes
9/30/2026 17:09:25,Software or digital monitoring only,BPO or ITES,6 to 10 years,50 to 500 employees,Female,Individual contributor or entry level,Disagree,Disagree,Agree,Strongly Agree,Strongly Agree,Disagree,Strongly Agree,Agree,Agree,Neither Agree nor Disagree,Strongly Agree,Agree,Disagree,Neither Agree nor Disagree,Agree,Neither Agree nor Disagree,Agree,Disagree,Agree,Disagree,Agree,Disagree,Agree,Agree,Disagree,Neither Agree nor Disagree,Neither Agree nor Disagree,Disagree,Neither Agree nor Disagree,Neither Agree nor Disagree,Disagree,Sometimes,Often,Rarely
9/30/2026 17:09:51,Both digital and physical monitoring,BPO or ITES,2 to 5 years,50 to 500 employees,Female,Individual contributor or entry level,Disagree,Agree,Disagree,Neither Agree nor Disagree,Neither Agree nor Disagree,Disagree,Disagree,Neither Agree nor Disagree,Neither Agree nor Disagree,Neither Agree nor Disagree,Neither Agree nor Disagree,Neither Agree nor Disagree,Disagree,Disagree,Neither Agree nor Disagree,Disagree,Neither Agree nor Disagree,Strongly Agree,Neither Agree nor Disagree,Strongly Agree,Disagree,Agree,Disagree,Disagree,Disagree,Strongly Disagree,Strongly Disagree,Disagree,Disagree,Strongly Disagree,Strongly Disagree,Rarely,Rarely,Never
9/30/2026 17:10:23,Software or digital monitoring only,IT or Software Services,2 to 5 years,More than 500 employees,Female,Individual contributor or entry level,Neither Agree nor Disagree,Disagree,Disagree,Strongly Agree,Strongly Agree,Neither Agree nor Disagree,Strongly Agree,Strongly Agree,Agree,Neither Agree nor Disagree,Strongly Agree,Strongly Agree,Agree,Agree,Strongly Agree,Agree,Agree,Disagree,Neither Agree nor Disagree,Disagree,Agree,Strongly Disagree,Agree,Neither Agree nor Disagree,Disagree,Neither Agree nor Disagree,Agree,Neither Agree nor Disagree,Disagree,Agree,Neither Agree nor Disagree,Always,Often,Always
9/30/2026 17:11:02,Both digital and physical monitoring,IT or Software Services,Less than 2 years,More than 500 employees,Female,"Middle management (team lead, manager)",Neither Agree nor Disagree,Neither Agree nor Disagree,Agree,Strongly Agree,Agree,Agree,Agree,Agree,Agree,Disagree,Strongly Agree,Agree,Agree,Agree,Neither Agree nor Disagree,Agree,Neither Agree nor Disagree,Disagree,Agree,Disagree,Agree,Neither Agree nor Disagree,Neither Agree nor Disagree,Strongly Agree,Disagree,Disagree,Neither Agree nor Disagree,Neither Agree nor Disagree,Disagree,Neither Agree nor Disagree,Neither Agree nor Disagree,Sometimes,Sometimes,Sometimes
9/30/2026 17:11:35,Software or digital monitoring only,BPO or ITES,6 to 10 years,50 to 500 employees,Female,Individual contributor or entry level,Neither Agree nor Disagree,Strongly Agree,Disagree,Neither Agree nor Disagree,Neither Agree nor Disagree,Disagree,Disagree,Neither Agree nor Disagree,Strongly Disagree,Strongly Disagree,Neither Agree nor Disagree,Neither Agree nor Disagree,Disagree,Disagree,Neither Agree nor Disagree,Neither Agree nor Disagree,Disagree,Neither Agree nor Disagree,Neither Agree nor Disagree,Neither Agree nor Disagree,Neither Agree nor Disagree,Neither Agree nor Disagree,Neither Agree nor Disagree,Disagree,Disagree,Strongly Agree,Agree,Strongly Agree,Strongly Agree,Agree,Agree,Sometimes,Often,Sometimes
9/30/2026 17:12:25,Both digital and physical monitoring,IT or Software Services,2 to 5 years,50 to 500 employees,Male,"Middle management (team lead, manager)",Agree,Agree,Agree,Agree,Agree,Agree,Agree,Strongly Agree,Neither Agree nor Disagree,Neither Agree nor Disagree,Strongly Agree,Neither Agree nor Disagree,Neither Agree nor Disagree,Neither Agree nor Disagree,Disagree,Neither Agree nor Disagree,Neither Agree nor Disagree,Strongly Disagree,Agree,Strongly Disagree,Strongly Agree,Strongly Disagree,Strongly Agree,Strongly Agree,Disagree,Strongly Agree,Agree,Agree,Agree,Strongly Agree,Agree,Often,Often,Often
9/30/2026 17:13:09,"Physical monitoring only (CCTV, biometric access, desk-time tracking)",IT or Software Services,More than 10 years,Fewer than 50 employees,Male,Individual contributor or entry level,Disagree,Agree,Neither Agree nor Disagree,Agree,Strongly Disagree,Agree,Neither Agree nor Disagree,Strongly Agree,Strongly Agree,Agree,Agree,Neither Agree nor Disagree,Strongly Disagree,Strongly Disagree,Disagree,Disagree,Disagree,Agree,Disagree,Neither Agree nor Disagree,Disagree,Agree,Disagree,Neither Agree nor Disagree,Disagree,Neither Agree nor Disagree,Neither Agree nor Disagree,Neither Agree nor Disagree,Disagree,Neither Agree nor Disagree,Disagree,Rarely,Sometimes,Rarely
9/30/2026 17:14:18,Software or digital monitoring only,Manufacturing or Other Corporate,Less than 2 years,Fewer than 50 employees,Male,Individual contributor or entry level,Neither Agree nor Disagree,Agree,Disagree,Strongly Agree,Agree,Disagree,Disagree,Agree,Agree,Neither Agree nor Disagree,Agree,Neither Agree nor Disagree,Neither Agree nor Disagree,Strongly Agree,Agree,Strongly Agree,Agree,Strongly Disagree,Agree,Strongly Disagree,Strongly Agree,Disagree,Agree,Agree,Disagree,Neither Agree nor Disagree,Neither Agree nor Disagree,Neither Agree nor Disagree,Neither Agree nor Disagree,Neither Agree nor Disagree,Neither Agree nor Disagree,Sometimes,Sometimes,Sometimes
9/30/2026 17:15:20,Software or digital monitoring only,IT or Software Services,Less than 2 years,50 to 500 employees,Male,Senior leadership (director and above),Neither Agree nor Disagree,Disagree,Neither Agree nor Disagree,Neither Agree nor Disagree,Neither Agree nor Disagree,Disagree,Agree,Agree,Neither Agree nor Disagree,Neither Agree nor Disagree,Neither Agree nor Disagree,Neither Agree nor Disagree,Neither Agree nor Disagree,Neither Agree nor Disagree,Disagree,Disagree,Strongly Disagree,Neither Agree nor Disagree,Neither Agree nor Disagree,Strongly Agree,Neither Agree nor Disagree,Agree,Disagree,Neither Agree nor Disagree,Disagree,Disagree,Disagree,Disagree,Disagree,Disagree,Neither Agree nor Disagree,Rarely,Sometimes,Never
9/30/2026 17:16:36,Software or digital monitoring only,BPO or ITES,More than 10 years,Fewer than 50 employees,Female,Individual contributor or entry level,Agree,Disagree,Strongly Disagree,Neither Agree nor Disagree,Neither Agree nor Disagree,Strongly Disagree,Disagree,Disagree,Neither Agree nor Disagree,Strongly Disagree,Neither Agree nor Disagree,Neither Agree nor Disagree,Disagree,Disagree,Disagree,Disagree,Disagree,Agree,Disagree,Neither Agree nor Disagree,Neither Agree nor Disagree,Neither Agree nor Disagree,Neither Agree nor Disagree,Neither Agree nor Disagree,Disagree,Neither Agree nor Disagree,Agree,Neither Agree nor Disagree,Neither Agree nor Disagree,Neither Agree nor Disagree,Neither Agree nor Disagree,Rarely,Sometimes,Never
9/30/2026 17:18:12,Both digital and physical monitoring,IT or Software Services,6 to 10 years,Fewer than 50 employees,Male,"Middle management (team lead, manager)",Neither Agree nor Disagree,Neither Agree nor Disagree,Strongly Disagree,Strongly Agree,Agree,Strongly Agree,Strongly Agree,Agree,Neither Agree nor Disagree,Neither Agree nor Disagree,Strongly Agree,Strongly Agree,Neither Agree nor Disagree,Neither Agree nor Disagree,Neither Agree nor Disagree,Neither Agree nor Disagree,Disagree,Disagree,Neither Agree nor Disagree,Disagree,Agree,Disagree,Neither Agree nor Disagree,Neither Agree nor Disagree,Disagree,Agree,Agree,Agree,Strongly Agree,Strongly Agree,Agree,Sometimes,Often,Always
9/30/2026 17:21:25,Software or digital monitoring only,BPO or ITES,6 to 10 years,50 to 500 employees,Male,Individual contributor or entry level,Strongly Agree,Neither Agree nor Disagree,Agree,Agree,Neither Agree nor Disagree,Disagree,Agree,Agree,Strongly Disagree,Strongly Disagree,Disagree,Agree,Strongly Agree,Strongly Agree,Agree,Strongly Agree,Agree,Disagree,Agree,Disagree,Strongly Agree,Disagree,Strongly Agree,Strongly Agree,Disagree,Strongly Agree,Strongly Agree,Strongly Agree,Strongly Agree,Strongly Agree,Strongly Agree,Always,Always,Always
9/30/2026 17:23:17,Software or digital monitoring only,IT or Software Services,2 to 5 years,50 to 500 employees,Male,"Middle management (team lead, manager)",Agree,Neither Agree nor Disagree,Neither Agree nor Disagree,Strongly Agree,Strongly Agree,Disagree,Agree,Strongly Agree,Neither Agree nor Disagree,Disagree,Agree,Strongly Agree,Strongly Agree,Strongly Agree,Strongly Agree,Strongly Agree,Strongly Agree,Disagree,Agree,Disagree,Agree,Disagree,Neither Agree nor Disagree,Agree,Disagree,Neither Agree nor Disagree,Agree,Neither Agree nor Disagree,Neither Agree nor Disagree,Agree,Neither Agree nor Disagree,Often,Always,Often
9/30/2026 17:28:08,Software or digital monitoring only,Consulting,6 to 10 years,More than 500 employees,Male,Individual contributor or entry level,Neither Agree nor Disagree,Strongly Agree,Strongly Agree,Agree,Agree,Disagree,Agree,Neither Agree nor Disagree,Strongly Disagree,Strongly Disagree,Agree,Agree,Disagree,Neither Agree nor Disagree,Neither Agree nor Disagree,Neither Agree nor Disagree,Disagree,Disagree,Strongly Agree,Strongly Disagree,Strongly Agree,Strongly Disagree,Strongly Agree,Agree,Disagree,Neither Agree nor Disagree,Disagree,Agree,Neither Agree nor Disagree,Neither Agree nor Disagree,Neither Agree nor Disagree,Often,Rarely,Sometimes
9/30/2026 17:31:59,Software or digital monitoring only,BPO or ITES,6 to 10 years,More than 500 employees,Female,"Middle management (team lead, manager)",Agree,Strongly Disagree,Neither Agree nor Disagree,Strongly Agree,Strongly Agree,Disagree,Strongly Agree,Agree,Neither Agree nor Disagree,Strongly Disagree,Agree,Agree,Agree,Agree,Strongly Agree,Strongly Agree,Agree,Disagree,Agree,Disagree,Agree,Disagree,Neither Agree nor Disagree,Agree,Disagree,Agree,Agree,Agree,Agree,Neither Agree nor Disagree,Agree,Sometimes,Sometimes,Sometimes
9/30/2026 17:37:33,Software or digital monitoring only,IT or Software Services,6 to 10 years,Fewer than 50 employees,Female,Individual contributor or entry level,Strongly Agree,Agree,Strongly Disagree,Strongly Agree,Agree,Disagree,Agree,Agree,Neither Agree nor Disagree,Neither Agree nor Disagree,Neither Agree nor Disagree,Agree,Agree,Neither Agree nor Disagree,Neither Agree nor Disagree,Agree,Neither Agree nor Disagree,Agree,Strongly Disagree,Agree,Strongly Disagree,Strongly Agree,Strongly Disagree,Disagree,Disagree,Agree,Neither Agree nor Disagree,Neither Agree nor Disagree,Agree,Disagree,Agree,Never,Rarely,Rarely
9/30/2026 17:43:07,Software or digital monitoring only,IT or Software Services,2 to 5 years,Fewer than 50 employees,Female,Individual contributor or entry level,Disagree,Agree,Strongly Agree,Strongly Agree,Agree,Disagree,Agree,Strongly Agree,Agree,Neither Agree nor Disagree,Agree,Agree,Agree,Agree,Agree,Agree,Neither Agree nor Disagree,Disagree,Neither Agree nor Disagree,Disagree,Agree,Disagree,Agree,Neither Agree nor Disagree,Disagree,Agree,Neither Agree nor Disagree,Neither Agree nor Disagree,Neither Agree nor Disagree,Neither Agree nor Disagree,Neither Agree nor Disagree,Often,Often,Sometimes
9/30/2026 17:46:45,Software or digital monitoring only,Consulting,2 to 5 years,50 to 500 employees,Male,Individual contributor or entry level,Agree,Agree,Agree,Agree,Strongly Agree,Strongly Disagree,Agree,Agree,Neither Agree nor Disagree,Disagree,Neither Agree nor Disagree,Strongly Agree,Strongly Disagree,Strongly Disagree,Strongly Disagree,Strongly Disagree,Strongly Disagree,Neither Agree nor Disagree,Neither Agree nor Disagree,Neither Agree nor Disagree,Disagree,Neither Agree nor Disagree,Agree,Neither Agree nor Disagree,Disagree,Neither Agree nor Disagree,Neither Agree nor Disagree,Disagree,Agree,Agree,Agree,Rarely,Rarely,Rarely
9/30/2026 17:50:53,Both digital and physical monitoring,BPO or ITES,2 to 5 years,50 to 500 employees,Male,"Middle management (team lead, manager)",Agree,Strongly Agree,Neither Agree nor Disagree,Agree,Agree,Agree,Agree,Agree,Neither Agree nor Disagree,Neither Agree nor Disagree,Neither Agree nor Disagree,Agree,Agree,Agree,Strongly Agree,Strongly Agree,Agree,Strongly Disagree,Strongly Agree,Strongly Disagree,Strongly Agree,Strongly Disagree,Strongly Agree,Strongly Agree,Disagree,Agree,Agree,Strongly Agree,Agree,Strongly Agree,Strongly Agree,Often,Sometimes,Sometimes
9/30/2026 17:56:10,Both digital and physical monitoring,BPO or ITES,Less than 2 years,50 to 500 employees,Male,Individual contributor or entry level,Agree,Disagree,Neither Agree nor Disagree,Agree,Agree,Agree,Neither Agree nor Disagree,Agree,Neither Agree nor Disagree,Neither Agree nor Disagree,Neither Agree nor Disagree,Agree,Neither Agree nor Disagree,Neither Agree nor Disagree,Neither Agree nor Disagree,Neither Agree nor Disagree,Neither Agree nor Disagree,Neither Agree nor Disagree,Neither Agree nor Disagree,Neither Agree nor Disagree,Agree,Neither Agree nor Disagree,Neither Agree nor Disagree,Disagree,Disagree,Agree,Agree,Disagree,Neither Agree nor Disagree,Disagree,Neither Agree nor Disagree,Often,Often,Sometimes
9/30/2026 17:59:47,I am not sure,IT or Software Services,2 to 5 years,More than 500 employees,Male,Individual contributor or entry level,Strongly Agree,Neither Agree nor Disagree,Strongly Agree,Agree,Strongly Disagree,Disagree,Agree,Agree,Strongly Disagree,Strongly Disagree,Agree,Agree,Strongly Agree,Agree,Strongly Agree,Strongly Agree,Strongly Agree,Disagree,Agree,Disagree,Strongly Agree,Strongly Disagree,Strongly Agree,Strongly Agree,Disagree,Strongly Agree,Strongly Agree,Strongly Agree,Strongly Agree,Strongly Agree,Agree,Sometimes,Sometimes,Often
9/30/2026 18:01:00,Software or digital monitoring only,IT or Software Services,6 to 10 years,50 to 500 employees,Female,"Middle management (team lead, manager)",Strongly Agree,Agree,Neither Agree nor Disagree,Strongly Agree,Strongly Agree,Disagree,Strongly Agree,Strongly Agree,Agree,Strongly Agree,Agree,Strongly Agree,Strongly Agree,Agree,Neither Agree nor Disagree,Agree,Agree,Neither Agree nor Disagree,Neither Agree nor Disagree,Neither Agree nor Disagree,Neither Agree nor Disagree,Disagree,Neither Agree nor Disagree,Disagree,Disagree,Neither Agree nor Disagree,Agree,Agree,Agree,Agree,Neither Agree nor Disagree,Often,Often,Often
9/30/2026 18:01:15,Software or digital monitoring only,IT or Software Services,2 to 5 years,50 to 500 employees,Female,Individual contributor or entry level,Agree,Disagree,Neither Agree nor Disagree,Neither Agree nor Disagree,Agree,Disagree,Neither Agree nor Disagree,Neither Agree nor Disagree,Neither Agree nor Disagree,Disagree,Neither Agree nor Disagree,Neither Agree nor Disagree,Neither Agree nor Disagree,Neither Agree nor Disagree,Agree,Agree,Agree,Neither Agree nor Disagree,Neither Agree nor Disagree,Disagree,Neither Agree nor Disagree,Disagree,Agree,Agree,Disagree,Strongly Disagree,Disagree,Strongly Disagree,Disagree,Disagree,Neither Agree nor Disagree,Often,Always,Sometimes
9/30/2026 18:01:36,Software or digital monitoring only,IT or Software Services,More than 10 years,More than 500 employees,Female,Individual contributor or entry level,Strongly Disagree,Agree,Agree,Agree,Agree,Strongly Disagree,Neither Agree nor Disagree,Agree,Neither Agree nor Disagree,Neither Agree nor Disagree,Agree,Neither Agree nor Disagree,Neither Agree nor Disagree,Strongly Disagree,Neither Agree nor Disagree,Neither Agree nor Disagree,Neither Agree nor Disagree,Neither Agree nor Disagree,Agree,Neither Agree nor Disagree,Neither Agree nor Disagree,Neither Agree nor Disagree,Agree,Agree,Disagree,Agree,Neither Agree nor Disagree,Neither Agree nor Disagree,Agree,Neither Agree nor Disagree,Neither Agree nor Disagree,Sometimes,Often,Rarely
9/30/2026 18:02:04,Software or digital monitoring only,Manufacturing or Other Corporate,Less than 2 years,More than 500 employees,Female,Individual contributor or entry level,Strongly Disagree,Agree,Agree,Neither Agree nor Disagree,Agree,Disagree,Neither Agree nor Disagree,Neither Agree nor Disagree,Neither Agree nor Disagree,Neither Agree nor Disagree,Neither Agree nor Disagree,Agree,Neither Agree nor Disagree,Neither Agree nor Disagree,Agree,Agree,Neither Agree nor Disagree,Agree,Disagree,Agree,Strongly Disagree,Agree,Disagree,Disagree,Disagree,Disagree,Strongly Disagree,Strongly Disagree,Strongly Disagree,Strongly Disagree,Disagree,Rarely,Rarely,Rarely
9/30/2026 18:02:37,Software or digital monitoring only,IT or Software Services,2 to 5 years,50 to 500 employees,Female,Individual contributor or entry level,Agree,Agree,Strongly Disagree,Strongly Agree,Strongly Agree,Disagree,Strongly Agree,Strongly Agree,Agree,Agree,Strongly Agree,Strongly Agree,Disagree,Disagree,Disagree,Disagree,Disagree,Agree,Strongly Disagree,Neither Agree nor Disagree,Disagree,Agree,Disagree,Strongly Disagree,Disagree,Neither Agree nor Disagree,Disagree,Neither Agree nor Disagree,Strongly Disagree,Neither Agree nor Disagree,Disagree,Often,Often,Always
9/30/2026 18:03:07,Software or digital monitoring only,IT or Software Services,2 to 5 years,50 to 500 employees,Prefer not to say,"Middle management (team lead, manager)",Agree,Neither Agree nor Disagree,Disagree,Neither Agree nor Disagree,Agree,Disagree,Agree,Agree,Agree,Neither Agree nor Disagree,Neither Agree nor Disagree,Agree,Disagree,Neither Agree nor Disagree,Disagree,Disagree,Disagree,Strongly Agree,Strongly Disagree,Strongly Agree,Strongly Disagree,Strongly Agree,Strongly Disagree,Strongly Disagree,Disagree,Disagree,Neither Agree nor Disagree,Disagree,Disagree,Strongly Disagree,Disagree,Never,Never,Rarely
9/30/2026 18:03:40,Software or digital monitoring only,IT or Software Services,2 to 5 years,Fewer than 50 employees,Male,Individual contributor or entry level,Agree,Agree,Agree,Agree,Agree,Disagree,Agree,Neither Agree nor Disagree,Neither Agree nor Disagree,Neither Agree nor Disagree,Neither Agree nor Disagree,Agree,Disagree,Disagree,Neither Agree nor Disagree,Neither Agree nor Disagree,Disagree,Disagree,Agree,Disagree,Agree,Disagree,Agree,Agree,Disagree,Agree,Agree,Agree,Neither Agree nor Disagree,Neither Agree nor Disagree,Agree,Never,Never,Never
9/30/2026 18:04:24,Software or digital monitoring only,BPO or ITES,2 to 5 years,Fewer than 50 employees,Female,Senior leadership (director and above),Neither Agree nor Disagree,Agree,Neither Agree nor Disagree,Agree,Agree,Disagree,Agree,Agree,Strongly Disagree,Strongly Disagree,Disagree,Agree,Agree,Agree,Neither Agree nor Disagree,Neither Agree nor Disagree,Agree,Neither Agree nor Disagree,Neither Agree nor Disagree,Disagree,Agree,Disagree,Agree,Agree,Disagree,Agree,Agree,Neither Agree nor Disagree,Agree,Agree,Agree,Sometimes,Sometimes,Sometimes
9/30/2026 18:05:08,I am not sure,IT or Software Services,2 to 5 years,50 to 500 employees,Male,Individual contributor or entry level,Agree,Neither Agree nor Disagree,Agree,Disagree,Disagree,Disagree,Disagree,Disagree,Strongly Disagree,Strongly Disagree,Neither Agree nor Disagree,Disagree,Disagree,Neither Agree nor Disagree,Disagree,Disagree,Disagree,Strongly Disagree,Strongly Agree,Disagree,Strongly Agree,Strongly Disagree,Agree,Agree,Disagree,Neither Agree nor Disagree,Agree,Neither Agree nor Disagree,Neither Agree nor Disagree,Agree,Agree,Sometimes,Sometimes,Sometimes
9/30/2026 18:06:07,I am not sure,BPO or ITES,6 to 10 years,50 to 500 employees,Female,Individual contributor or entry level,Strongly Agree,Strongly Agree,Disagree,Strongly Disagree,Strongly Disagree,Disagree,Strongly Disagree,Strongly Disagree,Strongly Disagree,Strongly Disagree,Strongly Disagree,Disagree,Strongly Disagree,Disagree,Disagree,Disagree,Disagree,Disagree,Neither Agree nor Disagree,Neither Agree nor Disagree,Disagree,Neither Agree nor Disagree,Neither Agree nor Disagree,Neither Agree nor Disagree,Disagree,Agree,Neither Agree nor Disagree,Strongly Agree,Agree,Agree,Agree,Rarely,Sometimes,Sometimes
9/30/2026 18:07:17,Both digital and physical monitoring,IT or Software Services,Less than 2 years,50 to 500 employees,Male,Individual contributor or entry level,Strongly Agree,Agree,Neither Agree nor Disagree,Strongly Agree,Neither Agree nor Disagree,Neither Agree nor Disagree,Neither Agree nor Disagree,Agree,Disagree,Disagree,Neither Agree nor Disagree,Neither Agree nor Disagree,Disagree,Disagree,Disagree,Strongly Disagree,Disagree,Disagree,Neither Agree nor Disagree,Strongly Disagree,Agree,Disagree,Agree,Agree,Disagree,Agree,Neither Agree nor Disagree,Neither Agree nor Disagree,Neither Agree nor Disagree,Neither Agree nor Disagree,Neither Agree nor Disagree,Always,Often,Sometimes
9/30/2026 18:09:34,Both digital and physical monitoring,IT or Software Services,6 to 10 years,More than 500 employees,Male,Individual contributor or entry level,Disagree,Neither Agree nor Disagree,Agree,Strongly Agree,Agree,Strongly Agree,Agree,Agree,Agree,Neither Agree nor Disagree,Agree,Strongly Agree,Strongly Disagree,Strongly Disagree,Strongly Disagree,Strongly Disagree,Strongly Disagree,Neither Agree nor Disagree,Neither Agree nor Disagree,Disagree,Neither Agree nor Disagree,Neither Agree nor Disagree,Neither Agree nor Disagree,Agree,Disagree,Agree,Agree,Neither Agree nor Disagree,Neither Agree nor Disagree,Agree,Neither Agree nor Disagree,Sometimes,Rarely,Sometimes
9/30/2026 18:11:05,Software or digital monitoring only,Other,Less than 2 years,50 to 500 employees,Male,Individual contributor or entry level,Neither Agree nor Disagree,Agree,Strongly Disagree,Strongly Agree,Strongly Agree,Strongly Disagree,Strongly Agree,Agree,Agree,Strongly Agree,Agree,Strongly Agree,Disagree,Disagree,Disagree,Disagree,Neither Agree nor Disagree,Strongly Agree,Strongly Disagree,Strongly Agree,Strongly Disagree,Strongly Agree,Strongly Disagree,Strongly Disagree,Disagree,Strongly Disagree,Strongly Disagree,Disagree,Strongly Disagree,Strongly Disagree,Strongly Disagree,Sometimes,Rarely,Rarely
9/30/2026 18:11:35,Software or digital monitoring only,IT or Software Services,2 to 5 years,Fewer than 50 employees,Female,"Middle management (team lead, manager)",Agree,Strongly Agree,Neither Agree nor Disagree,Agree,Neither Agree nor Disagree,Disagree,Agree,Agree,Agree,Agree,Agree,Agree,Disagree,Disagree,Disagree,Neither Agree nor Disagree,Disagree,Neither Agree nor Disagree,Neither Agree nor Disagree,Neither Agree nor Disagree,Neither Agree nor Disagree,Neither Agree nor Disagree,Neither Agree nor Disagree,Neither Agree nor Disagree,Disagree,Disagree,Strongly Disagree,Neither Agree nor Disagree,Disagree,Neither Agree nor Disagree,Disagree,Sometimes,Sometimes,Sometimes
9/30/2026 18:16:04,Software or digital monitoring only,Other,6 to 10 years,Fewer than 50 employees,Male,Individual contributor or entry level,Agree,Neither Agree nor Disagree,Disagree,Agree,Agree,Disagree,Agree,Agree,Strongly Agree,Strongly Agree,Strongly Agree,Strongly Agree,Strongly Disagree,Strongly Disagree,Disagree,Disagree,Strongly Disagree,Disagree,Agree,Neither Agree nor Disagree,Neither Agree nor Disagree,Neither Agree nor Disagree,Neither Agree nor Disagree,Neither Agree nor Disagree,Disagree,Neither Agree nor Disagree,Disagree,Disagree,Disagree,Disagree,Disagree,Rarely,Rarely,Sometimes
9/30/2026 18:17:18,Both digital and physical monitoring,IT or Software Services,Less than 2 years,Fewer than 50 employees,Male,Individual contributor or entry level,Disagree,Strongly Disagree,Disagree,Neither Agree nor Disagree,Agree,Neither Agree nor Disagree,Agree,Agree,Neither Agree nor Disagree,Neither Agree nor Disagree,Neither Agree nor Disagree,Neither Agree nor Disagree,Strongly Disagree,Strongly Disagree,Disagree,Strongly Disagree,Strongly Disagree,Strongly Agree,Strongly Disagree,Strongly Agree,Strongly Disagree,Strongly Agree,Strongly Disagree,Strongly Disagree,Disagree,Disagree,Disagree,Disagree,Disagree,Disagree,Strongly Disagree,Never,Never,Never
9/30/2026 18:22:52,Software or digital monitoring only,Other,2 to 5 years,50 to 500 employees,Female,"Middle management (team lead, manager)",Agree,Neither Agree nor Disagree,Strongly Agree,Agree,Agree,Disagree,Agree,Strongly Agree,Strongly Agree,Strongly Agree,Agree,Strongly Agree,Disagree,Disagree,Disagree,Disagree,Disagree,Neither Agree nor Disagree,Agree,Disagree,Agree,Neither Agree nor Disagree,Agree,Neither Agree nor Disagree,Disagree,Agree,Neither Agree nor Disagree,Neither Agree nor Disagree,Neither Agree nor Disagree,Agree,Neither Agree nor Disagree,Never,Rarely,Rarely
9/30/2026 18:25:29,"Physical monitoring only (CCTV, biometric access, desk-time tracking)",BPO or ITES,6 to 10 years,50 to 500 employees,Male,"Middle management (team lead, manager)",Neither Agree nor Disagree,Strongly Disagree,Agree,Disagree,Strongly Disagree,Disagree,Strongly Disagree,Disagree,Strongly Disagree,Strongly Disagree,Strongly Disagree,Strongly Disagree,Neither Agree nor Disagree,Neither Agree nor Disagree,Neither Agree nor Disagree,Neither Agree nor Disagree,Neither Agree nor Disagree,Disagree,Strongly Agree,Strongly Disagree,Agree,Strongly Disagree,Agree,Strongly Agree,Disagree,Neither Agree nor Disagree,Neither Agree nor Disagree,Neither Agree nor Disagree,Neither Agree nor Disagree,Agree,Neither Agree nor Disagree,Often,Often,Sometimes
9/30/2026 18:26:08,"Physical monitoring only (CCTV, biometric access, desk-time tracking)",Consulting,Less than 2 years,50 to 500 employees,Male,Individual contributor or entry level,Neither Agree nor Disagree,Agree,Neither Agree nor Disagree,Neither Agree nor Disagree,Disagree,Disagree,Neither Agree nor Disagree,Disagree,Neither Agree nor Disagree,Disagree,Disagree,Neither Agree nor Disagree,Neither Agree nor Disagree,Agree,Agree,Agree,Neither Agree nor Disagree,Neither Agree nor Disagree,Disagree,Disagree,Neither Agree nor Disagree,Neither Agree nor Disagree,Neither Agree nor Disagree,Neither Agree nor Disagree,Disagree,Agree,Agree,Agree,Neither Agree nor Disagree,Neither Agree nor Disagree,Neither Agree nor Disagree,Always,Often,Often
9/30/2026 18:27:01,"Physical monitoring only (CCTV, biometric access, desk-time tracking)",BPO or ITES,2 to 5 years,50 to 500 employees,Female,Individual contributor or entry level,Strongly Agree,Disagree,Disagree,Disagree,Disagree,Strongly Disagree,Strongly Disagree,Strongly Disagree,Disagree,Disagree,Strongly Disagree,Strongly Disagree,Disagree,Disagree,Strongly Disagree,Strongly Disagree,Strongly Disagree,Agree,Disagree,Neither Agree nor Disagree,Neither Agree nor Disagree,Agree,Disagree,Disagree,Disagree,Strongly Disagree,Disagree,Strongly Disagree,Strongly Disagree,Strongly Disagree,Disagree,Never,Rarely,Rarely
9/30/2026 18:29:06,Both digital and physical monitoring,IT or Software Services,2 to 5 years,Fewer than 50 employees,Male,Individual contributor or entry level,Strongly Agree,Neither Agree nor Disagree,Neither Agree nor Disagree,Strongly Agree,Strongly Agree,Strongly Agree,Strongly Agree,Strongly Agree,Strongly Agree,Agree,Strongly Agree,Strongly Agree,Strongly Agree,Strongly Agree,Strongly Agree,Strongly Agree,Strongly Agree,Neither Agree nor Disagree,Strongly Disagree,Neither Agree nor Disagree,Neither Agree nor Disagree,Agree,Disagree,Neither Agree nor Disagree,Disagree,Strongly Disagree,Disagree,Disagree,Disagree,Disagree,Disagree,Never,Never,Never
9/30/2026 18:32:10,Software or digital monitoring only,Other,Less than 2 years,More than 500 employees,Female,"Middle management (team lead, manager)",Disagree,Disagree,Disagree,Agree,Agree,Disagree,Agree,Agree,Agree,Strongly Agree,Agree,Neither Agree nor Disagree,Agree,Neither Agree nor Disagree,Agree,Neither Agree nor Disagree,Neither Agree nor Disagree,Agree,Disagree,Agree,Disagree,Agree,Disagree,Neither Agree nor Disagree,Disagree,Neither Agree nor Disagree,Neither Agree nor Disagree,Disagree,Strongly Disagree,Disagree,Disagree,Rarely,Rarely,Sometimes
9/30/2026 18:34:03,Both digital and physical monitoring,Consulting,Less than 2 years,50 to 500 employees,Female,Individual contributor or entry level,Neither Agree nor Disagree,Neither Agree nor Disagree,Disagree,Neither Agree nor Disagree,Agree,Agree,Agree,Strongly Agree,Agree,Agree,Neither Agree nor Disagree,Neither Agree nor Disagree,Strongly Disagree,Disagree,Disagree,Disagree,Disagree,Agree,Disagree,Strongly Agree,Strongly Disagree,Strongly Agree,Disagree,Strongly Disagree,Disagree,Disagree,Disagree,Disagree,Disagree,Disagree,Neither Agree nor Disagree,Sometimes,Sometimes,Sometimes
9/30/2026 18:35:52,Software or digital monitoring only,Consulting,2 to 5 years,Fewer than 50 employees,Male,"Middle management (team lead, manager)",Neither Agree nor Disagree,Agree,Agree,Agree,Neither Agree nor Disagree,Disagree,Neither Agree nor Disagree,Agree,Neither Agree nor Disagree,Neither Agree nor Disagree,Neither Agree nor Disagree,Agree,Agree,Agree,Agree,Agree,Agree,Agree,Neither Agree nor Disagree,Neither Agree nor Disagree,Disagree,Agree,Disagree,Disagree,Disagree,Agree,Agree,Neither Agree nor Disagree,Agree,Agree,Agree,Sometimes,Often,Sometimes
9/30/2026 18:36:26,Software or digital monitoring only,Manufacturing or Other Corporate,6 to 10 years,More than 500 employees,Male,Individual contributor or entry level,Agree,Strongly Agree,Disagree,Strongly Agree,Strongly Agree,Disagree,Strongly Agree,Strongly Agree,Agree,Neither Agree nor Disagree,Strongly Agree,Strongly Agree,Disagree,Neither Agree nor Disagree,Disagree,Neither Agree nor Disagree,Disagree,Neither Agree nor Disagree,Neither Agree nor Disagree,Agree,Disagree,Neither Agree nor Disagree,Neither Agree nor Disagree,Neither Agree nor Disagree,Disagree,Disagree,Disagree,Disagree,Neither Agree nor Disagree,Disagree,Neither Agree nor Disagree,Rarely,Rarely,Sometimes
9/30/2026 18:37:05,Software or digital monitoring only,IT or Software Services,2 to 5 years,More than 500 employees,Male,Individual contributor or entry level,Agree,Strongly Agree,Disagree,Strongly Agree,Strongly Agree,Disagree,Strongly Agree,Strongly Agree,Agree,Neither Agree nor Disagree,Strongly Agree,Strongly Agree,Strongly Agree,Agree,Agree,Strongly Agree,Strongly Agree,Neither Agree nor Disagree,Disagree,Neither Agree nor Disagree,Agree,Disagree,Agree,Agree,Disagree,Neither Agree nor Disagree,Neither Agree nor Disagree,Agree,Neither Agree nor Disagree,Agree,Neither Agree nor Disagree,Often,Sometimes,Often
9/30/2026 18:37:39,"Physical monitoring only (CCTV, biometric access, desk-time tracking)",IT or Software Services,2 to 5 years,More than 500 employees,Female,Individual contributor or entry level,Neither Agree nor Disagree,Agree,Strongly Agree,Neither Agree nor Disagree,Strongly Disagree,Neither Agree nor Disagree,Disagree,Neither Agree nor Disagree,Disagree,Strongly Disagree,Disagree,Neither Agree nor Disagree,Neither Agree nor Disagree,Agree,Strongly Agree,Agree,Agree,Disagree,Agree,Agree,Neither Agree nor Disagree,Neither Agree nor Disagree,Neither Agree nor Disagree,Agree,Disagree,Disagree,Disagree,Disagree,Disagree,Neither Agree nor Disagree,Strongly Disagree,Sometimes,Sometimes,Sometimes
9/30/2026 18:39:26,Software or digital monitoring only,IT or Software Services,2 to 5 years,50 to 500 employees,Female,"Middle management (team lead, manager)",Agree,Agree,Neither Agree nor Disagree,Agree,Agree,Strongly Disagree,Strongly Agree,Agree,Strongly Disagree,Strongly Disagree,Agree,Agree,Agree,Agree,Agree,Agree,Agree,Disagree,Agree,Disagree,Agree,Disagree,Agree,Agree,Disagree,Strongly Agree,Agree,Agree,Strongly Agree,Strongly Agree,Strongly Agree,Sometimes,Often,Often
9/30/2026 18:42:16,Software or digital monitoring only,BPO or ITES,2 to 5 years,More than 500 employees,Male,"Middle management (team lead, manager)",Agree,Agree,Disagree,Strongly Agree,Agree,Disagree,Agree,Strongly Agree,Agree,Agree,Agree,Strongly Agree,Neither Agree nor Disagree,Neither Agree nor Disagree,Neither Agree nor Disagree,Agree,Neither Agree nor Disagree,Disagree,Neither Agree nor Disagree,Neither Agree nor Disagree,Neither Agree nor Disagree,Neither Agree nor Disagree,Agree,Agree,Disagree,Agree,Agree,Neither Agree nor Disagree,Agree,Agree,Strongly Agree,Often,Often,Sometimes
9/30/2026 18:44:04,I am not sure,BPO or ITES,6 to 10 years,More than 500 employees,Female,"Middle management (team lead, manager)",Agree,Neither Agree nor Disagree,Agree,Agree,Disagree,Disagree,Disagree,Neither Agree nor Disagree,Disagree,Disagree,Neither Agree nor Disagree,Disagree,Strongly Disagree,Disagree,Neither Agree nor Disagree,Disagree,Disagree,Agree,Neither Agree nor Disagree,Neither Agree nor Disagree,Disagree,Disagree,Neither Agree nor Disagree,Disagree,Disagree,Disagree,Disagree,Disagree,Strongly Disagree,Disagree,Strongly Disagree,Rarely,Never,Never
9/30/2026 18:47:38,Software or digital monitoring only,BPO or ITES,2 to 5 years,Fewer than 50 employees,Male,"Middle management (team lead, manager)",Strongly Agree,Agree,Disagree,Neither Agree nor Disagree,Agree,Strongly Disagree,Neither Agree nor Disagree,Neither Agree nor Disagree,Strongly Agree,Strongly Agree,Neither Agree nor Disagree,Agree,Disagree,Neither Agree nor Disagree,Disagree,Disagree,Neither Agree nor Disagree,Strongly Agree,Strongly Disagree,Agree,Disagree,Strongly Agree,Strongly Disagree,Strongly Disagree,Disagree,Agree,Neither Agree nor Disagree,Agree,Neither Agree nor Disagree,Agree,Neither Agree nor Disagree,Never,Never,Never
9/30/2026 18:49:26,"Physical monitoring only (CCTV, biometric access, desk-time tracking)",IT or Software Services,Less than 2 years,More than 500 employees,Male,Individual contributor or entry level,Disagree,Agree,Disagree,Disagree,Disagree,Disagree,Disagree,Strongly Disagree,Strongly Disagree,Strongly Disagree,Disagree,Disagree,Strongly Disagree,Strongly Disagree,Strongly Disagree,Strongly Disagree,Strongly Disagree,Disagree,Agree,Disagree,Strongly Agree,Disagree,Agree,Agree,Disagree,Strongly Agree,Agree,Agree,Strongly Agree,Agree,Strongly Agree,Sometimes,Sometimes,Sometimes
9/30/2026 18:53:03,Software or digital monitoring only,Manufacturing or Other Corporate,Less than 2 years,Fewer than 50 employees,Male,Individual contributor or entry level,Neither Agree nor Disagree,Agree,Disagree,Strongly Agree,Strongly Agree,Disagree,Strongly Agree,Strongly Agree,Neither Agree nor Disagree,Agree,Strongly Agree,Strongly Agree,Neither Agree nor Disagree,Agree,Disagree,Neither Agree nor Disagree,Agree,Agree,Neither Agree nor Disagree,Agree,Disagree,Agree,Neither Agree nor Disagree,Disagree,Disagree,Neither Agree nor Disagree,Agree,Agree,Neither Agree nor Disagree,Agree,Agree,Sometimes,Often,Rarely
9/30/2026 18:56:19,Software or digital monitoring only,IT or Software Services,2 to 5 years,50 to 500 employees,Male,Individual contributor or entry level,Disagree,Strongly Disagree,Neither Agree nor Disagree,Disagree,Neither Agree nor Disagree,Disagree,Disagree,Neither Agree nor Disagree,Agree,Agree,Disagree,Disagree,Disagree,Neither Agree nor Disagree,Neither Agree nor Disagree,Disagree,Neither Agree nor Disagree,Neither Agree nor Disagree,Agree,Neither Agree nor Disagree,Strongly Agree,Disagree,Agree,Neither Agree nor Disagree,Disagree,Neither Agree nor Disagree,Agree,Agree,Agree,Neither Agree nor Disagree,Agree,Sometimes,Sometimes,Often
9/30/2026 19:01:48,Both digital and physical monitoring,IT or Software Services,Less than 2 years,Fewer than 50 employees,Male,Individual contributor or entry level,Agree,Strongly Agree,Disagree,Neither Agree nor Disagree,Neither Agree nor Disagree,Neither Agree nor Disagree,Disagree,Neither Agree nor Disagree,Neither Agree nor Disagree,Disagree,Neither Agree nor Disagree,Disagree,Neither Agree nor Disagree,Neither Agree nor Disagree,Neither Agree nor Disagree,Neither Agree nor Disagree,Agree,Disagree,Agree,Disagree,Agree,Disagree,Agree,Agree,Disagree,Neither Agree nor Disagree,Agree,Neither Agree nor Disagree,Agree,Agree,Agree,Rarely,Sometimes,Sometimes
9/30/2026 19:03:15,Software or digital monitoring only,BPO or ITES,2 to 5 years,50 to 500 employees,Female,Individual contributor or entry level,Agree,Neither Agree nor Disagree,Neither Agree nor Disagree,Strongly Agree,Strongly Agree,Disagree,Agree,Strongly Agree,Strongly Agree,Agree,Strongly Agree,Strongly Agree,Neither Agree nor Disagree,Disagree,Neither Agree nor Disagree,Disagree,Disagree,Strongly Agree,Strongly Disagree,Strongly Agree,Disagree,Strongly Agree,Strongly Disagree,Strongly Disagree,Disagree,Neither Agree nor Disagree,Disagree,Disagree,Neither Agree nor Disagree,Disagree,Disagree,Rarely,Rarely,Rarely
9/30/2026 19:05:19,Both digital and physical monitoring,IT or Software Services,6 to 10 years,50 to 500 employees,Female,Individual contributor or entry level,Strongly Agree,Strongly Agree,Disagree,Strongly Agree,Agree,Neither Agree nor Disagree,Agree,Agree,Strongly Agree,Agree,Strongly Agree,Agree,Agree,Agree,Agree,Agree,Neither Agree nor Disagree,Agree,Neither Agree nor Disagree,Disagree,Neither Agree nor Disagree,Disagree,Neither Agree nor Disagree,Neither Agree nor Disagree,Disagree,Disagree,Neither Agree nor Disagree,Neither Agree nor Disagree,Disagree,Neither Agree nor Disagree,Disagree,Rarely,Rarely,Rarely
9/30/2026 19:08:12,Software or digital monitoring only,Consulting,Less than 2 years,Fewer than 50 employees,Male,Individual contributor or entry level,Neither Agree nor Disagree,Agree,Disagree,Strongly Agree,Strongly Agree,Disagree,Agree,Strongly Agree,Strongly Disagree,Strongly Disagree,Agree,Agree,Neither Agree nor Disagree,Neither Agree nor Disagree,Disagree,Neither Agree nor Disagree,Neither Agree nor Disagree,Disagree,Agree,Strongly Disagree,Agree,Disagree,Agree,Agree,Disagree,Agree,Neither Agree nor Disagree,Agree,Neither Agree nor Disagree,Neither Agree nor Disagree,Neither Agree nor Disagree,Rarely,Rarely,Rarely
9/30/2026 19:10:47,Software or digital monitoring only,IT or Software Services,Less than 2 years,50 to 500 employees,Female,"Middle management (team lead, manager)",Agree,Neither Agree nor Disagree,Agree,Agree,Agree,Strongly Disagree,Neither Agree nor Disagree,Neither Agree nor Disagree,Disagree,Strongly Disagree,Agree,Neither Agree nor Disagree,Strongly Agree,Neither Agree nor Disagree,Strongly Agree,Agree,Agree,Neither Agree nor Disagree,Neither Agree nor Disagree,Disagree,Neither Agree nor Disagree,Neither Agree nor Disagree,Neither Agree nor Disagree,Neither Agree nor Disagree,Disagree,Neither Agree nor Disagree,Agree,Neither Agree nor Disagree,Neither Agree nor Disagree,Neither Agree nor Disagree,Neither Agree nor Disagree,Sometimes,Often,Sometimes
9/30/2026 19:11:26,Software or digital monitoring only,IT or Software Services,2 to 5 years,50 to 500 employees,Female,Individual contributor or entry level,Disagree,Disagree,Strongly Disagree,Strongly Agree,Strongly Agree,Neither Agree nor Disagree,Agree,Agree,Agree,Neither Agree nor Disagree,Agree,Strongly Agree,Disagree,Neither Agree nor Disagree,Disagree,Neither Agree nor Disagree,Neither Agree nor Disagree,Agree,Disagree,Agree,Strongly Disagree,Strongly Agree,Disagree,Disagree,Disagree,Strongly Disagree,Strongly Disagree,Disagree,Strongly Disagree,Strongly Disagree,Strongly Disagree,Never,Never,Rarely
9/30/2026 19:12:35,"Physical monitoring only (CCTV, biometric access, desk-time tracking)",IT or Software Services,Less than 2 years,More than 500 employees,Male,Individual contributor or entry level,Disagree,Disagree,Strongly Agree,Neither Agree nor Disagree,Disagree,Disagree,Disagree,Disagree,Neither Agree nor Disagree,Neither Agree nor Disagree,Disagree,Neither Agree nor Disagree,Neither Agree nor Disagree,Agree,Neither Agree nor Disagree,Agree,Neither Agree nor Disagree,Disagree,Agree,Neither Agree nor Disagree,Neither Agree nor Disagree,Neither Agree nor Disagree,Neither Agree nor Disagree,Agree,Disagree,Agree,Disagree,Agree,Neither Agree nor Disagree,Agree,Neither Agree nor Disagree,Sometimes,Sometimes,Sometimes
9/30/2026 19:16:44,I am not sure,IT or Software Services,Less than 2 years,Fewer than 50 employees,Male,Individual contributor or entry level,Disagree,Disagree,Disagree,Agree,Strongly Disagree,Disagree,Neither Agree nor Disagree,Disagree,Neither Agree nor Disagree,Disagree,Neither Agree nor Disagree,Neither Agree nor Disagree,Disagree,Neither Agree nor Disagree,Disagree,Disagree,Neither Agree nor Disagree,Strongly Agree,Disagree,Strongly Agree,Strongly Disagree,Strongly Agree,Strongly Disagree,Strongly Disagree,Disagree,Neither Agree nor Disagree,Disagree,Neither Agree nor Disagree,Neither Agree nor Disagree,Disagree,Disagree,Never,Never,Never
9/30/2026 19:17:22,"Physical monitoring only (CCTV, biometric access, desk-time tracking)",BPO or ITES,2 to 5 years,50 to 500 employees,Male,"Middle management (team lead, manager)",Strongly Agree,Neither Agree nor Disagree,Strongly Disagree,Strongly Disagree,Disagree,Disagree,Strongly Disagree,Disagree,Strongly Disagree,Strongly Disagree,Strongly Disagree,Disagree,Agree,Agree,Agree,Agree,Agree,Strongly Disagree,Strongly Agree,Strongly Disagree,Strongly Agree,Strongly Disagree,Strongly Agree,Strongly Agree,Disagree,Strongly Agree,Strongly Agree,Strongly Agree,Strongly Agree,Strongly Agree,Strongly Agree,Always,Always,Always
9/30/2026 19:20:27,Both digital and physical monitoring,IT or Software Services,Less than 2 years,More than 500 employees,Male,"Middle management (team lead, manager)",Neither Agree nor Disagree,Neither Agree nor Disagree,Neither Agree nor Disagree,Strongly Agree,Strongly Agree,Agree,Agree,Strongly Agree,Neither Agree nor Disagree,Agree,Agree,Agree,Agree,Neither Agree nor Disagree,Neither Agree nor Disagree,Agree,Neither Agree nor Disagree,Neither Agree nor Disagree,Neither Agree nor Disagree,Neither Agree nor Disagree,Agree,Neither Agree nor Disagree,Neither Agree nor Disagree,Neither Agree nor Disagree,Disagree,Agree,Strongly Agree,Agree,Strongly Agree,Agree,Strongly Agree,Rarely,Sometimes,Rarely
9/30/2026 19:23:00,Software or digital monitoring only,IT or Software Services,More than 10 years,50 to 500 employees,Male,Individual contributor or entry level,Strongly Disagree,Disagree,Neither Agree nor Disagree,Strongly Agree,Strongly Agree,Disagree,Strongly Agree,Strongly Agree,Neither Agree nor Disagree,Strongly Disagree,Agree,Agree,Neither Agree nor Disagree,Neither Agree nor Disagree,Neither Agree nor Disagree,Neither Agree nor Disagree,Neither Agree nor Disagree,Disagree,Neither Agree nor Disagree,Agree,Neither Agree nor Disagree,Agree,Neither Agree nor Disagree,Neither Agree nor Disagree,Disagree,Disagree,Disagree,Neither Agree nor Disagree,Disagree,Disagree,Disagree,Sometimes,Sometimes,Sometimes
9/30/2026 19:25:19,Both digital and physical monitoring,Manufacturing or Other Corporate,6 to 10 years,More than 500 employees,Male,Individual contributor or entry level,Disagree,Strongly Disagree,Neither Agree nor Disagree,Strongly Agree,Strongly Agree,Strongly Agree,Strongly Agree,Strongly Agree,Neither Agree nor Disagree,Agree,Strongly Agree,Agree,Disagree,Neither Agree nor Disagree,Disagree,Strongly Disagree,Disagree,Agree,Disagree,Agree,Disagree,Agree,Strongly Disagree,Disagree,Disagree,Strongly Disagree,Strongly Disagree,Strongly Disagree,Strongly Disagree,Strongly Disagree,Strongly Disagree,Often,Sometimes,Sometimes
9/30/2026 19:28:43,Software or digital monitoring only,IT or Software Services,6 to 10 years,50 to 500 employees,Female,Individual contributor or entry level,Neither Agree nor Disagree,Neither Agree nor Disagree,Neither Agree nor Disagree,Strongly Agree,Agree,Disagree,Neither Agree nor Disagree,Strongly Agree,Agree,Neither Agree nor Disagree,Neither Agree nor Disagree,Agree,Disagree,Disagree,Disagree,Disagree,Disagree,Agree,Neither Agree nor Disagree,Agree,Disagree,Agree,Disagree,Disagree,Disagree,Disagree,Neither Agree nor Disagree,Neither Agree nor Disagree,Neither Agree nor Disagree,Neither Agree nor Disagree,Disagree,Rarely,Never,Never
9/30/2026 19:33:01,Both digital and physical monitoring,Manufacturing or Other Corporate,6 to 10 years,Fewer than 50 employees,Female,Individual contributor or entry level,Neither Agree nor Disagree,Agree,Agree,Agree,Agree,Agree,Strongly Agree,Neither Agree nor Disagree,Strongly Disagree,Strongly Disagree,Strongly Agree,Agree,Disagree,Neither Agree nor Disagree,Agree,Neither Agree nor Disagree,Agree,Disagree,Agree,Disagree,Neither Agree nor Disagree,Neither Agree nor Disagree,Disagree,Agree,Disagree,Neither Agree nor Disagree,Neither Agree nor Disagree,Neither Agree nor Disagree,Disagree,Neither Agree nor Disagree,Agree,Often,Always,Often
9/30/2026 19:43:57,Software or digital monitoring only,IT or Software Services,2 to 5 years,Fewer than 50 employees,Male,"Middle management (team lead, manager)",Agree,Disagree,Strongly Agree,Agree,Strongly Agree,Strongly Disagree,Agree,Strongly Agree,Agree,Neither Agree nor Disagree,Agree,Agree,Strongly Agree,Strongly Agree,Strongly Agree,Strongly Agree,Strongly Agree,Neither Agree nor Disagree,Disagree,Neither Agree nor Disagree,Disagree,Neither Agree nor Disagree,Neither Agree nor Disagree,Neither Agree nor Disagree,Disagree,Neither Agree nor Disagree,Neither Agree nor Disagree,Neither Agree nor Disagree,Neither Agree nor Disagree,Neither Agree nor Disagree,Neither Agree nor Disagree,Always,Often,Always
9/30/2026 19:57:10,Software or digital monitoring only,IT or Software Services,2 to 5 years,50 to 500 employees,Male,Senior leadership (director and above),Strongly Agree,Agree,Strongly Disagree,Agree,Agree,Disagree,Neither Agree nor Disagree,Agree,Strongly Agree,Strongly Agree,Agree,Agree,Disagree,Neither Agree nor Disagree,Agree,Neither Agree nor Disagree,Disagree,Strongly Agree,Disagree,Strongly Agree,Strongly Disagree,Agree,Strongly Disagree,Strongly Disagree,Disagree,Neither Agree nor Disagree,Agree,Agree,Agree,Neither Agree nor Disagree,Neither Agree nor Disagree,Rarely,Rarely,Rarely
9/30/2026 20:02:49,I am not sure,IT or Software Services,2 to 5 years,50 to 500 employees,Female,Senior leadership (director and above),Agree,Strongly Agree,Strongly Disagree,Disagree,Strongly Disagree,Strongly Disagree,Disagree,Disagree,Agree,Strongly Agree,Disagree,Disagree,Disagree,Neither Agree nor Disagree,Disagree,Neither Agree nor Disagree,Disagree,Agree,Strongly Disagree,Agree,Strongly Disagree,Strongly Agree,Strongly Disagree,Disagree,Disagree,Agree,Agree,Agree,Agree,Neither Agree nor Disagree,Agree,Never,Never,Never
9/30/2026 20:04:24,Software or digital monitoring only,IT or Software Services,More than 10 years,50 to 500 employees,Female,Individual contributor or entry level,Neither Agree nor Disagree,Disagree,Disagree,Neither Agree nor Disagree,Neither Agree nor Disagree,Disagree,Neither Agree nor Disagree,Disagree,Disagree,Disagree,Disagree,Disagree,Neither Agree nor Disagree,Disagree,Strongly Disagree,Strongly Disagree,Neither Agree nor Disagree,Disagree,Disagree,Agree,Disagree,Neither Agree nor Disagree,Disagree,Disagree,Disagree,Disagree,Disagree,Neither Agree nor Disagree,Neither Agree nor Disagree,Disagree,Disagree,Rarely,Sometimes,Rarely
9/30/2026 20:10:51,"Physical monitoring only (CCTV, biometric access, desk-time tracking)",Consulting,Less than 2 years,Fewer than 50 employees,Male,Individual contributor or entry level,Agree,Disagree,Strongly Disagree,Disagree,Disagree,Disagree,Disagree,Disagree,Disagree,Disagree,Disagree,Disagree,Disagree,Disagree,Disagree,Disagree,Disagree,Neither Agree nor Disagree,Neither Agree nor Disagree,Neither Agree nor Disagree,Disagree,Disagree,Disagree,Disagree,Disagree,Disagree,Disagree,Strongly Disagree,Disagree,Disagree,Neither Agree nor Disagree,Sometimes,Rarely,Rarely
9/30/2026 20:11:59,Both digital and physical monitoring,IT or Software Services,2 to 5 years,50 to 500 employees,Female,Individual contributor or entry level,Agree,Agree,Neither Agree nor Disagree,Agree,Agree,Neither Agree nor Disagree,Disagree,Neither Agree nor Disagree,Disagree,Disagree,Neither Agree nor Disagree,Neither Agree nor Disagree,Disagree,Disagree,Neither Agree nor Disagree,Disagree,Disagree,Neither Agree nor Disagree,Neither Agree nor Disagree,Neither Agree nor Disagree,Disagree,Neither Agree nor Disagree,Neither Agree nor Disagree,Neither Agree nor Disagree,Disagree,Strongly Disagree,Disagree,Strongly Disagree,Disagree,Disagree,Strongly Disagree,Rarely,Sometimes,Rarely
9/30/2026 20:13:34,"Physical monitoring only (CCTV, biometric access, desk-time tracking)",IT or Software Services,2 to 5 years,50 to 500 employees,Male,Individual contributor or entry level,Disagree,Disagree,Disagree,Neither Agree nor Disagree,Strongly Disagree,Disagree,Disagree,Disagree,Disagree,Disagree,Strongly Disagree,Strongly Disagree,Strongly Disagree,Disagree,Disagree,Strongly Disagree,Disagree,Agree,Neither Agree nor Disagree,Agree,Neither Agree nor Disagree,Agree,Disagree,Neither Agree nor Disagree,Disagree,Neither Agree nor Disagree,Neither Agree nor Disagree,Strongly Agree,Neither Agree nor Disagree,Neither Agree nor Disagree,Agree,Sometimes,Rarely,Sometimes
9/30/2026 20:21:12,I am not monitored in any way,Consulting,Less than 2 years,Fewer than 50 employees,Male,Individual contributor or entry level,Strongly Disagree,Strongly Agree,Disagree,Neither Agree nor Disagree,Disagree,Disagree,Disagree,Disagree,Strongly Disagree,Strongly Disagree,Disagree,Strongly Disagree,Strongly Agree,Strongly Agree,Agree,Agree,Agree,Strongly Disagree,Agree,Disagree,Agree,Disagree,Neither Agree nor Disagree,Agree,Disagree,Agree,Agree,Agree,Agree,Agree,Agree,Always,Always,Always
9/30/2026 20:24:30,Software or digital monitoring only,IT or Software Services,6 to 10 years,More than 500 employees,Non-binary or Other,"Middle management (team lead, manager)",Strongly Agree,Strongly Agree,Agree,Agree,Agree,Disagree,Neither Agree nor Disagree,Neither Agree nor Disagree,Neither Agree nor Disagree,Neither Agree nor Disagree,Neither Agree nor Disagree,Neither Agree nor Disagree,Strongly Disagree,Disagree,Disagree,Neither Agree nor Disagree,Neither Agree nor Disagree,Agree,Disagree,Agree,Disagree,Neither Agree nor Disagree,Disagree,Neither Agree nor Disagree,Disagree,Agree,Agree,Strongly Agree,Agree,Strongly Agree,Strongly Agree,Rarely,Rarely,Sometimes
9/30/2026 20:27:00,Both digital and physical monitoring,IT or Software Services,2 to 5 years,More than 500 employees,Male,Senior leadership (director and above),Neither Agree nor Disagree,Disagree,Neither Agree nor Disagree,Strongly Agree,Strongly Agree,Strongly Agree,Strongly Agree,Strongly Agree,Agree,Agree,Strongly Agree,Strongly Agree,Neither Agree nor Disagree,Agree,Neither Agree nor Disagree,Disagree,Neither Agree nor Disagree,Neither Agree nor Disagree,Agree,Neither Agree nor Disagree,Neither Agree nor Disagree,Disagree,Neither Agree nor Disagree,Agree,Disagree,Disagree,Disagree,Disagree,Neither Agree nor Disagree,Disagree,Neither Agree nor Disagree,Sometimes,Often,Sometimes
9/30/2026 20:32:33,Both digital and physical monitoring,IT or Software Services,Less than 2 years,50 to 500 employees,Male,"Middle management (team lead, manager)",Neither Agree nor Disagree,Agree,Disagree,Agree,Neither Agree nor Disagree,Neither Agree nor Disagree,Neither Agree nor Disagree,Disagree,Disagree,Disagree,Neither Agree nor Disagree,Agree,Neither Agree nor Disagree,Agree,Agree,Strongly Agree,Agree,Agree,Neither Agree nor Disagree,Agree,Disagree,Agree,Neither Agree nor Disagree,Disagree,Disagree,Agree,Neither Agree nor Disagree,Agree,Neither Agree nor Disagree,Neither Agree nor Disagree,Agree,Sometimes,Rarely,Rarely
9/30/2026 20:43:59,Software or digital monitoring only,IT or Software Services,2 to 5 years,Fewer than 50 employees,Male,"Middle management (team lead, manager)",Agree,Agree,Strongly Disagree,Strongly Agree,Strongly Agree,Strongly Disagree,Agree,Strongly Agree,Agree,Agree,Strongly Agree,Strongly Agree,Strongly Disagree,Disagree,Strongly Disagree,Strongly Disagree,Strongly Disagree,Agree,Strongly Disagree,Agree,Strongly Disagree,Agree,Strongly Disagree,Strongly Disagree,Disagree,Disagree,Disagree,Neither Agree nor Disagree,Disagree,Disagree,Disagree,Sometimes,Sometimes,Rarely
9/30/2026 20:50:40,"Physical monitoring only (CCTV, biometric access, desk-time tracking)",IT or Software Services,2 to 5 years,50 to 500 employees,Female,Senior leadership (director and above),Disagree,Strongly Agree,Disagree,Agree,Disagree,Strongly Agree,Agree,Agree,Neither Agree nor Disagree,Neither Agree nor Disagree,Agree,Neither Agree nor Disagree,Disagree,Strongly Disagree,Strongly Disagree,Strongly Disagree,Strongly Disagree,Neither Agree nor Disagree,Disagree,Agree,Disagree,Neither Agree nor Disagree,Disagree,Neither Agree nor Disagree,Disagree,Agree,Strongly Agree,Agree,Agree,Agree,Neither Agree nor Disagree,Rarely,Sometimes,Sometimes
9/30/2026 20:57:00,I am not sure,Manufacturing or Other Corporate,2 to 5 years,More than 500 employees,Male,Individual contributor or entry level,Strongly Disagree,Agree,Neither Agree nor Disagree,Agree,Disagree,Disagree,Neither Agree nor Disagree,Neither Agree nor Disagree,Strongly Disagree,Disagree,Neither Agree nor Disagree,Neither Agree nor Disagree,Disagree,Agree,Neither Agree nor Disagree,Neither Agree nor Disagree,Disagree,Neither Agree nor Disagree,Neither Agree nor Disagree,Neither Agree nor Disagree,Agree,Agree,Neither Agree nor Disagree,Agree,Disagree,Strongly Agree,Agree,Strongly Agree,Agree,Agree,Agree,Sometimes,Sometimes,Rarely
9/30/2026 21:09:31,Software or digital monitoring only,IT or Software Services,More than 10 years,50 to 500 employees,Female,Individual contributor or entry level,Strongly Disagree,Neither Agree nor Disagree,Disagree,Disagree,Neither Agree nor Disagree,Disagree,Disagree,Neither Agree nor Disagree,Neither Agree nor Disagree,Strongly Disagree,Disagree,Disagree,Neither Agree nor Disagree,Neither Agree nor Disagree,Neither Agree nor Disagree,Neither Agree nor Disagree,Neither Agree nor Disagree,Neither Agree nor Disagree,Neither Agree nor Disagree,Neither Agree nor Disagree,Disagree,Neither Agree nor Disagree,Neither Agree nor Disagree,Neither Agree nor Disagree,Disagree,Neither Agree nor Disagree,Disagree,Neither Agree nor Disagree,Neither Agree nor Disagree,Neither Agree nor Disagree,Neither Agree nor Disagree,Sometimes,Sometimes,Sometimes
9/30/2026 21:10:46,Software or digital monitoring only,IT or Software Services,2 to 5 years,50 to 500 employees,Male,"Middle management (team lead, manager)",Strongly Agree,Disagree,Neither Agree nor Disagree,Agree,Strongly Agree,Disagree,Agree,Strongly Agree,Strongly Agree,Strongly Agree,Agree,Agree,Disagree,Disagree,Disagree,Neither Agree nor Disagree,Disagree,Agree,Disagree,Agree,Disagree,Neither Agree nor Disagree,Disagree,Disagree,Disagree,Strongly Disagree,Strongly Disagree,Strongly Disagree,Strongly Disagree,Disagree,Strongly Disagree,Never,Never,Never
9/30/2026 21:18:09,Both digital and physical monitoring,IT or Software Services,2 to 5 years,50 to 500 employees,Male,Individual contributor or entry level,Disagree,Neither Agree nor Disagree,Strongly Disagree,Agree,Agree,Agree,Agree,Agree,Neither Agree nor Disagree,Neither Agree nor Disagree,Agree,Agree,Disagree,Neither Agree nor Disagree,Neither Agree nor Disagree,Neither Agree nor Disagree,Agree,Agree,Strongly Disagree,Agree,Disagree,Agree,Strongly Disagree,Disagree,Disagree,Disagree,Disagree,Strongly Disagree,Disagree,Strongly Disagree,Strongly Disagree,Often,Sometimes,Sometimes
9/30/2026 21:19:51,Software or digital monitoring only,IT or Software Services,2 to 5 years,50 to 500 employees,Male,Individual contributor or entry level,Disagree,Neither Agree nor Disagree,Neither Agree nor Disagree,Agree,Strongly Agree,Disagree,Strongly Agree,Strongly Agree,Agree,Agree,Agree,Agree,Neither Agree nor Disagree,Neither Agree nor Disagree,Neither Agree nor Disagree,Neither Agree nor Disagree,Neither Agree nor Disagree,Strongly Agree,Strongly Disagree,Strongly Agree,Strongly Disagree,Strongly Agree,Strongly Disagree,Strongly Disagree,Disagree,Neither Agree nor Disagree,Disagree,Disagree,Disagree,Disagree,Neither Agree nor Disagree,Never,Never,Never
9/30/2026 21:28:55,Software or digital monitoring only,Consulting,6 to 10 years,More than 500 employees,Female,Individual contributor or entry level,Strongly Agree,Strongly Agree,Strongly Agree,Neither Agree nor Disagree,Agree,Disagree,Neither Agree nor Disagree,Agree,Disagree,Disagree,Neither Agree nor Disagree,Neither Agree nor Disagree,Neither Agree nor Disagree,Neither Agree nor Disagree,Neither Agree nor Disagree,Disagree,Neither Agree nor Disagree,Strongly Disagree,Strongly Agree,Strongly Disagree,Strongly Agree,Strongly Disagree,Strongly Agree,Strongly Agree,Disagree,Neither Agree nor Disagree,Neither Agree nor Disagree,Agree,Agree,Agree,Agree,Often,Often,Sometimes
9/30/2026 21:32:24,Software or digital monitoring only,BPO or ITES,6 to 10 years,More than 500 employees,Female,Individual contributor or entry level,Neither Agree nor Disagree,Agree,Strongly Disagree,Neither Agree nor Disagree,Agree,Disagree,Agree,Neither Agree nor Disagree,Disagree,Strongly Disagree,Neither Agree nor Disagree,Neither Agree nor Disagree,Agree,Agree,Agree,Agree,Neither Agree nor Disagree,Agree,Disagree,Neither Agree nor Disagree,Disagree,Agree,Strongly Disagree,Disagree,Disagree,Agree,Neither Agree nor Disagree,Agree,Neither Agree nor Disagree,Agree,Neither Agree nor Disagree,Sometimes,Often,Often
9/30/2026 21:33:40,Both digital and physical monitoring,Other,2 to 5 years,Fewer than 50 employees,Female,Individual contributor or entry level,Strongly Agree,Neither Agree nor Disagree,Strongly Agree,Strongly Agree,Agree,Agree,Agree,Strongly Agree,Neither Agree nor Disagree,Neither Agree nor Disagree,Agree,Strongly Agree,Strongly Agree,Agree,Strongly Agree,Strongly Agree,Agree,Disagree,Agree,Strongly Disagree,Agree,Neither Agree nor Disagree,Agree,Agree,Disagree,Agree,Neither Agree nor Disagree,Agree,Neither Agree nor Disagree,Strongly Agree,Agree,Often,Often,Often
9/30/2026 21:41:53,Software or digital monitoring only,IT or Software Services,2 to 5 years,Fewer than 50 employees,Female,Individual contributor or entry level,Agree,Agree,Disagree,Neither Agree nor Disagree,Neither Agree nor Disagree,Strongly Disagree,Neither Agree nor Disagree,Agree,Neither Agree nor Disagree,Neither Agree nor Disagree,Neither Agree nor Disagree,Neither Agree nor Disagree,Agree,Agree,Agree,Neither Agree nor Disagree,Neither Agree nor Disagree,Strongly Agree,Strongly Disagree,Strongly Agree,Strongly Disagree,Strongly Agree,Strongly Disagree,Strongly Disagree,Disagree,Agree,Neither Agree nor Disagree,Neither Agree nor Disagree,Disagree,Agree,Neither Agree nor Disagree,Sometimes,Sometimes,Sometimes
9/30/2026 21:45:31,Software or digital monitoring only,IT or Software Services,More than 10 years,50 to 500 employees,Male,Individual contributor or entry level,Neither Agree nor Disagree,Strongly Agree,Disagree,Agree,Agree,Disagree,Agree,Neither Agree nor Disagree,Disagree,Disagree,Neither Agree nor Disagree,Neither Agree nor Disagree,Disagree,Disagree,Disagree,Disagree,Disagree,Strongly Agree,Neither Agree nor Disagree,Neither Agree nor Disagree,Disagree,Agree,Disagree,Disagree,Disagree,Agree,Agree,Neither Agree nor Disagree,Agree,Neither Agree nor Disagree,Neither Agree nor Disagree,Rarely,Rarely,Rarely
9/30/2026 21:54:50,Both digital and physical monitoring,BPO or ITES,6 to 10 years,50 to 500 employees,Male,Individual contributor or entry level,Strongly Disagree,Agree,Neither Agree nor Disagree,Strongly Agree,Strongly Agree,Strongly Agree,Agree,Agree,Agree,Agree,Agree,Agree,Strongly Disagree,Strongly Disagree,Strongly Disagree,Strongly Disagree,Strongly Disagree,Strongly Agree,Strongly Disagree,Strongly Agree,Strongly Disagree,Strongly Agree,Strongly Disagree,Strongly Disagree,Disagree,Disagree,Disagree,Disagree,Strongly Disagree,Disagree,Neither Agree nor Disagree,Rarely,Rarely,Rarely
9/30/2026 21:56:05,Software or digital monitoring only,IT or Software Services,6 to 10 years,50 to 500 employees,Male,Individual contributor or entry level,Agree,Strongly Agree,Neither Agree nor Disagree,Neither Agree nor Disagree,Neither Agree nor Disagree,Strongly Disagree,Neither Agree nor Disagree,Neither Agree nor Disagree,Neither Agree nor Disagree,Strongly Disagree,Agree,Disagree,Neither Agree nor Disagree,Agree,Agree,Neither Agree nor Disagree,Neither Agree nor Disagree,Neither Agree nor Disagree,Agree,Disagree,Agree,Disagree,Neither Agree nor Disagree,Neither Agree nor Disagree,Disagree,Strongly Agree,Agree,Agree,Agree,Strongly Agree,Agree,Often,Often,Sometimes
9/30/2026 22:06:31,Software or digital monitoring only,IT or Software Services,6 to 10 years,50 to 500 employees,Female,"Middle management (team lead, manager)",Disagree,Agree,Disagree,Strongly Agree,Strongly Agree,Disagree,Agree,Strongly Agree,Agree,Neither Agree nor Disagree,Agree,Strongly Agree,Neither Agree nor Disagree,Strongly Agree,Neither Agree nor Disagree,Agree,Neither Agree nor Disagree,Strongly Agree,Strongly Disagree,Agree,Disagree,Agree,Disagree,Strongly Disagree,Disagree,Agree,Neither Agree nor Disagree,Agree,Agree,Agree,Agree,Never,Never,Never
9/30/2026 22:16:17,Both digital and physical monitoring,IT or Software Services,2 to 5 years,More than 500 employees,Male,"Middle management (team lead, manager)",Agree,Agree,Neither Agree nor Disagree,Strongly Agree,Strongly Agree,Strongly Agree,Agree,Strongly Agree,Agree,Agree,Strongly Agree,Agree,Neither Agree nor Disagree,Agree,Agree,Neither Agree nor Disagree,Neither Agree nor Disagree,Agree,Disagree,Agree,Strongly Disagree,Strongly Agree,Neither Agree nor Disagree,Disagree,Disagree,Neither Agree nor Disagree,Agree,Agree,Neither Agree nor Disagree,Neither Agree nor Disagree,Agree,Often,Sometimes,Sometimes
9/30/2026 22:19:57,Software or digital monitoring only,IT or Software Services,2 to 5 years,More than 500 employees,Male,"Middle management (team lead, manager)",Neither Agree nor Disagree,Neither Agree nor Disagree,Neither Agree nor Disagree,Neither Agree nor Disagree,Agree,Disagree,Neither Agree nor Disagree,Neither Agree nor Disagree,Neither Agree nor Disagree,Neither Agree nor Disagree,Agree,Neither Agree nor Disagree,Strongly Disagree,Strongly Disagree,Strongly Disagree,Strongly Disagree,Strongly Disagree,Agree,Disagree,Agree,Disagree,Agree,Disagree,Disagree,Disagree,Disagree,Strongly Disagree,Strongly Disagree,Strongly Disagree,Strongly Disagree,Strongly Disagree,Rarely,Rarely,Sometimes
9/30/2026 22:42:13,Both digital and physical monitoring,IT or Software Services,2 to 5 years,More than 500 employees,Female,Individual contributor or entry level,Neither Agree nor Disagree,Strongly Agree,Disagree,Agree,Agree,Strongly Agree,Agree,Agree,Agree,Neither Agree nor Disagree,Agree,Agree,Disagree,Neither Agree nor Disagree,Neither Agree nor Disagree,Neither Agree nor Disagree,Neither Agree nor Disagree,Strongly Agree,Strongly Disagree,Strongly Agree,Strongly Disagree,Strongly Agree,Strongly Disagree,Disagree,Disagree,Neither Agree nor Disagree,Neither Agree nor Disagree,Disagree,Disagree,Strongly Disagree,Strongly Disagree,Rarely,Never,Rarely
9/30/2026 23:00:39,Software or digital monitoring only,IT or Software Services,2 to 5 years,50 to 500 employees,Female,Individual contributor or entry level,Neither Agree nor Disagree,Neither Agree nor Disagree,Disagree,Agree,Agree,Disagree,Agree,Agree,Neither Agree nor Disagree,Agree,Neither Agree nor Disagree,Agree,Strongly Disagree,Strongly Disagree,Strongly Disagree,Strongly Disagree,Strongly Disagree,Strongly Agree,Strongly Disagree,Agree,Neither Agree nor Disagree,Neither Agree nor Disagree,Disagree,Disagree,Disagree,Neither Agree nor Disagree,Neither Agree nor Disagree,Disagree,Neither Agree nor Disagree,Disagree,Neither Agree nor Disagree,Never,Never,Never
9/30/2026 23:32:12,Software or digital monitoring only,IT or Software Services,Less than 2 years,More than 500 employees,Male,Individual contributor or entry level,Agree,Agree,Disagree,Agree,Strongly Agree,Strongly Disagree,Strongly Agree,Agree,Agree,Agree,Agree,Agree,Disagree,Strongly Disagree,Disagree,Disagree,Disagree,Disagree,Disagree,Disagree,Disagree,Neither Agree nor Disagree,Neither Agree nor Disagree,Disagree,Disagree,Disagree,Disagree,Disagree,Strongly Disagree,Disagree,Disagree,Sometimes,Sometimes,Sometimes
10/3/2026 16:49:35,I am not sure,Consulting,2 to 5 years,Fewer than 50 employees,Female,Senior leadership (director and above),Strongly Agree,Agree,Neither Agree nor Disagree,Strongly Disagree,Strongly Disagree,Disagree,Strongly Disagree,Disagree,Strongly Disagree,Strongly Disagree,Strongly Disagree,Disagree,Neither Agree nor Disagree,Agree,Agree,Agree,Neither Agree nor Disagree,Strongly Disagree,Strongly Agree,Strongly Disagree,Strongly Agree,Disagree,Strongly Agree,Strongly Agree,Disagree,Agree,Agree,Agree,Agree,Agree,Agree,Always,Always,Always
10/3/2026 16:52:04,Both digital and physical monitoring,IT or Software Services,2 to 5 years,50 to 500 employees,Prefer not to say,Individual contributor or entry level,Disagree,Agree,Neither Agree nor Disagree,Agree,Agree,Agree,Neither Agree nor Disagree,Agree,Neither Agree nor Disagree,Neither Agree nor Disagree,Disagree,Agree,Neither Agree nor Disagree,Neither Agree nor Disagree,Disagree,Neither Agree nor Disagree,Neither Agree nor Disagree,Neither Agree nor Disagree,Neither Agree nor Disagree,Disagree,Neither Agree nor Disagree,Neither Agree nor Disagree,Agree,Neither Agree nor Disagree,Disagree,Strongly Agree,Strongly Agree,Strongly Agree,Strongly Agree,Strongly Agree,Strongly Agree,Sometimes,Often,Sometimes
10/3/2026 17:01:32,"Physical monitoring only (CCTV, biometric access, desk-time tracking)",IT or Software Services,2 to 5 years,Fewer than 50 employees,Male,"Middle management (team lead, manager)",Strongly Agree,Agree,Agree,Neither Agree nor Disagree,Disagree,Neither Agree nor Disagree,Disagree,Neither Agree nor Disagree,Agree,Agree,Disagree,Disagree,Neither Agree nor Disagree,Neither Agree nor Disagree,Neither Agree nor Disagree,Neither Agree nor Disagree,Neither Agree nor Disagree,Neither Agree nor Disagree,Neither Agree nor Disagree,Disagree,Neither Agree nor Disagree,Disagree,Agree,Neither Agree nor Disagree,Disagree,Neither Agree nor Disagree,Agree,Agree,Neither Agree nor Disagree,Neither Agree nor Disagree,Neither Agree nor Disagree,Sometimes,Sometimes,Rarely
10/3/2026 17:12:56,Both digital and physical monitoring,IT or Software Services,Less than 2 years,Fewer than 50 employees,Female,Senior leadership (director and above),Disagree,Neither Agree nor Disagree,Strongly Agree,Neither Agree nor Disagree,Agree,Neither Agree nor Disagree,Neither Agree nor Disagree,Agree,Disagree,Strongly Disagree,Agree,Neither Agree nor Disagree,Neither Agree nor Disagree,Neither Agree nor Disagree,Agree,Neither Agree nor Disagree,Neither Agree nor Disagree,Strongly Disagree,Strongly Agree,Strongly Disagree,Strongly Agree,Strongly Disagree,Agree,Strongly Agree,Disagree,Agree,Agree,Agree,Agree,Agree,Agree,Often,Always,Always
10/3/2026 17:23:10,Both digital and physical monitoring,Manufacturing or Other Corporate,Less than 2 years,More than 500 employees,Male,Individual contributor or entry level,Disagree,Agree,Neither Agree nor Disagree,Strongly Agree,Strongly Agree,Strongly Agree,Strongly Agree,Strongly Agree,Disagree,Neither Agree nor Disagree,Agree,Strongly Agree,Neither Agree nor Disagree,Neither Agree nor Disagree,Agree,Disagree,Agree,Neither Agree nor Disagree,Neither Agree nor Disagree,Disagree,Neither Agree nor Disagree,Neither Agree nor Disagree,Agree,Agree,Disagree,Agree,Disagree,Agree,Disagree,Agree,Agree,Often,Often,Often
10/3/2026 17:32:42,Software or digital monitoring only,Manufacturing or Other Corporate,More than 10 years,50 to 500 employees,Female,"Middle management (team lead, manager)",Strongly Disagree,Neither Agree nor Disagree,Agree,Agree,Agree,Disagree,Neither Agree nor Disagree,Neither Agree nor Disagree,Agree,Agree,Neither Agree nor Disagree,Agree,Disagree,Disagree,Disagree,Disagree,Disagree,Strongly Agree,Strongly Disagree,Agree,Disagree,Agree,Strongly Disagree,Disagree,Disagree,Neither Agree nor Disagree,Neither Agree nor Disagree,Agree,Disagree,Neither Agree nor Disagree,Neither Agree nor Disagree,Never,Never,Never
10/3/2026 17:42:07,Software or digital monitoring only,IT or Software Services,2 to 5 years,More than 500 employees,Male,"Middle management (team lead, manager)",Neither Agree nor Disagree,Strongly Disagree,Agree,Agree,Agree,Neither Agree nor Disagree,Agree,Agree,Neither Agree nor Disagree,Disagree,Agree,Strongly Agree,Agree,Agree,Agree,Agree,Agree,Disagree,Neither Agree nor Disagree,Disagree,Neither Agree nor Disagree,Neither Agree nor Disagree,Neither Agree nor Disagree,Neither Agree nor Disagree,Disagree,Neither Agree nor Disagree,Neither Agree nor Disagree,Neither Agree nor Disagree,Agree,Neither Agree nor Disagree,Neither Agree nor Disagree,Often,Often,Often
10/4/2026 18:14:36,Both digital and physical monitoring,IT or Software Services,6 to 10 years,50 to 500 employees,Female,Individual contributor or entry level,Agree,Agree,Strongly Agree,Strongly Agree,Strongly Agree,Strongly Agree,Agree,Agree,Strongly Disagree,Strongly Disagree,Agree,Agree,Neither Agree nor Disagree,Agree,Neither Agree nor Disagree,Neither Agree nor Disagree,Neither Agree nor Disagree,Disagree,Agree,Strongly Disagree,Neither Agree nor Disagree,Disagree,Neither Agree nor Disagree,Agree,Disagree,Agree,Agree,Agree,Agree,Agree,Strongly Agree,Often,Often,Always
10/4/2026 18:18:14,Software or digital monitoring only,IT or Software Services,Less than 2 years,50 to 500 employees,Male,Individual contributor or entry level,Strongly Agree,Agree,Strongly Agree,Agree,Strongly Agree,Strongly Disagree,Agree,Agree,Disagree,Disagree,Agree,Agree,Strongly Agree,Strongly Agree,Strongly Agree,Agree,Strongly Agree,Disagree,Strongly Agree,Disagree,Strongly Agree,Strongly Disagree,Agree,Strongly Agree,Disagree,Agree,Agree,Neither Agree nor Disagree,Strongly Agree,Agree,Agree,Sometimes,Often,Often
10/4/2026 18:20:24,Software or digital monitoring only,IT or Software Services,6 to 10 years,50 to 500 employees,Male,Individual contributor or entry level,Strongly Disagree,Agree,Strongly Agree,Agree,Agree,Disagree,Neither Agree nor Disagree,Neither Agree nor Disagree,Neither Agree nor Disagree,Neither Agree nor Disagree,Disagree,Agree,Strongly Agree,Strongly Agree,Strongly Agree,Strongly Agree,Strongly Agree,Strongly Disagree,Agree,Disagree,Strongly Agree,Strongly Disagree,Agree,Strongly Agree,Disagree,Agree,Agree,Strongly Agree,Strongly Agree,Agree,Agree,Always,Always,Always
10/4/2026 18:27:32,Software or digital monitoring only,BPO or ITES,More than 10 years,More than 500 employees,Male,Individual contributor or entry level,Disagree,Strongly Agree,Neither Agree nor Disagree,Agree,Agree,Disagree,Neither Agree nor Disagree,Strongly Agree,Agree,Agree,Agree,Neither Agree nor Disagree,Neither Agree nor Disagree,Neither Agree nor Disagree,Neither Agree nor Disagree,Neither Agree nor Disagree,Agree,Neither Agree nor Disagree,Neither Agree nor Disagree,Agree,Neither Agree nor Disagree,Disagree,Disagree,Neither Agree nor Disagree,Disagree,Agree,Agree,Strongly Agree,Agree,Strongly Agree,Agree,Rarely,Rarely,Rarely
10/4/2026 18:31:15,Software or digital monitoring only,IT or Software Services,2 to 5 years,More than 500 employees,Male,"Middle management (team lead, manager)",Agree,Neither Agree nor Disagree,Neither Agree nor Disagree,Strongly Agree,Strongly Agree,Disagree,Strongly Agree,Agree,Strongly Agree,Strongly Agree,Strongly Agree,Strongly Agree,Agree,Agree,Neither Agree nor Disagree,Agree,Agree,Neither Agree nor Disagree,Agree,Neither Agree nor Disagree,Neither Agree nor Disagree,Neither Agree nor Disagree,Neither Agree nor Disagree,Neither Agree nor Disagree,Disagree,Agree,Agree,Agree,Agree,Agree,Agree,Sometimes,Sometimes,Often
10/5/2026 6:14:18,Both digital and physical monitoring,IT or Software Services,6 to 10 years,Fewer than 50 employees,Male,Individual contributor or entry level,Agree,Agree,Disagree,Neither Agree nor Disagree,Neither Agree nor Disagree,Neither Agree nor Disagree,Disagree,Neither Agree nor Disagree,Disagree,Disagree,Disagree,Neither Agree nor Disagree,Neither Agree nor Disagree,Neither Agree nor Disagree,Disagree,Neither Agree nor Disagree,Neither Agree nor Disagree,Agree,Disagree,Agree,Disagree,Agree,Disagree,Neither Agree nor Disagree,Disagree,Neither Agree nor Disagree,Neither Agree nor Disagree,Neither Agree nor Disagree,Neither Agree nor Disagree,Neither Agree nor Disagree,Neither Agree nor Disagree,Sometimes,Sometimes,Sometimes
10/5/2026 6:38:44,Software or digital monitoring only,IT or Software Services,6 to 10 years,50 to 500 employees,Female,"Middle management (team lead, manager)",Neither Agree nor Disagree,Agree,Strongly Agree,Strongly Agree,Strongly Agree,Disagree,Strongly Agree,Strongly Agree,Disagree,Strongly Disagree,Agree,Agree,Strongly Agree,Strongly Agree,Strongly Agree,Strongly Agree,Agree,Disagree,Strongly Agree,Disagree,Agree,Disagree,Agree,Agree,Disagree,Neither Agree nor Disagree,Neither Agree nor Disagree,Disagree,Disagree,Neither Agree nor Disagree,Neither Agree nor Disagree,Always,Always,Always
10/5/2026 6:55:39,Both digital and physical monitoring,Other,2 to 5 years,More than 500 employees,Female,"Middle management (team lead, manager)",Strongly Agree,Agree,Strongly Disagree,Agree,Agree,Strongly Agree,Agree,Agree,Strongly Disagree,Strongly Disagree,Neither Agree nor Disagree,Agree,Disagree,Disagree,Neither Agree nor Disagree,Neither Agree nor Disagree,Neither Agree nor Disagree,Disagree,Agree,Strongly Disagree,Agree,Disagree,Agree,Strongly Agree,Disagree,Neither Agree nor Disagree,Agree,Neither Agree nor Disagree,Agree,Agree,Agree,Often,Always,Always
10/5/2026 7:03:48,Both digital and physical monitoring,IT or Software Services,2 to 5 years,Fewer than 50 employees,Female,Individual contributor or entry level,Neither Agree nor Disagree,Strongly Agree,Neither Agree nor Disagree,Strongly Agree,Strongly Agree,Strongly Agree,Agree,Strongly Agree,Agree,Agree,Agree,Agree,Disagree,Neither Agree nor Disagree,Disagree,Disagree,Disagree,Strongly Agree,Strongly Disagree,Agree,Disagree,Agree,Disagree,Disagree,Disagree,Neither Agree nor Disagree,Neither Agree nor Disagree,Agree,Neither Agree nor Disagree,Neither Agree nor Disagree,Neither Agree nor Disagree,Never,Never,Never
10/5/2026 7:27:53,Software or digital monitoring only,IT or Software Services,Less than 2 years,50 to 500 employees,Male,"Middle management (team lead, manager)",Agree,Strongly Agree,Strongly Agree,Agree,Neither Agree nor Disagree,Strongly Disagree,Neither Agree nor Disagree,Agree,Disagree,Disagree,Neither Agree nor Disagree,Neither Agree nor Disagree,Neither Agree nor Disagree,Agree,Agree,Neither Agree nor Disagree,Neither Agree nor Disagree,Strongly Disagree,Strongly Agree,Strongly Disagree,Strongly Agree,Strongly Disagree,Strongly Agree,Strongly Agree,Disagree,Strongly Agree,Strongly Agree,Strongly Agree,Strongly Agree,Strongly Agree,Strongly Agree,Sometimes,Sometimes,Sometimes
10/5/2026 7:34:42,"Physical monitoring only (CCTV, biometric access, desk-time tracking)",IT or Software Services,Less than 2 years,More than 500 employees,Male,Individual contributor or entry level,Agree,Disagree,Disagree,Agree,Strongly Disagree,Agree,Agree,Neither Agree nor Disagree,Agree,Strongly Agree,Neither Agree nor Disagree,Neither Agree nor Disagree,Disagree,Disagree,Disagree,Strongly Disagree,Neither Agree nor Disagree,Agree,Neither Agree nor Disagree,Agree,Neither Agree nor Disagree,Neither Agree nor Disagree,Neither Agree nor Disagree,Neither Agree nor Disagree,Disagree,Strongly Disagree,Strongly Disagree,Strongly Disagree,Strongly Disagree,Strongly Disagree,Strongly Disagree,Always,Often,Often
10/5/2026 7:40:59,Software or digital monitoring only,BPO or ITES,More than 10 years,50 to 500 employees,Female,Individual contributor or entry level,Agree,Strongly Agree,Neither Agree nor Disagree,Neither Agree nor Disagree,Neither Agree nor Disagree,Disagree,Neither Agree nor Disagree,Neither Agree nor Disagree,Strongly Disagree,Strongly Disagree,Neither Agree nor Disagree,Neither Agree nor Disagree,Neither Agree nor Disagree,Agree,Agree,Neither Agree nor Disagree,Agree,Neither Agree nor Disagree,Neither Agree nor Disagree,Neither Agree nor Disagree,Neither Agree nor Disagree,Neither Agree nor Disagree,Neither Agree nor Disagree,Disagree,Disagree,Neither Agree nor Disagree,Agree,Agree,Agree,Neither Agree nor Disagree,Neither Agree nor Disagree,Sometimes,Sometimes,Sometimes
10/5/2026 7:51:57,Software or digital monitoring only,IT or Software Services,6 to 10 years,50 to 500 employees,Male,"Middle management (team lead, manager)",Strongly Disagree,Neither Agree nor Disagree,Neither Agree nor Disagree,Strongly Agree,Agree,Disagree,Agree,Agree,Agree,Strongly Agree,Agree,Strongly Agree,Disagree,Agree,Disagree,Neither Agree nor Disagree,Neither Agree nor Disagree,Disagree,Agree,Neither Agree nor Disagree,Neither Agree nor Disagree,Neither Agree nor Disagree,Neither Agree nor Disagree,Neither Agree nor Disagree,Disagree,Disagree,Disagree,Disagree,Disagree,Disagree,Disagree,Rarely,Rarely,Never
10/5/2026 7:55:09,Software or digital monitoring only,IT or Software Services,More than 10 years,50 to 500 employees,Male,Individual contributor or entry level,Neither Agree nor Disagree,Neither Agree nor Disagree,Strongly Agree,Agree,Agree,Disagree,Agree,Agree,Neither Agree nor Disagree,Agree,Neither Agree nor Disagree,Agree,Disagree,Neither Agree nor Disagree,Disagree,Neither Agree nor Disagree,Neither Agree nor Disagree,Agree,Neither Agree nor Disagree,Agree,Neither Agree nor Disagree,Neither Agree nor Disagree,Disagree,Disagree,Disagree,Disagree,Disagree,Neither Agree nor Disagree,Neither Agree nor Disagree,Disagree,Neither Agree nor Disagree,Never,Never,Sometimes
10/5/2026 8:06:10,Both digital and physical monitoring,IT or Software Services,Less than 2 years,50 to 500 employees,Male,Individual contributor or entry level,Agree,Neither Agree nor Disagree,Disagree,Neither Agree nor Disagree,Neither Agree nor Disagree,Neither Agree nor Disagree,Agree,Disagree,Disagree,Disagree,Neither Agree nor Disagree,Neither Agree nor Disagree,Agree,Agree,Neither Agree nor Disagree,Agree,Agree,Disagree,Neither Agree nor Disagree,Neither Agree nor Disagree,Neither Agree nor Disagree,Neither Agree nor Disagree,Neither Agree nor Disagree,Neither Agree nor Disagree,Disagree,Neither Agree nor Disagree,Neither Agree nor Disagree,Disagree,Neither Agree nor Disagree,Neither Agree nor Disagree,Agree,Sometimes,Sometimes,Often
10/5/2026 8:10:38,Both digital and physical monitoring,Other,2 to 5 years,More than 500 employees,Male,Senior leadership (director and above),Disagree,Neither Agree nor Disagree,Disagree,Strongly Agree,Agree,Strongly Agree,Agree,Agree,Strongly Agree,Strongly Agree,Agree,Agree,Disagree,Disagree,Disagree,Disagree,Disagree,Strongly Agree,Strongly Disagree,Strongly Agree,Strongly Disagree,Strongly Agree,Strongly Disagree,Strongly Disagree,Disagree,Strongly Disagree,Strongly Disagree,Strongly Disagree,Strongly Disagree,Disagree,Disagree,Never,Never,Never
10/5/2026 8:13:49,Software or digital monitoring only,IT or Software Services,Less than 2 years,More than 500 employees,Male,Individual contributor or entry level,Disagree,Agree,Neither Agree nor Disagree,Agree,Agree,Disagree,Neither Agree nor Disagree,Agree,Disagree,Strongly Disagree,Agree,Neither Agree nor Disagree,Strongly Agree,Agree,Agree,Strongly Agree,Agree,Disagree,Strongly Agree,Neither Agree nor Disagree,Agree,Disagree,Neither Agree nor Disagree,Agree,Disagree,Agree,Neither Agree nor Disagree,Neither Agree nor Disagree,Disagree,Agree,Neither Agree nor Disagree,Always,Always,Always
10/5/2026 8:21:38,Software or digital monitoring only,IT or Software Services,Less than 2 years,50 to 500 employees,Female,Individual contributor or entry level,Agree,Disagree,Neither Agree nor Disagree,Neither Agree nor Disagree,Neither Agree nor Disagree,Disagree,Neither Agree nor Disagree,Agree,Neither Agree nor Disagree,Strongly Disagree,Neither Agree nor Disagree,Neither Agree nor Disagree,Agree,Agree,Agree,Agree,Agree,Strongly Disagree,Agree,Disagree,Agree,Disagree,Strongly Agree,Agree,Disagree,Neither Agree nor Disagree,Agree,Agree,Neither Agree nor Disagree,Neither Agree nor Disagree,Disagree,Often,Often,Always
10/5/2026 8:24:31,Software or digital monitoring only,IT or Software Services,2 to 5 years,More than 500 employees,Male,Individual contributor or entry level,Neither Agree nor Disagree,Agree,Agree,Strongly Agree,Agree,Strongly Disagree,Strongly Agree,Agree,Disagree,Disagree,Agree,Agree,Agree,Agree,Agree,Neither Agree nor Disagree,Neither Agree nor Disagree,Neither Agree nor Disagree,Neither Agree nor Disagree,Neither Agree nor Disagree,Agree,Neither Agree nor Disagree,Neither Agree nor Disagree,Agree,Disagree,Agree,Neither Agree nor Disagree,Agree,Disagree,Agree,Disagree,Sometimes,Often,Sometimes
10/5/2026 8:25:19,Software or digital monitoring only,IT or Software Services,2 to 5 years,Fewer than 50 employees,Female,Individual contributor or entry level,Strongly Agree,Strongly Agree,Disagree,Strongly Disagree,Disagree,Disagree,Disagree,Disagree,Strongly Disagree,Strongly Disagree,Strongly Disagree,Strongly Disagree,Disagree,Disagree,Disagree,Disagree,Disagree,Disagree,Neither Agree nor Disagree,Disagree,Neither Agree nor Disagree,Disagree,Neither Agree nor Disagree,Neither Agree nor Disagree,Disagree,Disagree,Strongly Disagree,Disagree,Neither Agree nor Disagree,Disagree,Disagree,Always,Always,Always
10/5/2026 8:28:54,Both digital and physical monitoring,Other,Less than 2 years,50 to 500 employees,Male,Individual contributor or entry level,Strongly Agree,Strongly Agree,Neither Agree nor Disagree,Strongly Agree,Strongly Agree,Strongly Agree,Agree,Agree,Neither Agree nor Disagree,Agree,Strongly Agree,Strongly Agree,Agree,Neither Agree nor Disagree,Neither Agree nor Disagree,Neither Agree nor Disagree,Neither Agree nor Disagree,Strongly Disagree,Agree,Disagree,Strongly Agree,Disagree,Agree,Strongly Agree,Disagree,Agree,Strongly Agree,Agree,Strongly Agree,Strongly Agree,Strongly Agree,Sometimes,Sometimes,Often
10/5/2026 8:38:54,"Physical monitoring only (CCTV, biometric access, desk-time tracking)",IT or Software Services,More than 10 years,50 to 500 employees,Non-binary or Other,"Middle management (team lead, manager)",Neither Agree nor Disagree,Strongly Agree,Strongly Disagree,Neither Agree nor Disagree,Disagree,Neither Agree nor Disagree,Disagree,Disagree,Strongly Disagree,Strongly Disagree,Neither Agree nor Disagree,Disagree,Agree,Neither Agree nor Disagree,Neither Agree nor Disagree,Agree,Agree,Neither Agree nor Disagree,Agree,Agree,Neither Agree nor Disagree,Disagree,Neither Agree nor Disagree,Agree,Disagree,Neither Agree nor Disagree,Neither Agree nor Disagree,Neither Agree nor Disagree,Neither Agree nor Disagree,Disagree,Neither Agree nor Disagree,Always,Always,Always
10/5/2026 8:40:24,Both digital and physical monitoring,BPO or ITES,6 to 10 years,More than 500 employees,Female,"Middle management (team lead, manager)",Neither Agree nor Disagree,Agree,Strongly Disagree,Strongly Agree,Agree,Agree,Agree,Agree,Strongly Agree,Agree,Strongly Agree,Neither Agree nor Disagree,Neither Agree nor Disagree,Strongly Disagree,Disagree,Disagree,Disagree,Strongly Agree,Strongly Disagree,Strongly Agree,Strongly Disagree,Strongly Agree,Strongly Disagree,Strongly Disagree,Disagree,Neither Agree nor Disagree,Disagree,Neither Agree nor Disagree,Neither Agree nor Disagree,Disagree,Disagree,Rarely,Never,Rarely
10/5/2026 8:46:28,Software or digital monitoring only,IT or Software Services,Less than 2 years,Fewer than 50 employees,Male,Individual contributor or entry level,Neither Agree nor Disagree,Strongly Agree,Neither Agree nor Disagree,Agree,Agree,Disagree,Neither Agree nor Disagree,Agree,Neither Agree nor Disagree,Neither Agree nor Disagree,Neither Agree nor Disagree,Agree,Disagree,Neither Agree nor Disagree,Disagree,Neither Agree nor Disagree,Disagree,Agree,Neither Agree nor Disagree,Agree,Neither Agree nor Disagree,Neither Agree nor Disagree,Neither Agree nor Disagree,Agree,Disagree,Agree,Agree,Agree,Agree,Agree,Agree,Often,Often,Often
10/5/2026 8:50:08,"Physical monitoring only (CCTV, biometric access, desk-time tracking)",Manufacturing or Other Corporate,6 to 10 years,Fewer than 50 employees,Female,Senior leadership (director and above),Disagree,Neither Agree nor Disagree,Disagree,Disagree,Strongly Disagree,Disagree,Disagree,Strongly Disagree,Agree,Neither Agree nor Disagree,Neither Agree nor Disagree,Disagree,Strongly Disagree,Disagree,Strongly Disagree,Disagree,Disagree,Strongly Agree,Disagree,Strongly Agree,Strongly Disagree,Agree,Strongly Disagree,Strongly Disagree,Disagree,Neither Agree nor Disagree,Neither Agree nor Disagree,Agree,Agree,Neither Agree nor Disagree,Neither Agree nor Disagree,Never,Never,Never
10/5/2026 8:54:11,Software or digital monitoring only,BPO or ITES,2 to 5 years,More than 500 employees,Male,Individual contributor or entry level,Agree,Strongly Agree,Neither Agree nor Disagree,Strongly Agree,Agree,Disagree,Agree,Agree,Strongly Disagree,Disagree,Neither Agree nor Disagree,Agree,Strongly Agree,Agree,Agree,Strongly Agree,Agree,Strongly Disagree,Strongly Agree,Strongly Disagree,Strongly Agree,Disagree,Strongly Agree,Strongly Agree,Disagree,Strongly Agree,Strongly Agree,Agree,Strongly Agree,Agree,Strongly Agree,Always,Always,Often
10/5/2026 8:56:18,Software or digital monitoring only,BPO or ITES,2 to 5 years,Fewer than 50 employees,Male,"Middle management (team lead, manager)",Strongly Agree,Agree,Strongly Agree,Neither Agree nor Disagree,Neither Agree nor Disagree,Strongly Disagree,Disagree,Disagree,Disagree,Disagree,Strongly Disagree,Neither Agree nor Disagree,Neither Agree nor Disagree,Neither Agree nor Disagree,Agree,Agree,Agree,Strongly Disagree,Strongly Agree,Strongly Disagree,Agree,Strongly Disagree,Agree,Strongly Agree,Disagree,Strongly Agree,Strongly Agree,Strongly Agree,Strongly Agree,Strongly Agree,Agree,Sometimes,Sometimes,Rarely
10/5/2026 9:00:12,Both digital and physical monitoring,BPO or ITES,2 to 5 years,50 to 500 employees,Male,Individual contributor or entry level,Agree,Agree,Neither Agree nor Disagree,Strongly Agree,Strongly Agree,Strongly Agree,Strongly Agree,Strongly Agree,Strongly Agree,Agree,Agree,Strongly Agree,Disagree,Neither Agree nor Disagree,Disagree,Disagree,Disagree,Neither Agree nor Disagree,Neither Agree nor Disagree,Neither Agree nor Disagree,Agree,Neither Agree nor Disagree,Disagree,Neither Agree nor Disagree,Disagree,Agree,Agree,Neither Agree nor Disagree,Strongly Agree,Agree,Neither Agree nor Disagree,Rarely,Sometimes,Sometimes
10/5/2026 9:03:13,Software or digital monitoring only,Manufacturing or Other Corporate,Less than 2 years,More than 500 employees,Male,Individual contributor or entry level,Neither Agree nor Disagree,Neither Agree nor Disagree,Disagree,Strongly Agree,Agree,Strongly Disagree,Agree,Agree,Agree,Neither Agree nor Disagree,Agree,Agree,Agree,Strongly Agree,Agree,Agree,Agree,Disagree,Agree,Disagree,Neither Agree nor Disagree,Disagree,Neither Agree nor Disagree,Neither Agree nor Disagree,Disagree,Neither Agree nor Disagree,Agree,Agree,Agree,Agree,Agree,Often,Often,Often
10/5/2026 9:05:29,Both digital and physical monitoring,IT or Software Services,Less than 2 years,Fewer than 50 employees,Female,Individual contributor or entry level,Agree,Disagree,Neither Agree nor Disagree,Strongly Agree,Strongly Agree,Strongly Agree,Strongly Agree,Strongly Agree,Agree,Agree,Strongly Agree,Strongly Agree,Neither Agree nor Disagree,Neither Agree nor Disagree,Disagree,Neither Agree nor Disagree,Disagree,Agree,Disagree,Agree,Disagree,Agree,Disagree,Disagree,Disagree,Neither Agree nor Disagree,Agree,Neither Agree nor Disagree,Neither Agree nor Disagree,Neither Agree nor Disagree,Neither Agree nor Disagree,Never,Never,Never
10/5/2026 9:12:36,Software or digital monitoring only,Consulting,6 to 10 years,More than 500 employees,Male,Senior leadership (director and above),Disagree,Agree,Disagree,Agree,Neither Agree nor Disagree,Strongly Disagree,Agree,Neither Agree nor Disagree,Strongly Agree,Strongly Agree,Neither Agree nor Disagree,Strongly Agree,Strongly Disagree,Strongly Disagree,Strongly Disagree,Strongly Disagree,Disagree,Agree,Disagree,Agree,Neither Agree nor Disagree,Agree,Disagree,Neither Agree nor Disagree,Disagree,Disagree,Neither Agree nor Disagree,Disagree,Disagree,Neither Agree nor Disagree,Neither Agree nor Disagree,Rarely,Rarely,Never
10/5/2026 9:13:20,Software or digital monitoring only,Consulting,2 to 5 years,Fewer than 50 employees,Female,Individual contributor or entry level,Agree,Agree,Neither Agree nor Disagree,Agree,Strongly Agree,Disagree,Agree,Agree,Disagree,Disagree,Agree,Agree,Neither Agree nor Disagree,Neither Agree nor Disagree,Disagree,Disagree,Disagree,Neither Agree nor Disagree,Disagree,Neither Agree nor Disagree,Neither Agree nor Disagree,Agree,Neither Agree nor Disagree,Disagree,Disagree,Disagree,Disagree,Strongly Disagree,Disagree,Disagree,Disagree,Rarely,Rarely,Sometimes
10/5/2026 9:22:04,Both digital and physical monitoring,IT or Software Services,2 to 5 years,More than 500 employees,Female,Individual contributor or entry level,Disagree,Agree,Neither Agree nor Disagree,Strongly Agree,Agree,Agree,Strongly Agree,Agree,Strongly Agree,Strongly Agree,Agree,Agree,Disagree,Strongly Disagree,Strongly Disagree,Disagree,Disagree,Agree,Strongly Disagree,Strongly Agree,Strongly Disagree,Strongly Agree,Strongly Disagree,Strongly Disagree,Disagree,Disagree,Neither Agree nor Disagree,Neither Agree nor Disagree,Neither Agree nor Disagree,Disagree,Disagree,Never,Never,Never
10/5/2026 9:23:31,Software or digital monitoring only,IT or Software Services,More than 10 years,Fewer than 50 employees,Male,Individual contributor or entry level,Agree,Agree,Strongly Agree,Neither Agree nor Disagree,Agree,Strongly Disagree,Neither Agree nor Disagree,Agree,Neither Agree nor Disagree,Neither Agree nor Disagree,Neither Agree nor Disagree,Neither Agree nor Disagree,Agree,Disagree,Disagree,Disagree,Neither Agree nor Disagree,Disagree,Neither Agree nor Disagree,Strongly Disagree,Strongly Agree,Disagree,Neither Agree nor Disagree,Agree,Disagree,Agree,Agree,Agree,Agree,Agree,Agree,Sometimes,Sometimes,Sometimes
10/5/2026 9:48:01,Both digital and physical monitoring,Consulting,2 to 5 years,50 to 500 employees,Female,Individual contributor or entry level,Agree,Agree,Strongly Disagree,Strongly Agree,Strongly Agree,Strongly Agree,Strongly Agree,Strongly Agree,Neither Agree nor Disagree,Agree,Agree,Strongly Agree,Neither Agree nor Disagree,Disagree,Neither Agree nor Disagree,Neither Agree nor Disagree,Neither Agree nor Disagree,Strongly Agree,Strongly Disagree,Agree,Strongly Disagree,Strongly Agree,Disagree,Strongly Disagree,Disagree,Disagree,Strongly Disagree,Strongly Disagree,Strongly Disagree,Disagree,Disagree,Never,Never,Never
10/5/2026 9:48:20,Software or digital monitoring only,IT or Software Services,6 to 10 years,More than 500 employees,Male,Individual contributor or entry level,Neither Agree nor Disagree,Neither Agree nor Disagree,Strongly Disagree,Agree,Neither Agree nor Disagree,Disagree,Neither Agree nor Disagree,Agree,Neither Agree nor Disagree,Agree,Neither Agree nor Disagree,Agree,Strongly Disagree,Strongly Disagree,Strongly Disagree,Strongly Disagree,Disagree,Strongly Agree,Strongly Disagree,Strongly Agree,Strongly Disagree,Strongly Agree,Strongly Disagree,Strongly Disagree,Disagree,Disagree,Neither Agree nor Disagree,Disagree,Neither Agree nor Disagree,Neither Agree nor Disagree,Disagree,Often,Sometimes,Often
10/5/2026 9:51:59,Software or digital monitoring only,IT or Software Services,6 to 10 years,Fewer than 50 employees,Male,Individual contributor or entry level,Agree,Neither Agree nor Disagree,Strongly Disagree,Agree,Strongly Agree,Strongly Disagree,Neither Agree nor Disagree,Strongly Agree,Agree,Agree,Agree,Agree,Disagree,Disagree,Strongly Disagree,Strongly Disagree,Disagree,Strongly Agree,Disagree,Agree,Disagree,Strongly Agree,Strongly Disagree,Disagree,Disagree,Disagree,Disagree,Neither Agree nor Disagree,Neither Agree nor Disagree,Disagree,Disagree,Never,Never,Rarely
10/5/2026 9:54:24,Software or digital monitoring only,IT or Software Services,6 to 10 years,50 to 500 employees,Female,Individual contributor or entry level,Strongly Agree,Neither Agree nor Disagree,Strongly Disagree,Agree,Neither Agree nor Disagree,Disagree,Neither Agree nor Disagree,Agree,Strongly Disagree,Strongly Disagree,Neither Agree nor Disagree,Neither Agree nor Disagree,Agree,Agree,Agree,Agree,Agree,Neither Agree nor Disagree,Disagree,Neither Agree nor Disagree,Agree,Neither Agree nor Disagree,Disagree,Neither Agree nor Disagree,Disagree,Neither Agree nor Disagree,Agree,Neither Agree nor Disagree,Neither Agree nor Disagree,Agree,Neither Agree nor Disagree,Often,Always,Often
10/5/2026 9:54:46,Software or digital monitoring only,BPO or ITES,6 to 10 years,More than 500 employees,Female,Individual contributor or entry level,Agree,Strongly Agree,Neither Agree nor Disagree,Strongly Agree,Agree,Disagree,Neither Agree nor Disagree,Agree,Disagree,Neither Agree nor Disagree,Agree,Strongly Agree,Agree,Agree,Agree,Strongly Agree,Strongly Agree,Disagree,Agree,Neither Agree nor Disagree,Agree,Disagree,Agree,Agree,Disagree,Agree,Strongly Agree,Agree,Agree,Agree,Strongly Agree,Often,Always,Always
10/5/2026 9:58:45,Software or digital monitoring only,BPO or ITES,Less than 2 years,More than 500 employees,Male,"Middle management (team lead, manager)",Agree,Neither Agree nor Disagree,Agree,Neither Agree nor Disagree,Neither Agree nor Disagree,Strongly Disagree,Neither Agree nor Disagree,Agree,Neither Agree nor Disagree,Neither Agree nor Disagree,Neither Agree nor Disagree,Agree,Neither Agree nor Disagree,Disagree,Neither Agree nor Disagree,Disagree,Agree,Neither Agree nor Disagree,Neither Agree nor Disagree,Neither Agree nor Disagree,Neither Agree nor Disagree,Agree,Neither Agree nor Disagree,Neither Agree nor Disagree,Disagree,Neither Agree nor Disagree,Disagree,Disagree,Neither Agree nor Disagree,Neither Agree nor Disagree,Disagree,Sometimes,Sometimes,Sometimes
10/5/2026 10:03:12,Software or digital monitoring only,Consulting,2 to 5 years,More than 500 employees,Female,Individual contributor or entry level,Neither Agree nor Disagree,Agree,Strongly Disagree,Strongly Agree,Strongly Agree,Disagree,Agree,Strongly Agree,Agree,Agree,Agree,Agree,Disagree,Neither Agree nor Disagree,Neither Agree nor Disagree,Disagree,Neither Agree nor Disagree,Neither Agree nor Disagree,Disagree,Agree,Disagree,Agree,Disagree,Strongly Disagree,Disagree,Neither Agree nor Disagree,Neither Agree nor Disagree,Neither Agree nor Disagree,Neither Agree nor Disagree,Neither Agree nor Disagree,Neither Agree nor Disagree,Sometimes,Sometimes,Sometimes
10/5/2026 10:03:54,Software or digital monitoring only,IT or Software Services,2 to 5 years,50 to 500 employees,Female,Individual contributor or entry level,Strongly Disagree,Disagree,Neither Agree nor Disagree,Strongly Agree,Strongly Agree,Disagree,Agree,Strongly Agree,Agree,Agree,Strongly Agree,Agree,Strongly Agree,Agree,Agree,Agree,Agree,Disagree,Neither Agree nor Disagree,Neither Agree nor Disagree,Neither Agree nor Disagree,Agree,Agree,Agree,Disagree,Agree,Agree,Agree,Agree,Agree,Agree,Often,Often,Often
10/5/2026 10:04:31,Software or digital monitoring only,BPO or ITES,2 to 5 years,More than 500 employees,Male,Individual contributor or entry level,Strongly Disagree,Strongly Agree,Disagree,Agree,Neither Agree nor Disagree,Disagree,Neither Agree nor Disagree,Neither Agree nor Disagree,Strongly Disagree,Strongly Disagree,Neither Agree nor Disagree,Neither Agree nor Disagree,Strongly Agree,Agree,Disagree,Agree,Agree,Disagree,Agree,Disagree,Neither Agree nor Disagree,Disagree,Agree,Neither Agree nor Disagree,Disagree,Agree,Neither Agree nor Disagree,Agree,Neither Agree nor Disagree,Agree,Neither Agree nor Disagree,Sometimes,Often,Sometimes
10/5/2026 10:06:23,Both digital and physical monitoring,IT or Software Services,6 to 10 years,More than 500 employees,Female,Individual contributor or entry level,Neither Agree nor Disagree,Neither Agree nor Disagree,Strongly Disagree,Neither Agree nor Disagree,Disagree,Neither Agree nor Disagree,Neither Agree nor Disagree,Neither Agree nor Disagree,Strongly Agree,Agree,Neither Agree nor Disagree,Neither Agree nor Disagree,Strongly Disagree,Disagree,Disagree,Disagree,Neither Agree nor Disagree,Strongly Agree,Disagree,Agree,Neither Agree nor Disagree,Agree,Disagree,Disagree,Disagree,Neither Agree nor Disagree,Disagree,Disagree,Disagree,Disagree,Disagree,Rarely,Never,Never
10/5/2026 10:11:17,Software or digital monitoring only,IT or Software Services,Less than 2 years,50 to 500 employees,Male,Individual contributor or entry level,Strongly Agree,Neither Agree nor Disagree,Strongly Disagree,Agree,Agree,Neither Agree nor Disagree,Neither Agree nor Disagree,Neither Agree nor Disagree,Strongly Disagree,Strongly Disagree,Neither Agree nor Disagree,Neither Agree nor Disagree,Disagree,Strongly Disagree,Disagree,Disagree,Disagree,Strongly Agree,Strongly Disagree,Strongly Agree,Strongly Disagree,Strongly Agree,Disagree,Strongly Disagree,Disagree,Disagree,Disagree,Disagree,Disagree,Disagree,Disagree,Never,Never,Never
10/5/2026 10:11:48,Software or digital monitoring only,BPO or ITES,More than 10 years,50 to 500 employees,Male,Senior leadership (director and above),Agree,Disagree,Agree,Agree,Agree,Strongly Disagree,Neither Agree nor Disagree,Neither Agree nor Disagree,Disagree,Strongly Disagree,Neither Agree nor Disagree,Neither Agree nor Disagree,Strongly Agree,Strongly Agree,Strongly Agree,Strongly Agree,Strongly Agree,Strongly Disagree,Strongly Agree,Strongly Disagree,Strongly Agree,Strongly Disagree,Strongly Agree,Strongly Agree,Disagree,Agree,Neither Agree nor Disagree,Neither Agree nor Disagree,Neither Agree nor Disagree,Neither Agree nor Disagree,Agree,Often,Often,Often
10/5/2026 10:13:20,"Physical monitoring only (CCTV, biometric access, desk-time tracking)",IT or Software Services,2 to 5 years,More than 500 employees,Female,Individual contributor or entry level,Strongly Agree,Strongly Agree,Disagree,Neither Agree nor Disagree,Strongly Disagree,Neither Agree nor Disagree,Neither Agree nor Disagree,Neither Agree nor Disagree,Agree,Strongly Agree,Neither Agree nor Disagree,Neither Agree nor Disagree,Agree,Agree,Agree,Strongly Agree,Agree,Neither Agree nor Disagree,Neither Agree nor Disagree,Disagree,Neither Agree nor Disagree,Neither Agree nor Disagree,Agree,Disagree,Disagree,Strongly Disagree,Disagree,Disagree,Disagree,Strongly Disagree,Disagree,Sometimes,Sometimes,Often
10/5/2026 10:14:41,Software or digital monitoring only,Manufacturing or Other Corporate,2 to 5 years,More than 500 employees,Female,Individual contributor or entry level,Agree,Neither Agree nor Disagree,Disagree,Agree,Agree,Disagree,Agree,Agree,Disagree,Disagree,Neither Agree nor Disagree,Neither Agree nor Disagree,Neither Agree nor Disagree,Neither Agree nor Disagree,Disagree,Disagree,Disagree,Disagree,Agree,Disagree,Agree,Disagree,Agree,Agree,Disagree,Agree,Agree,Agree,Agree,Agree,Neither Agree nor Disagree,Often,Often,Often
10/5/2026 10:15:34,I am not sure,IT or Software Services,6 to 10 years,More than 500 employees,Female,Individual contributor or entry level,Agree,Agree,Strongly Disagree,Neither Agree nor Disagree,Strongly Disagree,Strongly Disagree,Neither Agree nor Disagree,Disagree,Disagree,Disagree,Neither Agree nor Disagree,Agree,Strongly Disagree,Strongly Disagree,Strongly Disagree,Strongly Disagree,Strongly Disagree,Strongly Agree,Strongly Disagree,Strongly Agree,Strongly Disagree,Strongly Agree,Strongly Disagree,Strongly Disagree,Disagree,Neither Agree nor Disagree,Disagree,Neither Agree nor Disagree,Strongly Disagree,Disagree,Disagree,Never,Never,Never
10/5/2026 10:16:36,Software or digital monitoring only,Consulting,Less than 2 years,50 to 500 employees,Female,Individual contributor or entry level,Neither Agree nor Disagree,Disagree,Agree,Neither Agree nor Disagree,Neither Agree nor Disagree,Strongly Disagree,Disagree,Agree,Disagree,Disagree,Neither Agree nor Disagree,Neither Agree nor Disagree,Agree,Agree,Strongly Agree,Strongly Agree,Strongly Agree,Disagree,Strongly Agree,Disagree,Strongly Agree,Strongly Disagree,Agree,Strongly Agree,Disagree,Agree,Neither Agree nor Disagree,Agree,Agree,Neither Agree nor Disagree,Agree,Often,Often,Often
10/5/2026 10:18:58,Software or digital monitoring only,IT or Software Services,6 to 10 years,50 to 500 employees,Male,Individual contributor or entry level,Strongly Disagree,Agree,Agree,Strongly Agree,Agree,Strongly Disagree,Strongly Agree,Strongly Agree,Disagree,Disagree,Agree,Strongly Agree,Strongly Agree,Strongly Agree,Strongly Agree,Strongly Agree,Strongly Agree,Disagree,Agree,Neither Agree nor Disagree,Agree,Neither Agree nor Disagree,Neither Agree nor Disagree,Neither Agree nor Disagree,Disagree,Agree,Neither Agree nor Disagree,Neither Agree nor Disagree,Disagree,Neither Agree nor Disagree,Neither Agree nor Disagree,Sometimes,Often,Sometimes
10/5/2026 10:19:18,Both digital and physical monitoring,IT or Software Services,6 to 10 years,More than 500 employees,Male,Individual contributor or entry level,Agree,Strongly Agree,Neither Agree nor Disagree,Strongly Agree,Strongly Agree,Strongly Agree,Strongly Agree,Strongly Agree,Strongly Agree,Agree,Strongly Agree,Strongly Agree,Disagree,Neither Agree nor Disagree,Neither Agree nor Disagree,Neither Agree nor Disagree,Neither Agree nor Disagree,Agree,Disagree,Strongly Agree,Strongly Disagree,Strongly Agree,Disagree,Disagree,Disagree,Disagree,Strongly Disagree,Strongly Disagree,Disagree,Disagree,Disagree,Never,Never,Sometimes
10/5/2026 10:19:36,Software or digital monitoring only,IT or Software Services,2 to 5 years,50 to 500 employees,Male,Individual contributor or entry level,Neither Agree nor Disagree,Neither Agree nor Disagree,Neither Agree nor Disagree,Neither Agree nor Disagree,Neither Agree nor Disagree,Disagree,Disagree,Neither Agree nor Disagree,Neither Agree nor Disagree,Neither Agree nor Disagree,Neither Agree nor Disagree,Neither Agree nor Disagree,Strongly Disagree,Disagree,Disagree,Disagree,Disagree,Strongly Agree,Disagree,Strongly Agree,Strongly Disagree,Agree,Disagree,Disagree,Disagree,Neither Agree nor Disagree,Neither Agree nor Disagree,Neither Agree nor Disagree,Neither Agree nor Disagree,Disagree,Disagree,Rarely,Rarely,Rarely
10/5/2026 10:19:57,Both digital and physical monitoring,IT or Software Services,Less than 2 years,50 to 500 employees,Male,Individual contributor or entry level,Neither Agree nor Disagree,Strongly Agree,Disagree,Strongly Agree,Strongly Agree,Strongly Agree,Strongly Agree,Strongly Agree,Strongly Agree,Strongly Agree,Strongly Agree,Strongly Agree,Disagree,Disagree,Disagree,Disagree,Disagree,Neither Agree nor Disagree,Disagree,Neither Agree nor Disagree,Neither Agree nor Disagree,Agree,Neither Agree nor Disagree,Neither Agree nor Disagree,Disagree,Agree,Agree,Strongly Agree,Agree,Neither Agree nor Disagree,Strongly Agree,Always,Always,Often
10/5/2026 10:20:32,Software or digital monitoring only,BPO or ITES,More than 10 years,More than 500 employees,Male,"Middle management (team lead, manager)",Neither Agree nor Disagree,Disagree,Agree,Agree,Neither Agree nor Disagree,Disagree,Disagree,Neither Agree nor Disagree,Disagree,Strongly Disagree,Neither Agree nor Disagree,Agree,Disagree,Strongly Disagree,Disagree,Strongly Disagree,Disagree,Neither Agree nor Disagree,Disagree,Neither Agree nor Disagree,Neither Agree nor Disagree,Neither Agree nor Disagree,Neither Agree nor Disagree,Neither Agree nor Disagree,Disagree,Neither Agree nor Disagree,Neither Agree nor Disagree,Disagree,Neither Agree nor Disagree,Disagree,Agree,Never,Sometimes,Rarely
10/5/2026 10:21:07,Software or digital monitoring only,BPO or ITES,Less than 2 years,Fewer than 50 employees,Female,Senior leadership (director and above),Neither Agree nor Disagree,Agree,Strongly Agree,Strongly Agree,Agree,Strongly Disagree,Agree,Agree,Disagree,Disagree,Strongly Agree,Agree,Agree,Agree,Agree,Agree,Strongly Agree,Strongly Disagree,Strongly Agree,Strongly Disagree,Strongly Agree,Strongly Disagree,Strongly Agree,Strongly Agree,Disagree,Agree,Agree,Strongly Agree,Neither Agree nor Disagree,Neither Agree nor Disagree,Agree,Always,Always,Always
10/5/2026 10:21:47,Both digital and physical monitoring,IT or Software Services,2 to 5 years,More than 500 employees,Male,Individual contributor or entry level,Agree,Agree,Disagree,Agree,Neither Agree nor Disagree,Neither Agree nor Disagree,Agree,Neither Agree nor Disagree,Neither Agree nor Disagree,Agree,Disagree,Agree,Strongly Disagree,Disagree,Disagree,Disagree,Disagree,Strongly Agree,Strongly Disagree,Strongly Agree,Strongly Disagree,Agree,Disagree,Strongly Disagree,Disagree,Disagree,Disagree,Disagree,Disagree,Disagree,Neither Agree nor Disagree,Rarely,Rarely,Never
10/5/2026 10:22:41,I am not sure,IT or Software Services,2 to 5 years,50 to 500 employees,Male,Senior leadership (director and above),Neither Agree nor Disagree,Agree,Agree,Disagree,Strongly Disagree,Disagree,Disagree,Neither Agree nor Disagree,Strongly Disagree,Strongly Disagree,Strongly Disagree,Disagree,Agree,Agree,Neither Agree nor Disagree,Agree,Agree,Disagree,Agree,Disagree,Neither Agree nor Disagree,Disagree,Agree,Neither Agree nor Disagree,Disagree,Neither Agree nor Disagree,Neither Agree nor Disagree,Agree,Neither Agree nor Disagree,Disagree,Disagree,Always,Always,Always
10/5/2026 10:23:34,Both digital and physical monitoring,IT or Software Services,2 to 5 years,More than 500 employees,Male,Individual contributor or entry level,Strongly Agree,Agree,Agree,Agree,Agree,Agree,Agree,Strongly Agree,Neither Agree nor Disagree,Neither Agree nor Disagree,Agree,Agree,Strongly Agree,Agree,Strongly Agree,Strongly Agree,Strongly Agree,Strongly Disagree,Strongly Agree,Strongly Disagree,Agree,Disagree,Strongly Agree,Agree,Disagree,Strongly Agree,Strongly Agree,Agree,Agree,Strongly Agree,Strongly Agree,Often,Sometimes,Sometimes
10/5/2026 10:24:38,Software or digital monitoring only,IT or Software Services,6 to 10 years,More than 500 employees,Male,Senior leadership (director and above),Agree,Strongly Agree,Agree,Strongly Agree,Agree,Disagree,Agree,Neither Agree nor Disagree,Disagree,Strongly Disagree,Agree,Neither Agree nor Disagree,Agree,Agree,Strongly Agree,Agree,Agree,Strongly Disagree,Strongly Agree,Strongly Disagree,Strongly Agree,Strongly Disagree,Agree,Strongly Agree,Disagree,Agree,Agree,Strongly Agree,Strongly Agree,Strongly Agree,Agree,Always,Often,Often
10/5/2026 10:25:40,Both digital and physical monitoring,BPO or ITES,Less than 2 years,50 to 500 employees,Male,Individual contributor or entry level,Strongly Agree,Strongly Agree,Strongly Disagree,Strongly Agree,Strongly Agree,Strongly Agree,Strongly Agree,Strongly Agree,Strongly Agree,Agree,Agree,Strongly Agree,Disagree,Disagree,Disagree,Disagree,Disagree,Strongly Disagree,Neither Agree nor Disagree,Disagree,Disagree,Neither Agree nor Disagree,Neither Agree nor Disagree,Agree,Disagree,Neither Agree nor Disagree,Neither Agree nor Disagree,Agree,Agree,Agree,Agree,Rarely,Never,Rarely
10/5/2026 10:27:08,Both digital and physical monitoring,IT or Software Services,6 to 10 years,More than 500 employees,Female,Individual contributor or entry level,Disagree,Agree,Neither Agree nor Disagree,Strongly Agree,Strongly Agree,Strongly Agree,Agree,Agree,Strongly Agree,Strongly Agree,Agree,Agree,Neither Agree nor Disagree,Neither Agree nor Disagree,Disagree,Disagree,Neither Agree nor Disagree,Strongly Agree,Strongly Disagree,Strongly Agree,Strongly Disagree,Strongly Agree,Strongly Disagree,Strongly Disagree,Disagree,Neither Agree nor Disagree,Neither Agree nor Disagree,Neither Agree nor Disagree,Neither Agree nor Disagree,Neither Agree nor Disagree,Agree,Sometimes,Sometimes,Sometimes
10/5/2026 10:32:09,Both digital and physical monitoring,IT or Software Services,2 to 5 years,50 to 500 employees,Male,Individual contributor or entry level,Agree,Neither Agree nor Disagree,Neither Agree nor Disagree,Agree,Agree,Agree,Neither Agree nor Disagree,Neither Agree nor Disagree,Neither Agree nor Disagree,Neither Agree nor Disagree,Neither Agree nor Disagree,Neither Agree nor Disagree,Strongly Disagree,Disagree,Disagree,Strongly Disagree,Strongly Disagree,Disagree,Neither Agree nor Disagree,Disagree,Agree,Neither Agree nor Disagree,Agree,Agree,Disagree,Agree,Agree,Neither Agree nor Disagree,Agree,Agree,Agree,Often,Often,Often
10/5/2026 10:32:27,Software or digital monitoring only,BPO or ITES,6 to 10 years,More than 500 employees,Male,Individual contributor or entry level,Neither Agree nor Disagree,Agree,Strongly Agree,Agree,Strongly Agree,Strongly Disagree,Agree,Neither Agree nor Disagree,Disagree,Disagree,Disagree,Neither Agree nor Disagree,Neither Agree nor Disagree,Neither Agree nor Disagree,Agree,Neither Agree nor Disagree,Neither Agree nor Disagree,Strongly Disagree,Strongly Agree,Disagree,Agree,Strongly Disagree,Strongly Agree,Agree,Disagree,Agree,Agree,Neither Agree nor Disagree,Neither Agree nor Disagree,Neither Agree nor Disagree,Agree,Sometimes,Sometimes,Often
10/5/2026 10:33:53,Software or digital monitoring only,Consulting,Less than 2 years,Fewer than 50 employees,Male,Individual contributor or entry level,Neither Agree nor Disagree,Agree,Agree,Strongly Agree,Neither Agree nor Disagree,Disagree,Agree,Strongly Agree,Neither Agree nor Disagree,Neither Agree nor Disagree,Agree,Strongly Agree,Disagree,Disagree,Disagree,Disagree,Disagree,Disagree,Neither Agree nor Disagree,Agree,Neither Agree nor Disagree,Agree,Neither Agree nor Disagree,Neither Agree nor Disagree,Disagree,Agree,Agree,Agree,Agree,Agree,Agree,Sometimes,Often,Often
10/5/2026 10:34:30,Software or digital monitoring only,IT or Software Services,Less than 2 years,More than 500 employees,Male,Senior leadership (director and above),Disagree,Agree,Disagree,Agree,Strongly Agree,Strongly Disagree,Strongly Agree,Agree,Disagree,Strongly Disagree,Agree,Strongly Agree,Agree,Neither Agree nor Disagree,Neither Agree nor Disagree,Neither Agree nor Disagree,Neither Agree nor Disagree,Disagree,Strongly Agree,Strongly Disagree,Agree,Disagree,Strongly Agree,Agree,Disagree,Strongly Agree,Strongly Agree,Strongly Agree,Strongly Agree,Strongly Agree,Strongly Agree,Always,Often,Often
10/5/2026 10:35:18,Software or digital monitoring only,BPO or ITES,2 to 5 years,More than 500 employees,Female,Individual contributor or entry level,Neither Agree nor Disagree,Neither Agree nor Disagree,Strongly Disagree,Neither Agree nor Disagree,Neither Agree nor Disagree,Disagree,Neither Agree nor Disagree,Disagree,Disagree,Neither Agree nor Disagree,Neither Agree nor Disagree,Neither Agree nor Disagree,Disagree,Strongly Disagree,Neither Agree nor Disagree,Disagree,Strongly Disagree,Agree,Disagree,Agree,Disagree,Agree,Disagree,Disagree,Disagree,Disagree,Strongly Disagree,Disagree,Disagree,Neither Agree nor Disagree,Disagree,Rarely,Rarely,Rarely
10/5/2026 10:38:47,Software or digital monitoring only,IT or Software Services,2 to 5 years,50 to 500 employees,Male,Individual contributor or entry level,Neither Agree nor Disagree,Agree,Neither Agree nor Disagree,Agree,Agree,Strongly Disagree,Agree,Agree,Disagree,Disagree,Neither Agree nor Disagree,Neither Agree nor Disagree,Neither Agree nor Disagree,Neither Agree nor Disagree,Neither Agree nor Disagree,Neither Agree nor Disagree,Disagree,Neither Agree nor Disagree,Strongly Disagree,Agree,Disagree,Agree,Neither Agree nor Disagree,Strongly Disagree,Disagree,Neither Agree nor Disagree,Neither Agree nor Disagree,Neither Agree nor Disagree,Neither Agree nor Disagree,Neither Agree nor Disagree,Neither Agree nor Disagree,Sometimes,Often,Rarely
10/5/2026 10:39:49,Software or digital monitoring only,IT or Software Services,6 to 10 years,More than 500 employees,Female,"Middle management (team lead, manager)",Strongly Agree,Neither Agree nor Disagree,Strongly Disagree,Disagree,Disagree,Disagree,Disagree,Neither Agree nor Disagree,Agree,Disagree,Disagree,Disagree,Strongly Disagree,Disagree,Strongly Disagree,Disagree,Disagree,Strongly Agree,Strongly Disagree,Strongly Agree,Strongly Disagree,Strongly Agree,Strongly Disagree,Strongly Disagree,Disagree,Disagree,Neither Agree nor Disagree,Disagree,Disagree,Disagree,Disagree,Rarely,Never,Never
10/5/2026 10:40:19,Both digital and physical monitoring,BPO or ITES,2 to 5 years,More than 500 employees,Female,"Middle management (team lead, manager)",Agree,Strongly Agree,Strongly Agree,Agree,Agree,Agree,Agree,Agree,Disagree,Disagree,Neither Agree nor Disagree,Neither Agree nor Disagree,Strongly Agree,Agree,Agree,Agree,Neither Agree nor Disagree,Disagree,Agree,Disagree,Agree,Disagree,Agree,Agree,Disagree,Agree,Agree,Agree,Neither Agree nor Disagree,Agree,Agree,Sometimes,Sometimes,Sometimes
10/5/2026 10:42:46,Software or digital monitoring only,IT or Software Services,6 to 10 years,50 to 500 employees,Female,Individual contributor or entry level,Agree,Strongly Agree,Strongly Agree,Strongly Agree,Strongly Agree,Strongly Disagree,Agree,Agree,Neither Agree nor Disagree,Neither Agree nor Disagree,Strongly Agree,Strongly Agree,Neither Agree nor Disagree,Disagree,Neither Agree nor Disagree,Neither Agree nor Disagree,Neither Agree nor Disagree,Neither Agree nor Disagree,Disagree,Disagree,Agree,Neither Agree nor Disagree,Agree,Neither Agree nor Disagree,Disagree,Strongly Agree,Strongly Agree,Strongly Agree,Strongly Agree,Strongly Agree,Strongly Agree,Often,Sometimes,Often
10/5/2026 10:43:49,Software or digital monitoring only,IT or Software Services,Less than 2 years,50 to 500 employees,Female,Individual contributor or entry level,Neither Agree nor Disagree,Agree,Strongly Disagree,Agree,Agree,Disagree,Disagree,Agree,Neither Agree nor Disagree,Disagree,Neither Agree nor Disagree,Neither Agree nor Disagree,Disagree,Disagree,Disagree,Disagree,Disagree,Strongly Agree,Disagree,Agree,Disagree,Strongly Agree,Disagree,Strongly Disagree,Disagree,Neither Agree nor Disagree,Neither Agree nor Disagree,Neither Agree nor Disagree,Neither Agree nor Disagree,Neither Agree nor Disagree,Disagree,Often,Often,Often
10/5/2026 10:44:53,Software or digital monitoring only,Consulting,Less than 2 years,50 to 500 employees,Male,Individual contributor or entry level,Agree,Agree,Strongly Disagree,Neither Agree nor Disagree,Neither Agree nor Disagree,Disagree,Neither Agree nor Disagree,Neither Agree nor Disagree,Strongly Disagree,Disagree,Disagree,Neither Agree nor Disagree,Strongly Agree,Agree,Neither Agree nor Disagree,Agree,Neither Agree nor Disagree,Neither Agree nor Disagree,Agree,Disagree,Agree,Disagree,Neither Agree nor Disagree,Neither Agree nor Disagree,Disagree,Disagree,Disagree,Disagree,Disagree,Disagree,Disagree,Often,Sometimes,Often
10/5/2026 10:45:24,Software or digital monitoring only,IT or Software Services,2 to 5 years,50 to 500 employees,Male,"Middle management (team lead, manager)",Neither Agree nor Disagree,Agree,Disagree,Neither Agree nor Disagree,Neither Agree nor Disagree,Disagree,Neither Agree nor Disagree,Neither Agree nor Disagree,Disagree,Strongly Disagree,Disagree,Neither Agree nor Disagree,Strongly Agree,Strongly Agree,Agree,Agree,Agree,Strongly Disagree,Strongly Agree,Strongly Disagree,Strongly Agree,Strongly Disagree,Strongly Agree,Strongly Agree,Disagree,Strongly Agree,Strongly Agree,Strongly Agree,Strongly Agree,Strongly Agree,Strongly Agree,Always,Always,Always
10/5/2026 10:49:55,I am not monitored in any way,BPO or ITES,2 to 5 years,50 to 500 employees,Male,"Middle management (team lead, manager)",Agree,Agree,Neither Agree nor Disagree,Strongly Disagree,Disagree,Disagree,Strongly Disagree,Strongly Disagree,Strongly Disagree,Strongly Disagree,Strongly Disagree,Strongly Disagree,Agree,Agree,Strongly Agree,Agree,Strongly Agree,Strongly Disagree,Strongly Agree,Strongly Disagree,Agree,Strongly Disagree,Strongly Agree,Strongly Agree,Disagree,Neither Agree nor Disagree,Neither Agree nor Disagree,Agree,Neither Agree nor Disagree,Agree,Agree,Often,Always,Often
10/5/2026 10:50:42,Software or digital monitoring only,Consulting,Less than 2 years,Fewer than 50 employees,Male,Individual contributor or entry level,Strongly Disagree,Neither Agree nor Disagree,Neither Agree nor Disagree,Neither Agree nor Disagree,Neither Agree nor Disagree,Disagree,Neither Agree nor Disagree,Neither Agree nor Disagree,Agree,Neither Agree nor Disagree,Neither Agree nor Disagree,Neither Agree nor Disagree,Disagree,Neither Agree nor Disagree,Strongly Disagree,Neither Agree nor Disagree,Disagree,Agree,Disagree,Agree,Neither Agree nor Disagree,Neither Agree nor Disagree,Disagree,Neither Agree nor Disagree,Disagree,Neither Agree nor Disagree,Agree,Neither Agree nor Disagree,Neither Agree nor Disagree,Neither Agree nor Disagree,Neither Agree nor Disagree,Sometimes,Rarely,Sometimes
10/5/2026 10:51:55,Software or digital monitoring only,IT or Software Services,2 to 5 years,50 to 500 employees,Male,Individual contributor or entry level,Neither Agree nor Disagree,Strongly Agree,Strongly Disagree,Strongly Agree,Agree,Disagree,Strongly Agree,Agree,Agree,Strongly Agree,Agree,Agree,Strongly Agree,Agree,Agree,Agree,Strongly Agree,Agree,Disagree,Neither Agree nor Disagree,Neither Agree nor Disagree,Neither Agree nor Disagree,Agree,Neither Agree nor Disagree,Disagree,Agree,Disagree,Neither Agree nor Disagree,Neither Agree nor Disagree,Disagree,Neither Agree nor Disagree,Often,Sometimes,Sometimes
10/5/2026 10:56:38,Both digital and physical monitoring,IT or Software Services,2 to 5 years,50 to 500 employees,Male,Individual contributor or entry level,Disagree,Neither Agree nor Disagree,Agree,Strongly Agree,Agree,Agree,Strongly Agree,Agree,Agree,Agree,Agree,Agree,Agree,Neither Agree nor Disagree,Agree,Agree,Neither Agree nor Disagree,Disagree,Strongly Agree,Disagree,Agree,Disagree,Neither Agree nor Disagree,Agree,Disagree,Strongly Agree,Agree,Agree,Agree,Agree,Neither Agree nor Disagree,Never,Never,Never
10/5/2026 10:56:54,Software or digital monitoring only,IT or Software Services,2 to 5 years,50 to 500 employees,Female,Individual contributor or entry level,Agree,Neither Agree nor Disagree,Disagree,Strongly Agree,Strongly Agree,Strongly Disagree,Strongly Agree,Strongly Agree,Neither Agree nor Disagree,Agree,Agree,Agree,Neither Agree nor Disagree,Agree,Neither Agree nor Disagree,Neither Agree nor Disagree,Neither Agree nor Disagree,Neither Agree nor Disagree,Disagree,Neither Agree nor Disagree,Disagree,Agree,Disagree,Neither Agree nor Disagree,Disagree,Strongly Agree,Agree,Agree,Agree,Agree,Strongly Agree,Sometimes,Rarely,Rarely
10/5/2026 10:57:19,Software or digital monitoring only,IT or Software Services,More than 10 years,50 to 500 employees,Male,"Middle management (team lead, manager)",Agree,Agree,Strongly Disagree,Agree,Agree,Disagree,Agree,Strongly Agree,Strongly Agree,Agree,Neither Agree nor Disagree,Agree,Neither Agree nor Disagree,Neither Agree nor Disagree,Neither Agree nor Disagree,Neither Agree nor Disagree,Neither Agree nor Disagree,Strongly Agree,Strongly Disagree,Strongly Agree,Strongly Disagree,Strongly Agree,Strongly Disagree,Strongly Disagree,Disagree,Strongly Disagree,Strongly Disagree,Strongly Disagree,Strongly Disagree,Strongly Disagree,Strongly Disagree,Never,Rarely,Rarely
10/5/2026 10:57:37,Software or digital monitoring only,Consulting,2 to 5 years,50 to 500 employees,Non-binary or Other,Individual contributor or entry level,Strongly Agree,Agree,Neither Agree nor Disagree,Agree,Agree,Disagree,Strongly Agree,Agree,Disagree,Disagree,Strongly Agree,Strongly Agree,Strongly Disagree,Disagree,Disagree,Strongly Disagree,Strongly Disagree,Disagree,Agree,Agree,Disagree,Neither Agree nor Disagree,Neither Agree nor Disagree,Agree,Disagree,Neither Agree nor Disagree,Agree,Neither Agree nor Disagree,Agree,Agree,Agree,Rarely,Rarely,Rarely
10/5/2026 10:58:15,"Physical monitoring only (CCTV, biometric access, desk-time tracking)",IT or Software Services,6 to 10 years,More than 500 employees,Male,"Middle management (team lead, manager)",Strongly Agree,Strongly Agree,Agree,Strongly Disagree,Strongly Disagree,Strongly Disagree,Strongly Disagree,Strongly Disagree,Strongly Disagree,Disagree,Strongly Disagree,Strongly Disagree,Agree,Neither Agree nor Disagree,Neither Agree nor Disagree,Neither Agree nor Disagree,Disagree,Strongly Disagree,Agree,Disagree,Agree,Disagree,Agree,Agree,Disagree,Strongly Agree,Strongly Agree,Strongly Agree,Agree,Strongly Agree,Strongly Agree,Always,Always,Always
10/5/2026 10:58:50,Software or digital monitoring only,Other,2 to 5 years,More than 500 employees,Female,"Middle management (team lead, manager)",Disagree,Agree,Neither Agree nor Disagree,Neither Agree nor Disagree,Agree,Disagree,Agree,Neither Agree nor Disagree,Agree,Agree,Neither Agree nor Disagree,Neither Agree nor Disagree,Agree,Agree,Agree,Agree,Strongly Agree,Neither Agree nor Disagree,Neither Agree nor Disagree,Agree,Neither Agree nor Disagree,Agree,Neither Agree nor Disagree,Disagree,Disagree,Disagree,Disagree,Disagree,Disagree,Strongly Disagree,Disagree,Sometimes,Sometimes,Sometimes
10/5/2026 10:59:22,Software or digital monitoring only,IT or Software Services,Less than 2 years,50 to 500 employees,Female,Individual contributor or entry level,Agree,Strongly Agree,Neither Agree nor Disagree,Agree,Agree,Neither Agree nor Disagree,Agree,Agree,Disagree,Strongly Disagree,Neither Agree nor Disagree,Neither Agree nor Disagree,Disagree,Disagree,Disagree,Disagree,Strongly Disagree,Strongly Agree,Disagree,Agree,Strongly Disagree,Agree,Strongly Disagree,Disagree,Disagree,Disagree,Neither Agree nor Disagree,Neither Agree nor Disagree,Neither Agree nor Disagree,Neither Agree nor Disagree,Neither Agree nor Disagree,Rarely,Sometimes,Sometimes
10/5/2026 11:00:14,Software or digital monitoring only,IT or Software Services,2 to 5 years,50 to 500 employees,Male,Individual contributor or entry level,Agree,Strongly Agree,Agree,Neither Agree nor Disagree,Neither Agree nor Disagree,Disagree,Neither Agree nor Disagree,Agree,Neither Agree nor Disagree,Neither Agree nor Disagree,Neither Agree nor Disagree,Neither Agree nor Disagree,Agree,Neither Agree nor Disagree,Agree,Neither Agree nor Disagree,Neither Agree nor Disagree,Neither Agree nor Disagree,Disagree,Neither Agree nor Disagree,Disagree,Agree,Disagree,Disagree,Disagree,Neither Agree nor Disagree,Disagree,Neither Agree nor Disagree,Disagree,Neither Agree nor Disagree,Disagree,Rarely,Rarely,Never
10/5/2026 11:05:14,Software or digital monitoring only,BPO or ITES,2 to 5 years,50 to 500 employees,Male,"Middle management (team lead, manager)",Neither Agree nor Disagree,Strongly Agree,Strongly Disagree,Neither Agree nor Disagree,Agree,Disagree,Neither Agree nor Disagree,Disagree,Neither Agree nor Disagree,Neither Agree nor Disagree,Neither Agree nor Disagree,Neither Agree nor Disagree,Strongly Disagree,Strongly Disagree,Strongly Disagree,Strongly Disagree,Strongly Disagree,Strongly Agree,Strongly Disagree,Strongly Agree,Strongly Disagree,Strongly Agree,Strongly Disagree,Strongly Disagree,Disagree,Strongly Disagree,Strongly Disagree,Strongly Disagree,Disagree,Strongly Disagree,Strongly Disagree,Never,Never,Never
10/5/2026 11:05:45,Software or digital monitoring only,Consulting,2 to 5 years,50 to 500 employees,Male,"Middle management (team lead, manager)",Disagree,Agree,Agree,Neither Agree nor Disagree,Neither Agree nor Disagree,Strongly Disagree,Neither Agree nor Disagree,Disagree,Strongly Disagree,Strongly Disagree,Disagree,Disagree,Neither Agree nor Disagree,Agree,Agree,Neither Agree nor Disagree,Neither Agree nor Disagree,Strongly Disagree,Strongly Agree,Strongly Disagree,Strongly Agree,Strongly Disagree,Strongly Agree,Strongly Agree,Disagree,Strongly Agree,Strongly Agree,Strongly Agree,Strongly Agree,Strongly Agree,Agree,Often,Often,Sometimes
10/5/2026 11:06:19,Software or digital monitoring only,IT or Software Services,2 to 5 years,50 to 500 employees,Male,Individual contributor or entry level,Strongly Agree,Neither Agree nor Disagree,Neither Agree nor Disagree,Neither Agree nor Disagree,Neither Agree nor Disagree,Disagree,Neither Agree nor Disagree,Neither Agree nor Disagree,Disagree,Disagree,Neither Agree nor Disagree,Neither Agree nor Disagree,Agree,Agree,Agree,Neither Agree nor Disagree,Agree,Strongly Disagree,Strongly Agree,Strongly Disagree,Strongly Agree,Strongly Disagree,Strongly Agree,Strongly Agree,Disagree,Neither Agree nor Disagree,Neither Agree nor Disagree,Neither Agree nor Disagree,Strongly Agree,Neither Agree nor Disagree,Neither Agree nor Disagree,Often,Always,Always
10/5/2026 11:09:55,Software or digital monitoring only,BPO or ITES,2 to 5 years,50 to 500 employees,Male,Individual contributor or entry level,Disagree,Strongly Agree,Disagree,Neither Agree nor Disagree,Disagree,Disagree,Neither Agree nor Disagree,Neither Agree nor Disagree,Disagree,Disagree,Neither Agree nor Disagree,Neither Agree nor Disagree,Neither Agree nor Disagree,Neither Agree nor Disagree,Neither Agree nor Disagree,Neither Agree nor Disagree,Disagree,Disagree,Agree,Neither Agree nor Disagree,Agree,Disagree,Neither Agree nor Disagree,Agree,Disagree,Neither Agree nor Disagree,Neither Agree nor Disagree,Agree,Agree,Neither Agree nor Disagree,Agree,Always,Always,Always
10/5/2026 11:11:21,Software or digital monitoring only,IT or Software Services,More than 10 years,50 to 500 employees,Male,Individual contributor or entry level,Neither Agree nor Disagree,Disagree,Strongly Agree,Strongly Agree,Strongly Agree,Neither Agree nor Disagree,Strongly Agree,Strongly Agree,Neither Agree nor Disagree,Neither Agree nor Disagree,Strongly Agree,Strongly Agree,Agree,Neither Agree nor Disagree,Neither Agree nor Disagree,Neither Agree nor Disagree,Agree,Neither Agree nor Disagree,Neither Agree nor Disagree,Strongly Disagree,Neither Agree nor Disagree,Neither Agree nor Disagree,Agree,Neither Agree nor Disagree,Disagree,Agree,Agree,Neither Agree nor Disagree,Neither Agree nor Disagree,Neither Agree nor Disagree,Neither Agree nor Disagree,Sometimes,Sometimes,Rarely
10/5/2026 11:15:01,Both digital and physical monitoring,BPO or ITES,2 to 5 years,More than 500 employees,Female,Individual contributor or entry level,Strongly Disagree,Agree,Neither Agree nor Disagree,Strongly Agree,Agree,Agree,Agree,Strongly Agree,Agree,Neither Agree nor Disagree,Agree,Agree,Disagree,Disagree,Disagree,Disagree,Disagree,Agree,Strongly Disagree,Agree,Strongly Disagree,Strongly Agree,Strongly Disagree,Strongly Disagree,Disagree,Neither Agree nor Disagree,Disagree,Disagree,Disagree,Disagree,Disagree,Rarely,Never,Rarely
10/5/2026 11:15:35,Software or digital monitoring only,IT or Software Services,More than 10 years,More than 500 employees,Male,Individual contributor or entry level,Strongly Disagree,Agree,Disagree,Neither Agree nor Disagree,Agree,Strongly Disagree,Agree,Neither Agree nor Disagree,Neither Agree nor Disagree,Disagree,Disagree,Neither Agree nor Disagree,Strongly Disagree,Disagree,Strongly Disagree,Strongly Disagree,Strongly Disagree,Strongly Agree,Strongly Disagree,Strongly Agree,Disagree,Strongly Agree,Strongly Disagree,Strongly Disagree,Disagree,Neither Agree nor Disagree,Disagree,Neither Agree nor Disagree,Neither Agree nor Disagree,Neither Agree nor Disagree,Neither Agree nor Disagree,Sometimes,Rarely,Rarely
10/5/2026 11:16:34,Both digital and physical monitoring,Manufacturing or Other Corporate,Less than 2 years,More than 500 employees,Male,"Middle management (team lead, manager)",Strongly Disagree,Strongly Agree,Disagree,Strongly Agree,Strongly Agree,Strongly Agree,Agree,Strongly Agree,Agree,Agree,Strongly Agree,Neither Agree nor Disagree,Agree,Neither Agree nor Disagree,Agree,Neither Agree nor Disagree,Neither Agree nor Disagree,Agree,Strongly Disagree,Strongly Agree,Strongly Disagree,Strongly Agree,Strongly Disagree,Strongly Disagree,Disagree,Disagree,Neither Agree nor Disagree,Disagree,Disagree,Disagree,Disagree,Sometimes,Often,Rarely
10/5/2026 11:19:02,Software or digital monitoring only,IT or Software Services,6 to 10 years,More than 500 employees,Female,Individual contributor or entry level,Disagree,Strongly Agree,Strongly Disagree,Strongly Agree,Strongly Agree,Strongly Disagree,Strongly Agree,Strongly Agree,Agree,Agree,Strongly Agree,Agree,Neither Agree nor Disagree,Neither Agree nor Disagree,Agree,Neither Agree nor Disagree,Neither Agree nor Disagree,Neither Agree nor Disagree,Agree,Neither Agree nor Disagree,Agree,Agree,Disagree,Neither Agree nor Disagree,Disagree,Agree,Strongly Agree,Strongly Agree,Strongly Agree,Agree,Agree,Sometimes,Sometimes,Sometimes
10/5/2026 11:22:43,"Physical monitoring only (CCTV, biometric access, desk-time tracking)",IT or Software Services,Less than 2 years,More than 500 employees,Male,"Middle management (team lead, manager)",Agree,Agree,Disagree,Disagree,Strongly Disagree,Neither Agree nor Disagree,Neither Agree nor Disagree,Disagree,Neither Agree nor Disagree,Neither Agree nor Disagree,Neither Agree nor Disagree,Disagree,Neither Agree nor Disagree,Disagree,Disagree,Disagree,Neither Agree nor Disagree,Neither Agree nor Disagree,Disagree,Agree,Disagree,Disagree,Agree,Neither Agree nor Disagree,Disagree,Disagree,Neither Agree nor Disagree,Neither Agree nor Disagree,Disagree,Disagree,Disagree,Often,Sometimes,Sometimes
10/5/2026 11:23:20,I am not monitored in any way,Consulting,2 to 5 years,50 to 500 employees,Male,Individual contributor or entry level,Neither Agree nor Disagree,Agree,Disagree,Strongly Disagree,Disagree,Disagree,Strongly Disagree,Strongly Disagree,Disagree,Disagree,Strongly Disagree,Strongly Disagree,Strongly Agree,Strongly Agree,Strongly Agree,Strongly Agree,Strongly Agree,Disagree,Agree,Disagree,Agree,Disagree,Agree,Neither Agree nor Disagree,Disagree,Neither Agree nor Disagree,Agree,Agree,Agree,Agree,Neither Agree nor Disagree,Always,Always,Always
10/5/2026 11:23:59,Both digital and physical monitoring,Manufacturing or Other Corporate,6 to 10 years,50 to 500 employees,Male,Individual contributor or entry level,Agree,Agree,Agree,Agree,Agree,Agree,Neither Agree nor Disagree,Agree,Neither Agree nor Disagree,Neither Agree nor Disagree,Agree,Neither Agree nor Disagree,Strongly Agree,Agree,Agree,Agree,Agree,Strongly Disagree,Agree,Disagree,Agree,Disagree,Agree,Agree,Disagree,Agree,Neither Agree nor Disagree,Agree,Agree,Agree,Agree,Often,Often,Often
10/5/2026 11:28:06,Software or digital monitoring only,IT or Software Services,Less than 2 years,50 to 500 employees,Female,Individual contributor or entry level,Neither Agree nor Disagree,Neither Agree nor Disagree,Neither Agree nor Disagree,Strongly Agree,Strongly Agree,Disagree,Agree,Agree,Agree,Agree,Agree,Strongly Agree,Agree,Neither Agree nor Disagree,Neither Agree nor Disagree,Agree,Neither Agree nor Disagree,Agree,Neither Agree nor Disagree,Agree,Disagree,Agree,Neither Agree nor Disagree,Neither Agree nor Disagree,Disagree,Neither Agree nor Disagree,Neither Agree nor Disagree,Disagree,Disagree,Disagree,Neither Agree nor Disagree,Often,Always,Often
10/5/2026 11:29:42,Software or digital monitoring only,IT or Software Services,Less than 2 years,Fewer than 50 employees,Male,Individual contributor or entry level,Strongly Disagree,Agree,Agree,Disagree,Disagree,Strongly Disagree,Neither Agree nor Disagree,Disagree,Disagree,Disagree,Disagree,Disagree,Agree,Strongly Agree,Strongly Agree,Strongly Agree,Strongly Agree,Strongly Disagree,Strongly Agree,Strongly Disagree,Strongly Agree,Strongly Disagree,Agree,Strongly Agree,Disagree,Agree,Strongly Agree,Strongly Agree,Agree,Strongly Agree,Agree,Always,Always,Always
10/5/2026 11:30:44,Software or digital monitoring only,IT or Software Services,More than 10 years,Fewer than 50 employees,Male,Individual contributor or entry level,Strongly Agree,Strongly Agree,Strongly Disagree,Agree,Agree,Neither Agree nor Disagree,Neither Agree nor Disagree,Neither Agree nor Disagree,Neither Agree nor Disagree,Disagree,Neither Agree nor Disagree,Disagree,Disagree,Neither Agree nor Disagree,Disagree,Disagree,Disagree,Agree,Disagree,Strongly Agree,Strongly Disagree,Agree,Disagree,Disagree,Disagree,Agree,Agree,Neither Agree nor Disagree,Agree,Neither Agree nor Disagree,Agree,Rarely,Sometimes,Rarely
10/5/2026 11:31:04,Software or digital monitoring only,IT or Software Services,Less than 2 years,More than 500 employees,Male,"Middle management (team lead, manager)",Neither Agree nor Disagree,Strongly Agree,Neither Agree nor Disagree,Strongly Agree,Agree,Disagree,Neither Agree nor Disagree,Agree,Neither Agree nor Disagree,Neither Agree nor Disagree,Strongly Agree,Strongly Agree,Agree,Agree,Agree,Agree,Agree,Disagree,Neither Agree nor Disagree,Disagree,Neither Agree nor Disagree,Disagree,Agree,Neither Agree nor Disagree,Disagree,Disagree,Disagree,Disagree,Disagree,Disagree,Disagree,Often,Often,Always
10/5/2026 11:36:05,Both digital and physical monitoring,BPO or ITES,Less than 2 years,More than 500 employees,Male,Individual contributor or entry level,Agree,Strongly Disagree,Disagree,Agree,Agree,Agree,Agree,Neither Agree nor Disagree,Disagree,Disagree,Neither Agree nor Disagree,Agree,Disagree,Disagree,Strongly Disagree,Neither Agree nor Disagree,Disagree,Disagree,Neither Agree nor Disagree,Disagree,Agree,Disagree,Agree,Agree,Disagree,Neither Agree nor Disagree,Neither Agree nor Disagree,Disagree,Agree,Agree,Neither Agree nor Disagree,Sometimes,Sometimes,Sometimes
10/5/2026 11:37:22,Software or digital monitoring only,BPO or ITES,6 to 10 years,50 to 500 employees,Male,Senior leadership (director and above),Neither Agree nor Disagree,Strongly Agree,Agree,Strongly Agree,Strongly Agree,Disagree,Strongly Agree,Agree,Agree,Neither Agree nor Disagree,Agree,Strongly Agree,Agree,Agree,Agree,Agree,Agree,Neither Agree nor Disagree,Disagree,Neither Agree nor Disagree,Agree,Disagree,Neither Agree nor Disagree,Neither Agree nor Disagree,Disagree,Neither Agree nor Disagree,Neither Agree nor Disagree,Disagree,Neither Agree nor Disagree,Neither Agree nor Disagree,Disagree,Often,Often,Sometimes
10/5/2026 11:38:02,Software or digital monitoring only,IT or Software Services,More than 10 years,More than 500 employees,Male,Individual contributor or entry level,Neither Agree nor Disagree,Disagree,Agree,Agree,Agree,Disagree,Neither Agree nor Disagree,Neither Agree nor Disagree,Agree,Agree,Agree,Neither Agree nor Disagree,Strongly Disagree,Strongly Disagree,Strongly Disagree,Strongly Disagree,Strongly Disagree,Disagree,Agree,Disagree,Agree,Strongly Disagree,Agree,Agree,Disagree,Agree,Agree,Agree,Agree,Agree,Agree,Never,Sometimes,Sometimes
10/5/2026 11:39:22,Software or digital monitoring only,IT or Software Services,2 to 5 years,50 to 500 employees,Male,Individual contributor or entry level,Disagree,Strongly Agree,Agree,Strongly Agree,Strongly Agree,Neither Agree nor Disagree,Strongly Agree,Agree,Strongly Agree,Agree,Strongly Agree,Agree,Strongly Disagree,Disagree,Disagree,Disagree,Strongly Disagree,Agree,Neither Agree nor Disagree,Agree,Neither Agree nor Disagree,Neither Agree nor Disagree,Disagree,Disagree,Disagree,Disagree,Neither Agree nor Disagree,Neither Agree nor Disagree,Agree,Disagree,Neither Agree nor Disagree,Rarely,Rarely,Rarely
10/5/2026 11:39:37,"Physical monitoring only (CCTV, biometric access, desk-time tracking)",Other,2 to 5 years,50 to 500 employees,Female,Individual contributor or entry level,Strongly Agree,Agree,Agree,Neither Agree nor Disagree,Strongly Disagree,Agree,Neither Agree nor Disagree,Neither Agree nor Disagree,Disagree,Neither Agree nor Disagree,Neither Agree nor Disagree,Agree,Agree,Strongly Agree,Strongly Agree,Strongly Agree,Strongly Agree,Disagree,Disagree,Neither Agree nor Disagree,Neither Agree nor Disagree,Neither Agree nor Disagree,Neither Agree nor Disagree,Neither Agree nor Disagree,Disagree,Agree,Agree,Strongly Agree,Strongly Agree,Strongly Agree,Agree,Sometimes,Often,Often
10/5/2026 11:39:59,"Physical monitoring only (CCTV, biometric access, desk-time tracking)",Consulting,6 to 10 years,More than 500 employees,Male,Individual contributor or entry level,Neither Agree nor Disagree,Neither Agree nor Disagree,Agree,Neither Agree nor Disagree,Disagree,Agree,Disagree,Neither Agree nor Disagree,Neither Agree nor Disagree,Agree,Neither Agree nor Disagree,Neither Agree nor Disagree,Neither Agree nor Disagree,Agree,Agree,Agree,Agree,Neither Agree nor Disagree,Neither Agree nor Disagree,Disagree,Disagree,Disagree,Neither Agree nor Disagree,Disagree,Disagree,Neither Agree nor Disagree,Neither Agree nor Disagree,Neither Agree nor Disagree,Agree,Disagree,Neither Agree nor Disagree,Often,Sometimes,Sometimes
10/5/2026 11:40:24,Both digital and physical monitoring,IT or Software Services,2 to 5 years,Fewer than 50 employees,Female,Individual contributor or entry level,Strongly Agree,Strongly Agree,Neither Agree nor Disagree,Strongly Agree,Agree,Agree,Neither Agree nor Disagree,Neither Agree nor Disagree,Neither Agree nor Disagree,Agree,Neither Agree nor Disagree,Neither Agree nor Disagree,Disagree,Disagree,Neither Agree nor Disagree,Neither Agree nor Disagree,Neither Agree nor Disagree,Strongly Agree,Neither Agree nor Disagree,Agree,Disagree,Agree,Disagree,Disagree,Disagree,Neither Agree nor Disagree,Disagree,Agree,Neither Agree nor Disagree,Disagree,Disagree,Rarely,Rarely,Rarely
10/5/2026 11:40:48,Software or digital monitoring only,Manufacturing or Other Corporate,6 to 10 years,More than 500 employees,Male,"Middle management (team lead, manager)",Neither Agree nor Disagree,Agree,Disagree,Agree,Agree,Strongly Disagree,Agree,Agree,Agree,Neither Agree nor Disagree,Agree,Agree,Disagree,Disagree,Strongly Disagree,Strongly Disagree,Strongly Disagree,Agree,Strongly Disagree,Agree,Disagree,Agree,Disagree,Strongly Disagree,Disagree,Disagree,Neither Agree nor Disagree,Neither Agree nor Disagree,Neither Agree nor Disagree,Neither Agree nor Disagree,Neither Agree nor Disagree,Sometimes,Never,Sometimes
10/5/2026 11:41:34,Both digital and physical monitoring,BPO or ITES,Less than 2 years,50 to 500 employees,Female,Individual contributor or entry level,Disagree,Agree,Agree,Strongly Agree,Strongly Agree,Strongly Agree,Neither Agree nor Disagree,Strongly Agree,Strongly Agree,Strongly Agree,Agree,Strongly Agree,Disagree,Strongly Disagree,Disagree,Disagree,Strongly Disagree,Agree,Strongly Disagree,Agree,Strongly Disagree,Agree,Strongly Disagree,Strongly Disagree,Disagree,Disagree,Neither Agree nor Disagree,Neither Agree nor Disagree,Neither Agree nor Disagree,Neither Agree nor Disagree,Neither Agree nor Disagree,Rarely,Rarely,Rarely
10/5/2026 11:42:24,Both digital and physical monitoring,IT or Software Services,6 to 10 years,More than 500 employees,Male,Senior leadership (director and above),Disagree,Agree,Strongly Disagree,Agree,Neither Agree nor Disagree,Agree,Neither Agree nor Disagree,Agree,Neither Agree nor Disagree,Neither Agree nor Disagree,Agree,Neither Agree nor Disagree,Disagree,Strongly Disagree,Disagree,Disagree,Disagree,Agree,Neither Agree nor Disagree,Agree,Disagree,Agree,Disagree,Neither Agree nor Disagree,Disagree,Neither Agree nor Disagree,Disagree,Disagree,Neither Agree nor Disagree,Neither Agree nor Disagree,Disagree,Always,Sometimes,Sometimes
10/5/2026 11:43:11,Both digital and physical monitoring,BPO or ITES,2 to 5 years,50 to 500 employees,Female,Individual contributor or entry level,Agree,Agree,Disagree,Agree,Agree,Agree,Agree,Agree,Neither Agree nor Disagree,Neither Agree nor Disagree,Neither Agree nor Disagree,Agree,Neither Agree nor Disagree,Disagree,Neither Agree nor Disagree,Disagree,Neither Agree nor Disagree,Neither Agree nor Disagree,Neither Agree nor Disagree,Neither Agree nor Disagree,Disagree,Agree,Disagree,Neither Agree nor Disagree,Disagree,Neither Agree nor Disagree,Disagree,Neither Agree nor Disagree,Strongly Disagree,Agree,Disagree,Rarely,Never,Rarely
10/5/2026 11:44:13,Both digital and physical monitoring,IT or Software Services,More than 10 years,50 to 500 employees,Male,"Middle management (team lead, manager)",Disagree,Agree,Strongly Disagree,Agree,Agree,Agree,Neither Agree nor Disagree,Neither Agree nor Disagree,Agree,Agree,Agree,Agree,Agree,Strongly Agree,Agree,Agree,Agree,Agree,Disagree,Agree,Disagree,Agree,Disagree,Strongly Disagree,Disagree,Agree,Neither Agree nor Disagree,Neither Agree nor Disagree,Neither Agree nor Disagree,Neither Agree nor Disagree,Disagree,Rarely,Rarely,Rarely
10/5/2026 11:44:38,"Physical monitoring only (CCTV, biometric access, desk-time tracking)",IT or Software Services,6 to 10 years,More than 500 employees,Male,Individual contributor or entry level,Strongly Agree,Strongly Agree,Neither Agree nor Disagree,Neither Agree nor Disagree,Disagree,Neither Agree nor Disagree,Neither Agree nor Disagree,Disagree,Disagree,Strongly Disagree,Disagree,Strongly Disagree,Strongly Disagree,Disagree,Strongly Disagree,Disagree,Neither Agree nor Disagree,Agree,Disagree,Neither Agree nor Disagree,Strongly Disagree,Agree,Disagree,Disagree,Disagree,Disagree,Disagree,Disagree,Disagree,Disagree,Disagree,Sometimes,Rarely,Sometimes
10/5/2026 11:45:34,Both digital and physical monitoring,BPO or ITES,6 to 10 years,More than 500 employees,Female,"Middle management (team lead, manager)",Neither Agree nor Disagree,Disagree,Neither Agree nor Disagree,Agree,Neither Agree nor Disagree,Agree,Agree,Agree,Agree,Neither Agree nor Disagree,Neither Agree nor Disagree,Neither Agree nor Disagree,Agree,Agree,Neither Agree nor Disagree,Neither Agree nor Disagree,Neither Agree nor Disagree,Disagree,Neither Agree nor Disagree,Disagree,Neither Agree nor Disagree,Neither Agree nor Disagree,Neither Agree nor Disagree,Neither Agree nor Disagree,Disagree,Neither Agree nor Disagree,Agree,Disagree,Neither Agree nor Disagree,Neither Agree nor Disagree,Agree,Always,Often,Often
10/5/2026 11:47:31,Both digital and physical monitoring,Other,2 to 5 years,50 to 500 employees,Female,Individual contributor or entry level,Neither Agree nor Disagree,Strongly Agree,Neither Agree nor Disagree,Neither Agree nor Disagree,Agree,Neither Agree nor Disagree,Agree,Neither Agree nor Disagree,Agree,Disagree,Neither Agree nor Disagree,Neither Agree nor Disagree,Disagree,Disagree,Disagree,Disagree,Disagree,Agree,Disagree,Agree,Neither Agree nor Disagree,Agree,Neither Agree nor Disagree,Neither Agree nor Disagree,Disagree,Neither Agree nor Disagree,Neither Agree nor Disagree,Neither Agree nor Disagree,Agree,Neither Agree nor Disagree,Agree,Sometimes,Often,Often
10/5/2026 11:48:56,Software or digital monitoring only,Consulting,Less than 2 years,50 to 500 employees,Female,Individual contributor or entry level,Neither Agree nor Disagree,Agree,Agree,Neither Agree nor Disagree,Neither Agree nor Disagree,Neither Agree nor Disagree,Agree,Agree,Disagree,Disagree,Disagree,Neither Agree nor Disagree,Disagree,Disagree,Strongly Disagree,Disagree,Disagree,Agree,Neither Agree nor Disagree,Agree,Neither Agree nor Disagree,Neither Agree nor Disagree,Disagree,Neither Agree nor Disagree,Disagree,Neither Agree nor Disagree,Neither Agree nor Disagree,Disagree,Agree,Disagree,Neither Agree nor Disagree,Rarely,Rarely,Rarely
10/5/2026 11:50:48,Both digital and physical monitoring,Consulting,Less than 2 years,50 to 500 employees,Female,Individual contributor or entry level,Neither Agree nor Disagree,Disagree,Strongly Agree,Strongly Agree,Agree,Strongly Agree,Agree,Strongly Agree,Agree,Agree,Strongly Agree,Agree,Agree,Agree,Agree,Strongly Agree,Strongly Agree,Disagree,Agree,Disagree,Strongly Agree,Strongly Disagree,Agree,Neither Agree nor Disagree,Disagree,Neither Agree nor Disagree,Agree,Agree,Neither Agree nor Disagree,Agree,Neither Agree nor Disagree,Sometimes,Sometimes,Sometimes
10/5/2026 11:55:09,Software or digital monitoring only,Consulting,2 to 5 years,More than 500 employees,Male,Senior leadership (director and above),Neither Agree nor Disagree,Neither Agree nor Disagree,Strongly Disagree,Agree,Agree,Disagree,Neither Agree nor Disagree,Strongly Agree,Disagree,Disagree,Neither Agree nor Disagree,Agree,Strongly Disagree,Strongly Disagree,Strongly Disagree,Strongly Disagree,Strongly Disagree,Neither Agree nor Disagree,Disagree,Agree,Disagree,Agree,Disagree,Disagree,Disagree,Neither Agree nor Disagree,Agree,Neither Agree nor Disagree,Agree,Neither Agree nor Disagree,Neither Agree nor Disagree,Sometimes,Never,Rarely
10/5/2026 11:59:29,"Physical monitoring only (CCTV, biometric access, desk-time tracking)",IT or Software Services,2 to 5 years,More than 500 employees,Male,Individual contributor or entry level,Neither Agree nor Disagree,Agree,Strongly Agree,Disagree,Disagree,Neither Agree nor Disagree,Neither Agree nor Disagree,Agree,Neither Agree nor Disagree,Disagree,Disagree,Disagree,Neither Agree nor Disagree,Disagree,Strongly Disagree,Disagree,Disagree,Strongly Agree,Disagree,Agree,Disagree,Neither Agree nor Disagree,Neither Agree nor Disagree,Neither Agree nor Disagree,Disagree,Neither Agree nor Disagree,Agree,Neither Agree nor Disagree,Neither Agree nor Disagree,Neither Agree nor Disagree,Disagree,Sometimes,Sometimes,Rarely
10/5/2026 12:03:37,Both digital and physical monitoring,IT or Software Services,More than 10 years,More than 500 employees,Prefer not to say,Individual contributor or entry level,Agree,Agree,Strongly Disagree,Agree,Agree,Agree,Neither Agree nor Disagree,Agree,Strongly Agree,Strongly Agree,Agree,Strongly Agree,Disagree,Disagree,Disagree,Disagree,Strongly Disagree,Disagree,Agree,Disagree,Agree,Strongly Disagree,Strongly Agree,Strongly Agree,Disagree,Strongly Agree,Strongly Agree,Strongly Agree,Strongly Agree,Strongly Agree,Strongly Agree,Rarely,Never,Rarely
10/5/2026 12:06:14,Software or digital monitoring only,Other,2 to 5 years,Fewer than 50 employees,Male,Senior leadership (director and above),Agree,Agree,Agree,Neither Agree nor Disagree,Neither Agree nor Disagree,Disagree,Neither Agree nor Disagree,Neither Agree nor Disagree,Neither Agree nor Disagree,Disagree,Disagree,Neither Agree nor Disagree,Disagree,Neither Agree nor Disagree,Neither Agree nor Disagree,Neither Agree nor Disagree,Disagree,Disagree,Strongly Agree,Disagree,Agree,Neither Agree nor Disagree,Agree,Agree,Disagree,Agree,Agree,Agree,Neither Agree nor Disagree,Neither Agree nor Disagree,Agree,Rarely,Sometimes,Sometimes
10/5/2026 12:08:16,Software or digital monitoring only,BPO or ITES,Less than 2 years,50 to 500 employees,Male,Individual contributor or entry level,Neither Agree nor Disagree,Agree,Neither Agree nor Disagree,Strongly Agree,Agree,Strongly Disagree,Neither Agree nor Disagree,Agree,Neither Agree nor Disagree,Neither Agree nor Disagree,Agree,Agree,Strongly Disagree,Strongly Disagree,Strongly Disagree,Disagree,Strongly Disagree,Strongly Agree,Strongly Disagree,Strongly Agree,Strongly Disagree,Strongly Agree,Disagree,Strongly Disagree,Disagree,Neither Agree nor Disagree,Neither Agree nor Disagree,Neither Agree nor Disagree,Neither Agree nor Disagree,Agree,Agree,Never,Never,Never
10/5/2026 12:08:47,Software or digital monitoring only,IT or Software Services,Less than 2 years,50 to 500 employees,Female,Individual contributor or entry level,Strongly Agree,Strongly Agree,Neither Agree nor Disagree,Agree,Agree,Disagree,Strongly Agree,Agree,Agree,Agree,Agree,Agree,Disagree,Disagree,Disagree,Strongly Disagree,Disagree,Agree,Disagree,Agree,Neither Agree nor Disagree,Agree,Disagree,Disagree,Disagree,Agree,Agree,Agree,Neither Agree nor Disagree,Neither Agree nor Disagree,Neither Agree nor Disagree,Sometimes,Sometimes,Sometimes
10/5/2026 12:11:51,Both digital and physical monitoring,IT or Software Services,6 to 10 years,More than 500 employees,Female,Individual contributor or entry level,Agree,Disagree,Agree,Agree,Strongly Agree,Strongly Agree,Agree,Strongly Agree,Agree,Neither Agree nor Disagree,Agree,Strongly Agree,Neither Agree nor Disagree,Disagree,Disagree,Disagree,Disagree,Agree,Disagree,Agree,Strongly Disagree,Strongly Agree,Strongly Disagree,Disagree,Disagree,Disagree,Disagree,Disagree,Neither Agree nor Disagree,Strongly Disagree,Neither Agree nor Disagree,Never,Never,Never
10/5/2026 12:12:06,Software or digital monitoring only,Consulting,2 to 5 years,More than 500 employees,Female,"Middle management (team lead, manager)",Disagree,Neither Agree nor Disagree,Disagree,Agree,Agree,Disagree,Agree,Agree,Neither Agree nor Disagree,Agree,Strongly Agree,Neither Agree nor Disagree,Neither Agree nor Disagree,Neither Agree nor Disagree,Agree,Disagree,Neither Agree nor Disagree,Disagree,Neither Agree nor Disagree,Disagree,Neither Agree nor Disagree,Disagree,Agree,Agree,Disagree,Neither Agree nor Disagree,Agree,Neither Agree nor Disagree,Neither Agree nor Disagree,Neither Agree nor Disagree,Neither Agree nor Disagree,Never,Rarely,Never
10/5/2026 12:12:29,"Physical monitoring only (CCTV, biometric access, desk-time tracking)",IT or Software Services,2 to 5 years,More than 500 employees,Male,Individual contributor or entry level,Strongly Agree,Strongly Agree,Agree,Disagree,Strongly Disagree,Disagree,Disagree,Disagree,Strongly Disagree,Strongly Disagree,Disagree,Neither Agree nor Disagree,Agree,Agree,Agree,Agree,Strongly Agree,Disagree,Agree,Strongly Disagree,Agree,Strongly Disagree,Strongly Agree,Strongly Agree,Disagree,Strongly Agree,Agree,Strongly Agree,Agree,Agree,Neither Agree nor Disagree,Sometimes,Sometimes,Sometimes
10/5/2026 12:12:48,Both digital and physical monitoring,Manufacturing or Other Corporate,2 to 5 years,More than 500 employees,Male,"Middle management (team lead, manager)",Disagree,Disagree,Agree,Agree,Agree,Agree,Neither Agree nor Disagree,Agree,Disagree,Disagree,Disagree,Disagree,Strongly Agree,Agree,Strongly Agree,Strongly Agree,Strongly Agree,Strongly Disagree,Strongly Agree,Strongly Disagree,Strongly Agree,Strongly Disagree,Strongly Agree,Strongly Agree,Disagree,Strongly Agree,Agree,Strongly Agree,Strongly Agree,Agree,Strongly Agree,Always,Always,Always
10/5/2026 12:13:13,Software or digital monitoring only,IT or Software Services,2 to 5 years,50 to 500 employees,Male,Senior leadership (director and above),Neither Agree nor Disagree,Neither Agree nor Disagree,Strongly Disagree,Neither Agree nor Disagree,Neither Agree nor Disagree,Strongly Disagree,Agree,Neither Agree nor Disagree,Neither Agree nor Disagree,Neither Agree nor Disagree,Neither Agree nor Disagree,Agree,Disagree,Neither Agree nor Disagree,Disagree,Neither Agree nor Disagree,Disagree,Strongly Agree,Strongly Disagree,Strongly Agree,Strongly Disagree,Strongly Agree,Disagree,Strongly Disagree,Disagree,Disagree,Disagree,Neither Agree nor Disagree,Neither Agree nor Disagree,Disagree,Disagree,Rarely,Rarely,Rarely
10/5/2026 12:13:54,Both digital and physical monitoring,IT or Software Services,6 to 10 years,More than 500 employees,Non-binary or Other,Senior leadership (director and above),Agree,Disagree,Disagree,Agree,Agree,Agree,Neither Agree nor Disagree,Agree,Neither Agree nor Disagree,Disagree,Agree,Agree,Agree,Agree,Strongly Agree,Agree,Agree,Neither Agree nor Disagree,Agree,Disagree,Agree,Disagree,Neither Agree nor Disagree,Agree,Disagree,Neither Agree nor Disagree,Neither Agree nor Disagree,Disagree,Neither Agree nor Disagree,Neither Agree nor Disagree,Strongly Disagree,Sometimes,Often,Often
10/5/2026 12:14:42,Both digital and physical monitoring,IT or Software Services,2 to 5 years,Fewer than 50 employees,Male,"Middle management (team lead, manager)",Strongly Agree,Strongly Agree,Strongly Disagree,Neither Agree nor Disagree,Disagree,Disagree,Disagree,Disagree,Neither Agree nor Disagree,Neither Agree nor Disagree,Disagree,Disagree,Agree,Strongly Agree,Agree,Agree,Neither Agree nor Disagree,Strongly Disagree,Strongly Agree,Strongly Disagree,Agree,Disagree,Agree,Agree,Disagree,Strongly Agree,Strongly Agree,Strongly Agree,Strongly Agree,Strongly Agree,Strongly Agree,Always,Often,Often
10/5/2026 12:15:21,"Physical monitoring only (CCTV, biometric access, desk-time tracking)",Consulting,Less than 2 years,More than 500 employees,Male,Individual contributor or entry level,Neither Agree nor Disagree,Agree,Neither Agree nor Disagree,Neither Agree nor Disagree,Strongly Disagree,Agree,Disagree,Neither Agree nor Disagree,Disagree,Strongly Disagree,Neither Agree nor Disagree,Neither Agree nor Disagree,Agree,Agree,Agree,Neither Agree nor Disagree,Agree,Neither Agree nor Disagree,Agree,Disagree,Disagree,Disagree,Agree,Neither Agree nor Disagree,Disagree,Neither Agree nor Disagree,Neither Agree nor Disagree,Agree,Agree,Agree,Agree,Sometimes,Rarely,Rarely
10/5/2026 12:16:32,"Physical monitoring only (CCTV, biometric access, desk-time tracking)",IT or Software Services,6 to 10 years,50 to 500 employees,Prefer not to say,Individual contributor or entry level,Agree,Strongly Agree,Strongly Disagree,Agree,Disagree,Agree,Neither Agree nor Disagree,Strongly Agree,Strongly Agree,Agree,Agree,Agree,Strongly Disagree,Strongly Disagree,Strongly Disagree,Strongly Disagree,Strongly Disagree,Strongly Agree,Strongly Disagree,Strongly Agree,Strongly Disagree,Strongly Agree,Strongly Disagree,Strongly Disagree,Disagree,Disagree,Disagree,Disagree,Strongly Disagree,Disagree,Disagree,Never,Rarely,Rarely
10/5/2026 12:17:28,Software or digital monitoring only,IT or Software Services,2 to 5 years,50 to 500 employees,Female,"Middle management (team lead, manager)",Agree,Agree,Disagree,Strongly Agree,Strongly Agree,Disagree,Strongly Agree,Strongly Agree,Strongly Agree,Agree,Strongly Agree,Strongly Agree,Neither Agree nor Disagree,Disagree,Neither Agree nor Disagree,Agree,Neither Agree nor Disagree,Neither Agree nor Disagree,Neither Agree nor Disagree,Agree,Neither Agree nor Disagree,Agree,Disagree,Disagree,Disagree,Agree,Agree,Neither Agree nor Disagree,Neither Agree nor Disagree,Neither Agree nor Disagree,Neither Agree nor Disagree,Sometimes,Sometimes,Sometimes
10/5/2026 12:18:41,Software or digital monitoring only,IT or Software Services,6 to 10 years,50 to 500 employees,Male,"Middle management (team lead, manager)",Agree,Neither Agree nor Disagree,Neither Agree nor Disagree,Strongly Agree,Strongly Agree,Disagree,Strongly Agree,Strongly Agree,Neither Agree nor Disagree,Neither Agree nor Disagree,Agree,Agree,Strongly Disagree,Strongly Disagree,Strongly Disagree,Strongly Disagree,Strongly Disagree,Agree,Strongly Disagree,Strongly Agree,Strongly Disagree,Strongly Agree,Strongly Disagree,Strongly Disagree,Disagree,Disagree,Disagree,Disagree,Disagree,Strongly Disagree,Disagree,Never,Never,Never
10/5/2026 12:19:56,Both digital and physical monitoring,IT or Software Services,Less than 2 years,Fewer than 50 employees,Female,Individual contributor or entry level,Agree,Agree,Agree,Agree,Agree,Strongly Agree,Agree,Agree,Agree,Agree,Agree,Agree,Neither Agree nor Disagree,Agree,Neither Agree nor Disagree,Neither Agree nor Disagree,Agree,Agree,Neither Agree nor Disagree,Neither Agree nor Disagree,Disagree,Neither Agree nor Disagree,Agree,Neither Agree nor Disagree,Disagree,Disagree,Agree,Agree,Neither Agree nor Disagree,Neither Agree nor Disagree,Neither Agree nor Disagree,Rarely,Rarely,Sometimes
10/5/2026 12:21:08,Software or digital monitoring only,Consulting,2 to 5 years,More than 500 employees,Male,Senior leadership (director and above),Neither Agree nor Disagree,Strongly Agree,Strongly Disagree,Strongly Agree,Strongly Agree,Disagree,Strongly Agree,Strongly Agree,Agree,Strongly Agree,Strongly Agree,Strongly Agree,Strongly Disagree,Strongly Disagree,Disagree,Strongly Disagree,Strongly Disagree,Strongly Agree,Disagree,Agree,Strongly Disagree,Agree,Strongly Disagree,Disagree,Disagree,Neither Agree nor Disagree,Neither Agree nor Disagree,Neither Agree nor Disagree,Agree,Neither Agree nor Disagree,Neither Agree nor Disagree,Rarely,Rarely,Rarely
10/5/2026 12:23:19,Both digital and physical monitoring,IT or Software Services,6 to 10 years,Fewer than 50 employees,Male,Individual contributor or entry level,Agree,Strongly Agree,Strongly Agree,Agree,Agree,Agree,Agree,Agree,Neither Agree nor Disagree,Neither Agree nor Disagree,Agree,Neither Agree nor Disagree,Neither Agree nor Disagree,Disagree,Disagree,Disagree,Disagree,Neither Agree nor Disagree,Neither Agree nor Disagree,Neither Agree nor Disagree,Agree,Disagree,Neither Agree nor Disagree,Agree,Disagree,Neither Agree nor Disagree,Disagree,Disagree,Disagree,Disagree,Disagree,Sometimes,Rarely,Sometimes
10/5/2026 12:28:16,Software or digital monitoring only,IT or Software Services,More than 10 years,More than 500 employees,Male,"Middle management (team lead, manager)",Agree,Agree,Disagree,Agree,Agree,Disagree,Neither Agree nor Disagree,Agree,Neither Agree nor Disagree,Neither Agree nor Disagree,Neither Agree nor Disagree,Agree,Strongly Disagree,Strongly Disagree,Strongly Disagree,Strongly Disagree,Strongly Disagree,Strongly Agree,Strongly Disagree,Agree,Strongly Disagree,Agree,Strongly Disagree,Strongly Disagree,Disagree,Strongly Disagree,Disagree,Disagree,Strongly Disagree,Strongly Disagree,Disagree,Never,Never,Never
10/5/2026 12:33:17,Software or digital monitoring only,Manufacturing or Other Corporate,6 to 10 years,50 to 500 employees,Male,"Middle management (team lead, manager)",Disagree,Strongly Agree,Disagree,Neither Agree nor Disagree,Agree,Disagree,Disagree,Neither Agree nor Disagree,Disagree,Disagree,Disagree,Disagree,Agree,Agree,Neither Agree nor Disagree,Neither Agree nor Disagree,Neither Agree nor Disagree,Neither Agree nor Disagree,Neither Agree nor Disagree,Disagree,Neither Agree nor Disagree,Neither Agree nor Disagree,Neither Agree nor Disagree,Disagree,Disagree,Neither Agree nor Disagree,Neither Agree nor Disagree,Neither Agree nor Disagree,Neither Agree nor Disagree,Neither Agree nor Disagree,Disagree,Rarely,Sometimes,Sometimes
10/5/2026 12:33:45,Both digital and physical monitoring,IT or Software Services,2 to 5 years,Fewer than 50 employees,Male,Individual contributor or entry level,Neither Agree nor Disagree,Agree,Strongly Agree,Strongly Agree,Agree,Neither Agree nor Disagree,Strongly Agree,Agree,Strongly Disagree,Strongly Disagree,Agree,Agree,Agree,Agree,Agree,Strongly Agree,Agree,Disagree,Strongly Agree,Strongly Disagree,Agree,Strongly Disagree,Agree,Strongly Agree,Disagree,Agree,Agree,Strongly Agree,Neither Agree nor Disagree,Neither Agree nor Disagree,Agree,Sometimes,Often,Sometimes
10/5/2026 12:34:19,Both digital and physical monitoring,IT or Software Services,Less than 2 years,More than 500 employees,Prefer not to say,Individual contributor or entry level,Strongly Agree,Agree,Strongly Disagree,Agree,Agree,Agree,Agree,Agree,Disagree,Strongly Disagree,Neither Agree nor Disagree,Agree,Neither Agree nor Disagree,Disagree,Neither Agree nor Disagree,Neither Agree nor Disagree,Neither Agree nor Disagree,Disagree,Agree,Disagree,Agree,Disagree,Agree,Neither Agree nor Disagree,Disagree,Strongly Agree,Strongly Agree,Strongly Agree,Strongly Agree,Strongly Agree,Strongly Agree,Often,Sometimes,Often
10/5/2026 12:38:28,Both digital and physical monitoring,IT or Software Services,6 to 10 years,50 to 500 employees,Female,Senior leadership (director and above),Neither Agree nor Disagree,Neither Agree nor Disagree,Strongly Disagree,Disagree,Disagree,Neither Agree nor Disagree,Disagree,Disagree,Disagree,Disagree,Disagree,Disagree,Agree,Agree,Agree,Agree,Agree,Strongly Agree,Disagree,Agree,Disagree,Agree,Neither Agree nor Disagree,Disagree,Disagree,Strongly Agree,Agree,Strongly Agree,Agree,Strongly Agree,Agree,Sometimes,Rarely,Rarely
10/5/2026 12:39:40,Software or digital monitoring only,Other,6 to 10 years,More than 500 employees,Male,Individual contributor or entry level,Neither Agree nor Disagree,Agree,Agree,Agree,Agree,Disagree,Neither Agree nor Disagree,Agree,Disagree,Neither Agree nor Disagree,Agree,Agree,Neither Agree nor Disagree,Disagree,Neither Agree nor Disagree,Disagree,Disagree,Neither Agree nor Disagree,Neither Agree nor Disagree,Neither Agree nor Disagree,Neither Agree nor Disagree,Disagree,Neither Agree nor Disagree,Neither Agree nor Disagree,Disagree,Neither Agree nor Disagree,Neither Agree nor Disagree,Agree,Agree,Neither Agree nor Disagree,Agree,Sometimes,Sometimes,Sometimes
10/5/2026 12:41:00,Both digital and physical monitoring,Consulting,2 to 5 years,More than 500 employees,Prefer not to say,"Middle management (team lead, manager)",Strongly Agree,Strongly Agree,Strongly Disagree,Strongly Agree,Strongly Agree,Strongly Agree,Strongly Agree,Strongly Agree,Neither Agree nor Disagree,Neither Agree nor Disagree,Strongly Agree,Strongly Agree,Strongly Disagree,Disagree,Disagree,Strongly Disagree,Disagree,Neither Agree nor Disagree,Disagree,Agree,Disagree,Agree,Disagree,Disagree,Disagree,Strongly Agree,Agree,Agree,Strongly Agree,Strongly Agree,Strongly Agree,Sometimes,Rarely,Rarely
10/5/2026 12:41:24,Software or digital monitoring only,Consulting,2 to 5 years,More than 500 employees,Female,Individual contributor or entry level,Neither Agree nor Disagree,Agree,Strongly Agree,Strongly Agree,Strongly Agree,Disagree,Agree,Strongly Agree,Neither Agree nor Disagree,Neither Agree nor Disagree,Strongly Agree,Strongly Agree,Neither Agree nor Disagree,Neither Agree nor Disagree,Neither Agree nor Disagree,Disagree,Neither Agree nor Disagree,Neither Agree nor Disagree,Neither Agree nor Disagree,Disagree,Agree,Neither Agree nor Disagree,Agree,Neither Agree nor Disagree,Disagree,Neither Agree nor Disagree,Neither Agree nor Disagree,Agree,Agree,Agree,Neither Agree nor Disagree,Sometimes,Rarely,Rarely
10/5/2026 12:43:02,Software or digital monitoring only,IT or Software Services,2 to 5 years,50 to 500 employees,Female,Individual contributor or entry level,Disagree,Neither Agree nor Disagree,Strongly Agree,Agree,Neither Agree nor Disagree,Disagree,Neither Agree nor Disagree,Agree,Strongly Disagree,Strongly Disagree,Neither Agree nor Disagree,Neither Agree nor Disagree,Strongly Agree,Strongly Agree,Strongly Agree,Strongly Agree,Strongly Agree,Strongly Disagree,Strongly Agree,Strongly Disagree,Strongly Agree,Disagree,Agree,Strongly Agree,Disagree,Agree,Neither Agree nor Disagree,Agree,Agree,Neither Agree nor Disagree,Agree,Sometimes,Sometimes,Sometimes
10/5/2026 12:43:29,I am not sure,Manufacturing or Other Corporate,2 to 5 years,50 to 500 employees,Female,"Middle management (team lead, manager)",Neither Agree nor Disagree,Strongly Agree,Disagree,Neither Agree nor Disagree,Strongly Disagree,Disagree,Strongly Disagree,Neither Agree nor Disagree,Strongly Disagree,Strongly Disagree,Disagree,Neither Agree nor Disagree,Neither Agree nor Disagree,Neither Agree nor Disagree,Neither Agree nor Disagree,Disagree,Neither Agree nor Disagree,Disagree,Agree,Disagree,Agree,Disagree,Agree,Neither Agree nor Disagree,Disagree,Agree,Agree,Agree,Strongly Agree,Neither Agree nor Disagree,Agree,Sometimes,Sometimes,Sometimes
10/5/2026 12:45:51,Software or digital monitoring only,BPO or ITES,More than 10 years,More than 500 employees,Female,Individual contributor or entry level,Strongly Agree,Agree,Strongly Agree,Neither Agree nor Disagree,Neither Agree nor Disagree,Disagree,Neither Agree nor Disagree,Disagree,Neither Agree nor Disagree,Neither Agree nor Disagree,Disagree,Neither Agree nor Disagree,Strongly Agree,Neither Agree nor Disagree,Neither Agree nor Disagree,Agree,Agree,Neither Agree nor Disagree,Disagree,Neither Agree nor Disagree,Neither Agree nor Disagree,Neither Agree nor Disagree,Neither Agree nor Disagree,Neither Agree nor Disagree,Disagree,Agree,Neither Agree nor Disagree,Agree,Agree,Neither Agree nor Disagree,Neither Agree nor Disagree,Rarely,Rarely,Rarely
10/5/2026 12:46:10,Both digital and physical monitoring,BPO or ITES,6 to 10 years,50 to 500 employees,Male,"Middle management (team lead, manager)",Strongly Disagree,Disagree,Agree,Strongly Agree,Strongly Agree,Strongly Agree,Strongly Agree,Strongly Agree,Agree,Agree,Strongly Agree,Strongly Agree,Neither Agree nor Disagree,Neither Agree nor Disagree,Neither Agree nor Disagree,Neither Agree nor Disagree,Agree,Disagree,Disagree,Neither Agree nor Disagree,Agree,Disagree,Neither Agree nor Disagree,Disagree,Disagree,Neither Agree nor Disagree,Disagree,Neither Agree nor Disagree,Disagree,Neither Agree nor Disagree,Neither Agree nor Disagree,Rarely,Rarely,Rarely
10/5/2026 12:46:29,Software or digital monitoring only,IT or Software Services,2 to 5 years,50 to 500 employees,Female,Individual contributor or entry level,Disagree,Strongly Agree,Disagree,Agree,Agree,Neither Agree nor Disagree,Agree,Strongly Agree,Agree,Agree,Agree,Agree,Disagree,Disagree,Disagree,Disagree,Disagree,Neither Agree nor Disagree,Neither Agree nor Disagree,Agree,Neither Agree nor Disagree,Disagree,Neither Agree nor Disagree,Neither Agree nor Disagree,Disagree,Neither Agree nor Disagree,Agree,Neither Agree nor Disagree,Neither Agree nor Disagree,Neither Agree nor Disagree,Neither Agree nor Disagree,Never,Never,Never
10/5/2026 12:46:47,Software or digital monitoring only,IT or Software Services,6 to 10 years,50 to 500 employees,Female,Individual contributor or entry level,Strongly Agree,Agree,Strongly Agree,Agree,Strongly Agree,Disagree,Agree,Agree,Neither Agree nor Disagree,Neither Agree nor Disagree,Agree,Strongly Agree,Strongly Agree,Strongly Agree,Strongly Agree,Strongly Agree,Strongly Agree,Neither Agree nor Disagree,Agree,Neither Agree nor Disagree,Agree,Disagree,Agree,Agree,Disagree,Neither Agree nor Disagree,Neither Agree nor Disagree,Neither Agree nor Disagree,Neither Agree nor Disagree,Disagree,Neither Agree nor Disagree,Always,Often,Often
10/5/2026 12:47:16,Software or digital monitoring only,Consulting,2 to 5 years,More than 500 employees,Female,Individual contributor or entry level,Strongly Agree,Neither Agree nor Disagree,Strongly Agree,Agree,Agree,Disagree,Neither Agree nor Disagree,Agree,Disagree,Strongly Disagree,Neither Agree nor Disagree,Agree,Agree,Agree,Agree,Agree,Neither Agree nor Disagree,Neither Agree nor Disagree,Agree,Neither Agree nor Disagree,Agree,Neither Agree nor Disagree,Neither Agree nor Disagree,Agree,Disagree,Agree,Strongly Agree,Strongly Agree,Strongly Agree,Agree,Strongly Agree,Sometimes,Sometimes,Sometimes
10/5/2026 12:47:40,Software or digital monitoring only,IT or Software Services,2 to 5 years,50 to 500 employees,Male,Individual contributor or entry level,Agree,Disagree,Strongly Agree,Neither Agree nor Disagree,Agree,Disagree,Disagree,Neither Agree nor Disagree,Neither Agree nor Disagree,Neither Agree nor Disagree,Neither Agree nor Disagree,Neither Agree nor Disagree,Neither Agree nor Disagree,Agree,Agree,Neither Agree nor Disagree,Neither Agree nor Disagree,Agree,Neither Agree nor Disagree,Neither Agree nor Disagree,Disagree,Disagree,Neither Agree nor Disagree,Neither Agree nor Disagree,Disagree,Neither Agree nor Disagree,Disagree,Disagree,Neither Agree nor Disagree,Neither Agree nor Disagree,Disagree,Often,Often,Often
10/5/2026 12:48:22,Both digital and physical monitoring,IT or Software Services,Less than 2 years,More than 500 employees,Female,"Middle management (team lead, manager)",Disagree,Agree,Strongly Agree,Agree,Neither Agree nor Disagree,Agree,Agree,Neither Agree nor Disagree,Disagree,Strongly Disagree,Neither Agree nor Disagree,Agree,Strongly Agree,Strongly Agree,Strongly Agree,Strongly Agree,Strongly Agree,Strongly Disagree,Agree,Strongly Disagree,Agree,Strongly Disagree,Strongly Agree,Strongly Agree,Disagree,Agree,Agree,Agree,Agree,Agree,Agree,Often,Often,Often
10/5/2026 12:49:00,Software or digital monitoring only,Manufacturing or Other Corporate,6 to 10 years,More than 500 employees,Female,Individual contributor or entry level,Agree,Agree,Strongly Disagree,Strongly Agree,Agree,Disagree,Strongly Agree,Strongly Agree,Disagree,Strongly Disagree,Strongly Agree,Agree,Disagree,Neither Agree nor Disagree,Disagree,Neither Agree nor Disagree,Neither Agree nor Disagree,Neither Agree nor Disagree,Neither Agree nor Disagree,Disagree,Agree,Disagree,Neither Agree nor Disagree,Agree,Disagree,Neither Agree nor Disagree,Neither Agree nor Disagree,Disagree,Neither Agree nor Disagree,Disagree,Disagree,Rarely,Rarely,Rarely
10/5/2026 12:49:49,Software or digital monitoring only,Other,Less than 2 years,50 to 500 employees,Female,Individual contributor or entry level,Neither Agree nor Disagree,Strongly Agree,Neither Agree nor Disagree,Agree,Agree,Strongly Disagree,Strongly Agree,Agree,Neither Agree nor Disagree,Disagree,Agree,Strongly Agree,Agree,Agree,Neither Agree nor Disagree,Neither Agree nor Disagree,Neither Agree nor Disagree,Disagree,Neither Agree nor Disagree,Neither Agree nor Disagree,Neither Agree nor Disagree,Disagree,Neither Agree nor Disagree,Disagree,Disagree,Agree,Agree,Neither Agree nor Disagree,Agree,Agree,Agree,Rarely,Sometimes,Sometimes
10/5/2026 12:50:52,Software or digital monitoring only,BPO or ITES,2 to 5 years,50 to 500 employees,Male,Individual contributor or entry level,Disagree,Neither Agree nor Disagree,Strongly Agree,Agree,Agree,Strongly Disagree,Neither Agree nor Disagree,Agree,Neither Agree nor Disagree,Disagree,Agree,Agree,Agree,Neither Agree nor Disagree,Agree,Agree,Disagree,Disagree,Neither Agree nor Disagree,Neither Agree nor Disagree,Agree,Neither Agree nor Disagree,Agree,Agree,Disagree,Neither Agree nor Disagree,Neither Agree nor Disagree,Agree,Neither Agree nor Disagree,Neither Agree nor Disagree,Agree,Often,Sometimes,Often
10/5/2026 12:52:02,Software or digital monitoring only,Consulting,2 to 5 years,More than 500 employees,Female,Senior leadership (director and above),Disagree,Strongly Disagree,Strongly Agree,Strongly Agree,Strongly Agree,Disagree,Agree,Strongly Agree,Neither Agree nor Disagree,Neither Agree nor Disagree,Agree,Agree,Agree,Strongly Agree,Neither Agree nor Disagree,Agree,Agree,Disagree,Agree,Disagree,Agree,Disagree,Neither Agree nor Disagree,Neither Agree nor Disagree,Disagree,Strongly Disagree,Disagree,Disagree,Disagree,Strongly Disagree,Strongly Disagree,Rarely,Rarely,Never
10/5/2026 12:53:09,Both digital and physical monitoring,IT or Software Services,2 to 5 years,50 to 500 employees,Female,"Middle management (team lead, manager)",Agree,Disagree,Agree,Disagree,Neither Agree nor Disagree,Neither Agree nor Disagree,Neither Agree nor Disagree,Neither Agree nor Disagree,Disagree,Disagree,Neither Agree nor Disagree,Neither Agree nor Disagree,Neither Agree nor Disagree,Neither Agree nor Disagree,Neither Agree nor Disagree,Neither Agree nor Disagree,Disagree,Neither Agree nor Disagree,Neither Agree nor Disagree,Neither Agree nor Disagree,Neither Agree nor Disagree,Agree,Neither Agree nor Disagree,Neither Agree nor Disagree,Disagree,Agree,Agree,Agree,Agree,Agree,Agree,Often,Often,Often
10/5/2026 12:53:28,Both digital and physical monitoring,BPO or ITES,More than 10 years,50 to 500 employees,Non-binary or Other,Individual contributor or entry level,Strongly Agree,Disagree,Disagree,Agree,Strongly Agree,Strongly Agree,Agree,Agree,Neither Agree nor Disagree,Disagree,Agree,Agree,Agree,Agree,Agree,Neither Agree nor Disagree,Neither Agree nor Disagree,Strongly Agree,Disagree,Agree,Disagree,Agree,Disagree,Disagree,Disagree,Strongly Disagree,Disagree,Disagree,Disagree,Disagree,Strongly Disagree,Sometimes,Sometimes,Often
10/5/2026 12:58:05,Software or digital monitoring only,Consulting,Less than 2 years,50 to 500 employees,Female,"Middle management (team lead, manager)",Agree,Agree,Neither Agree nor Disagree,Strongly Agree,Strongly Agree,Disagree,Agree,Agree,Agree,Agree,Neither Agree nor Disagree,Agree,Strongly Disagree,Disagree,Strongly Disagree,Disagree,Disagree,Strongly Agree,Strongly Disagree,Strongly Agree,Strongly Disagree,Strongly Agree,Strongly Disagree,Strongly Disagree,Disagree,Disagree,Disagree,Disagree,Disagree,Strongly Disagree,Strongly Disagree,Sometimes,Sometimes,Rarely
10/5/2026 12:58:32,Both digital and physical monitoring,IT or Software Services,6 to 10 years,Fewer than 50 employees,Male,Senior leadership (director and above),Strongly Disagree,Disagree,Strongly Agree,Strongly Agree,Agree,Agree,Agree,Agree,Agree,Neither Agree nor Disagree,Agree,Agree,Neither Agree nor Disagree,Agree,Agree,Agree,Neither Agree nor Disagree,Disagree,Strongly Agree,Disagree,Agree,Disagree,Agree,Agree,Disagree,Neither Agree nor Disagree,Disagree,Neither Agree nor Disagree,Disagree,Neither Agree nor Disagree,Disagree,Rarely,Often,Sometimes
10/5/2026 12:58:58,Software or digital monitoring only,IT or Software Services,6 to 10 years,Fewer than 50 employees,Non-binary or Other,Individual contributor or entry level,Neither Agree nor Disagree,Strongly Agree,Neither Agree nor Disagree,Agree,Agree,Disagree,Neither Agree nor Disagree,Agree,Agree,Neither Agree nor Disagree,Neither Agree nor Disagree,Agree,Neither Agree nor Disagree,Neither Agree nor Disagree,Agree,Agree,Neither Agree nor Disagree,Neither Agree nor Disagree,Neither Agree nor Disagree,Neither Agree nor Disagree,Neither Agree nor Disagree,Neither Agree nor Disagree,Agree,Neither Agree nor Disagree,Disagree,Disagree,Disagree,Disagree,Disagree,Neither Agree nor Disagree,Neither Agree nor Disagree,Sometimes,Often,Often
10/5/2026 13:03:24,Software or digital monitoring only,Other,2 to 5 years,More than 500 employees,Male,Individual contributor or entry level,Neither Agree nor Disagree,Neither Agree nor Disagree,Agree,Strongly Agree,Strongly Agree,Disagree,Agree,Strongly Agree,Strongly Agree,Agree,Agree,Agree,Disagree,Strongly Disagree,Strongly Disagree,Strongly Disagree,Strongly Disagree,Strongly Agree,Strongly Disagree,Strongly Agree,Strongly Disagree,Agree,Strongly Disagree,Strongly Disagree,Disagree,Disagree,Disagree,Disagree,Strongly Disagree,Disagree,Strongly Disagree,Rarely,Sometimes,Rarely
10/5/2026 13:03:44,I am not monitored in any way,Other,6 to 10 years,50 to 500 employees,Female,"Middle management (team lead, manager)",Neither Agree nor Disagree,Agree,Neither Agree nor Disagree,Disagree,Strongly Disagree,Strongly Disagree,Neither Agree nor Disagree,Disagree,Disagree,Disagree,Disagree,Disagree,Disagree,Disagree,Disagree,Neither Agree nor Disagree,Disagree,Strongly Disagree,Neither Agree nor Disagree,Disagree,Strongly Agree,Disagree,Agree,Agree,Disagree,Agree,Agree,Agree,Agree,Strongly Agree,Strongly Agree,Often,Sometimes,Sometimes
10/5/2026 13:06:36,Software or digital monitoring only,IT or Software Services,2 to 5 years,More than 500 employees,Female,Individual contributor or entry level,Disagree,Neither Agree nor Disagree,Neither Agree nor Disagree,Strongly Agree,Agree,Disagree,Strongly Agree,Strongly Agree,Strongly Disagree,Strongly Disagree,Agree,Agree,Agree,Agree,Agree,Strongly Agree,Agree,Strongly Disagree,Strongly Agree,Strongly Disagree,Strongly Agree,Strongly Disagree,Strongly Agree,Strongly Agree,Disagree,Strongly Agree,Agree,Strongly Agree,Agree,Strongly Agree,Strongly Agree,Often,Often,Always
10/5/2026 13:07:58,Software or digital monitoring only,IT or Software Services,2 to 5 years,More than 500 employees,Male,Individual contributor or entry level,Agree,Neither Agree nor Disagree,Agree,Neither Agree nor Disagree,Neither Agree nor Disagree,Disagree,Disagree,Neither Agree nor Disagree,Neither Agree nor Disagree,Disagree,Neither Agree nor Disagree,Disagree,Strongly Disagree,Strongly Disagree,Strongly Disagree,Strongly Disagree,Disagree,Neither Agree nor Disagree,Disagree,Disagree,Disagree,Agree,Neither Agree nor Disagree,Disagree,Disagree,Agree,Agree,Agree,Agree,Agree,Agree,Rarely,Rarely,Sometimes
10/5/2026 13:08:29,Software or digital monitoring only,Consulting,Less than 2 years,50 to 500 employees,Female,Individual contributor or entry level,Strongly Agree,Agree,Agree,Agree,Agree,Strongly Disagree,Neither Agree nor Disagree,Agree,Neither Agree nor Disagree,Neither Agree nor Disagree,Neither Agree nor Disagree,Agree,Disagree,Neither Agree nor Disagree,Disagree,Disagree,Neither Agree nor Disagree,Agree,Disagree,Neither Agree nor Disagree,Disagree,Agree,Neither Agree nor Disagree,Disagree,Disagree,Disagree,Neither Agree nor Disagree,Disagree,Neither Agree nor Disagree,Neither Agree nor Disagree,Neither Agree nor Disagree,Sometimes,Often,Sometimes
10/5/2026 13:09:16,"Physical monitoring only (CCTV, biometric access, desk-time tracking)",Manufacturing or Other Corporate,2 to 5 years,50 to 500 employees,Female,"Middle management (team lead, manager)",Neither Agree nor Disagree,Disagree,Agree,Disagree,Strongly Disagree,Disagree,Neither Agree nor Disagree,Disagree,Strongly Disagree,Strongly Disagree,Disagree,Disagree,Agree,Strongly Agree,Agree,Neither Agree nor Disagree,Agree,Strongly Disagree,Strongly Agree,Strongly Disagree,Strongly Agree,Strongly Disagree,Strongly Agree,Strongly Agree,Disagree,Agree,Strongly Agree,Agree,Strongly Agree,Strongly Agree,Agree,Often,Often,Always
10/5/2026 13:10:33,Software or digital monitoring only,BPO or ITES,6 to 10 years,50 to 500 employees,Female,Individual contributor or entry level,Neither Agree nor Disagree,Agree,Neither Agree nor Disagree,Agree,Neither Agree nor Disagree,Disagree,Neither Agree nor Disagree,Neither Agree nor Disagree,Disagree,Neither Agree nor Disagree,Agree,Neither Agree nor Disagree,Neither Agree nor Disagree,Neither Agree nor Disagree,Disagree,Disagree,Neither Agree nor Disagree,Neither Agree nor Disagree,Disagree,Neither Agree nor Disagree,Neither Agree nor Disagree,Neither Agree nor Disagree,Neither Agree nor Disagree,Disagree,Disagree,Agree,Neither Agree nor Disagree,Agree,Agree,Neither Agree nor Disagree,Agree,Sometimes,Rarely,Sometimes
10/5/2026 13:10:53,Software or digital monitoring only,IT or Software Services,6 to 10 years,50 to 500 employees,Female,Individual contributor or entry level,Agree,Strongly Agree,Neither Agree nor Disagree,Strongly Agree,Strongly Agree,Disagree,Agree,Agree,Disagree,Disagree,Agree,Neither Agree nor Disagree,Strongly Agree,Strongly Agree,Strongly Agree,Strongly Agree,Strongly Agree,Disagree,Agree,Disagree,Agree,Disagree,Agree,Agree,Disagree,Strongly Agree,Agree,Strongly Agree,Strongly Agree,Agree,Agree,Always,Always,Always
10/5/2026 13:11:16,Software or digital monitoring only,Manufacturing or Other Corporate,More than 10 years,Fewer than 50 employees,Male,Individual contributor or entry level,Neither Agree nor Disagree,Agree,Agree,Neither Agree nor Disagree,Neither Agree nor Disagree,Disagree,Disagree,Neither Agree nor Disagree,Disagree,Strongly Disagree,Neither Agree nor Disagree,Disagree,Agree,Agree,Strongly Agree,Agree,Agree,Disagree,Neither Agree nor Disagree,Disagree,Neither Agree nor Disagree,Disagree,Neither Agree nor Disagree,Agree,Disagree,Agree,Strongly Agree,Agree,Agree,Agree,Agree,Sometimes,Sometimes,Rarely
10/5/2026 13:11:37,Software or digital monitoring only,IT or Software Services,Less than 2 years,More than 500 employees,Male,"Middle management (team lead, manager)",Agree,Strongly Agree,Disagree,Agree,Agree,Strongly Disagree,Agree,Agree,Agree,Neither Agree nor Disagree,Agree,Agree,Neither Agree nor Disagree,Agree,Neither Agree nor Disagree,Neither Agree nor Disagree,Neither Agree nor Disagree,Neither Agree nor Disagree,Neither Agree nor Disagree,Agree,Strongly Disagree,Neither Agree nor Disagree,Disagree,Neither Agree nor Disagree,Disagree,Neither Agree nor Disagree,Agree,Neither Agree nor Disagree,Neither Agree nor Disagree,Neither Agree nor Disagree,Neither Agree nor Disagree,Rarely,Sometimes,Sometimes
10/5/2026 13:12:03,"Physical monitoring only (CCTV, biometric access, desk-time tracking)",IT or Software Services,2 to 5 years,50 to 500 employees,Male,Individual contributor or entry level,Disagree,Neither Agree nor Disagree,Neither Agree nor Disagree,Agree,Strongly Disagree,Agree,Neither Agree nor Disagree,Neither Agree nor Disagree,Disagree,Disagree,Agree,Neither Agree nor Disagree,Agree,Agree,Neither Agree nor Disagree,Neither Agree nor Disagree,Neither Agree nor Disagree,Disagree,Agree,Disagree,Agree,Disagree,Agree,Agree,Disagree,Strongly Agree,Agree,Agree,Agree,Agree,Strongly Agree,Often,Often,Often
10/5/2026 13:12:48,Software or digital monitoring only,IT or Software Services,Less than 2 years,50 to 500 employees,Male,"Middle management (team lead, manager)",Strongly Agree,Agree,Strongly Disagree,Agree,Agree,Disagree,Neither Agree nor Disagree,Agree,Strongly Agree,Agree,Neither Agree nor Disagree,Agree,Disagree,Disagree,Strongly Disagree,Strongly Disagree,Strongly Disagree,Agree,Disagree,Strongly Agree,Disagree,Strongly Agree,Disagree,Strongly Disagree,Disagree,Disagree,Disagree,Neither Agree nor Disagree,Disagree,Disagree,Disagree,Never,Never,Never
10/5/2026 13:13:39,Both digital and physical monitoring,BPO or ITES,More than 10 years,More than 500 employees,Female,"Middle management (team lead, manager)",Neither Agree nor Disagree,Agree,Disagree,Strongly Agree,Agree,Agree,Agree,Agree,Strongly Disagree,Strongly Disagree,Neither Agree nor Disagree,Agree,Disagree,Disagree,Neither Agree nor Disagree,Disagree,Neither Agree nor Disagree,Neither Agree nor Disagree,Neither Agree nor Disagree,Neither Agree nor Disagree,Neither Agree nor Disagree,Disagree,Agree,Agree,Disagree,Neither Agree nor Disagree,Disagree,Disagree,Strongly Disagree,Disagree,Neither Agree nor Disagree,Often,Often,Always
10/5/2026 13:14:37,I am not monitored in any way,Manufacturing or Other Corporate,Less than 2 years,More than 500 employees,Male,Individual contributor or entry level,Neither Agree nor Disagree,Neither Agree nor Disagree,Strongly Disagree,Disagree,Strongly Disagree,Strongly Disagree,Strongly Disagree,Disagree,Disagree,Disagree,Strongly Disagree,Disagree,Disagree,Disagree,Strongly Disagree,Disagree,Disagree,Neither Agree nor Disagree,Neither Agree nor Disagree,Disagree,Neither Agree nor Disagree,Neither Agree nor Disagree,Agree,Agree,Disagree,Disagree,Neither Agree nor Disagree,Agree,Neither Agree nor Disagree,Neither Agree nor Disagree,Agree,Sometimes,Always,Often
10/5/2026 13:15:49,"Physical monitoring only (CCTV, biometric access, desk-time tracking)",BPO or ITES,Less than 2 years,50 to 500 employees,Male,Individual contributor or entry level,Neither Agree nor Disagree,Disagree,Agree,Neither Agree nor Disagree,Disagree,Neither Agree nor Disagree,Neither Agree nor Disagree,Neither Agree nor Disagree,Disagree,Neither Agree nor Disagree,Neither Agree nor Disagree,Neither Agree nor Disagree,Agree,Agree,Strongly Agree,Strongly Agree,Strongly Agree,Strongly Disagree,Strongly Agree,Strongly Disagree,Strongly Agree,Strongly Disagree,Strongly Agree,Strongly Agree,Disagree,Agree,Neither Agree nor Disagree,Agree,Agree,Neither Agree nor Disagree,Neither Agree nor Disagree,Always,Always,Always
10/5/2026 13:17:24,"Physical monitoring only (CCTV, biometric access, desk-time tracking)",IT or Software Services,Less than 2 years,More than 500 employees,Female,Individual contributor or entry level,Agree,Neither Agree nor Disagree,Strongly Agree,Agree,Strongly Disagree,Agree,Neither Agree nor Disagree,Neither Agree nor Disagree,Neither Agree nor Disagree,Neither Agree nor Disagree,Neither Agree nor Disagree,Neither Agree nor Disagree,Neither Agree nor Disagree,Agree,Agree,Agree,Agree,Neither Agree nor Disagree,Agree,Disagree,Agree,Disagree,Agree,Agree,Disagree,Neither Agree nor Disagree,Agree,Agree,Agree,Neither Agree nor Disagree,Neither Agree nor Disagree,Sometimes,Sometimes,Sometimes
10/5/2026 13:18:44,Software or digital monitoring only,IT or Software Services,Less than 2 years,More than 500 employees,Male,"Middle management (team lead, manager)",Strongly Agree,Strongly Agree,Neither Agree nor Disagree,Agree,Agree,Strongly Disagree,Neither Agree nor Disagree,Neither Agree nor Disagree,Neither Agree nor Disagree,Neither Agree nor Disagree,Neither Agree nor Disagree,Agree,Disagree,Disagree,Strongly Disagree,Disagree,Disagree,Neither Agree nor Disagree,Disagree,Agree,Neither Agree nor Disagree,Neither Agree nor Disagree,Disagree,Neither Agree nor Disagree,Disagree,Strongly Agree,Agree,Agree,Neither Agree nor Disagree,Neither Agree nor Disagree,Agree,Rarely,Rarely,Rarely
10/5/2026 13:20:19,Software or digital monitoring only,IT or Software Services,2 to 5 years,More than 500 employees,Female,Individual contributor or entry level,Neither Agree nor Disagree,Neither Agree nor Disagree,Strongly Disagree,Agree,Neither Agree nor Disagree,Strongly Disagree,Neither Agree nor Disagree,Strongly Agree,Neither Agree nor Disagree,Disagree,Neither Agree nor Disagree,Neither Agree nor Disagree,Disagree,Strongly Disagree,Strongly Disagree,Strongly Disagree,Strongly Disagree,Agree,Strongly Disagree,Strongly Agree,Strongly Disagree,Strongly Agree,Strongly Disagree,Strongly Disagree,Disagree,Agree,Neither Agree nor Disagree,Neither Agree nor Disagree,Agree,Disagree,Neither Agree nor Disagree,Never,Never,Rarely
10/5/2026 13:23:10,"Physical monitoring only (CCTV, biometric access, desk-time tracking)",Other,Less than 2 years,50 to 500 employees,Male,Individual contributor or entry level,Agree,Neither Agree nor Disagree,Disagree,Strongly Disagree,Disagree,Strongly Disagree,Disagree,Disagree,Strongly Disagree,Strongly Disagree,Disagree,Strongly Disagree,Disagree,Neither Agree nor Disagree,Neither Agree nor Disagree,Strongly Disagree,Disagree,Disagree,Agree,Neither Agree nor Disagree,Agree,Neither Agree nor Disagree,Neither Agree nor Disagree,Agree,Disagree,Agree,Neither Agree nor Disagree,Neither Agree nor Disagree,Disagree,Neither Agree nor Disagree,Neither Agree nor Disagree,Often,Often,Sometimes
10/5/2026 13:24:11,I am not monitored in any way,Other,Less than 2 years,More than 500 employees,Male,Individual contributor or entry level,Strongly Agree,Agree,Strongly Agree,Strongly Disagree,Disagree,Disagree,Strongly Disagree,Strongly Disagree,Strongly Disagree,Strongly Disagree,Strongly Disagree,Strongly Disagree,Strongly Agree,Agree,Strongly Agree,Agree,Agree,Strongly Disagree,Agree,Strongly Disagree,Strongly Agree,Strongly Disagree,Agree,Strongly Agree,Disagree,Agree,Strongly Agree,Agree,Agree,Agree,Agree,Always,Always,Always
10/5/2026 13:26:45,I am not sure,IT or Software Services,Less than 2 years,50 to 500 employees,Female,Individual contributor or entry level,Disagree,Strongly Agree,Neither Agree nor Disagree,Agree,Strongly Disagree,Disagree,Neither Agree nor Disagree,Disagree,Strongly Disagree,Disagree,Neither Agree nor Disagree,Neither Agree nor Disagree,Disagree,Disagree,Strongly Disagree,Strongly Disagree,Strongly Disagree,Strongly Agree,Neither Agree nor Disagree,Agree,Disagree,Agree,Disagree,Disagree,Disagree,Neither Agree nor Disagree,Neither Agree nor Disagree,Neither Agree nor Disagree,Disagree,Neither Agree nor Disagree,Agree,Rarely,Never,Never
10/5/2026 13:29:06,Software or digital monitoring only,IT or Software Services,6 to 10 years,More than 500 employees,Male,"Middle management (team lead, manager)",Neither Agree nor Disagree,Agree,Neither Agree nor Disagree,Agree,Neither Agree nor Disagree,Disagree,Agree,Agree,Disagree,Disagree,Neither Agree nor Disagree,Neither Agree nor Disagree,Agree,Strongly Agree,Strongly Agree,Strongly Agree,Agree,Disagree,Agree,Strongly Disagree,Strongly Agree,Strongly Disagree,Strongly Agree,Strongly Agree,Disagree,Strongly Agree,Strongly Agree,Strongly Agree,Strongly Agree,Strongly Agree,Strongly Agree,Often,Often,Always
10/5/2026 13:30:47,I am not sure,IT or Software Services,Less than 2 years,More than 500 employees,Male,Individual contributor or entry level,Disagree,Strongly Agree,Agree,Neither Agree nor Disagree,Disagree,Neither Agree nor Disagree,Neither Agree nor Disagree,Agree,Neither Agree nor Disagree,Strongly Disagree,Disagree,Neither Agree nor Disagree,Agree,Agree,Agree,Neither Agree nor Disagree,Agree,Neither Agree nor Disagree,Neither Agree nor Disagree,Agree,Neither Agree nor Disagree,Agree,Disagree,Neither Agree nor Disagree,Disagree,Agree,Agree,Neither Agree nor Disagree,Agree,Neither Agree nor Disagree,Neither Agree nor Disagree,Sometimes,Often,Often
10/5/2026 13:31:51,Both digital and physical monitoring,IT or Software Services,More than 10 years,50 to 500 employees,Male,Individual contributor or entry level,Agree,Agree,Disagree,Strongly Agree,Strongly Agree,Strongly Agree,Strongly Agree,Strongly Agree,Strongly Agree,Strongly Agree,Strongly Agree,Strongly Agree,Strongly Disagree,Disagree,Disagree,Disagree,Neither Agree nor Disagree,Agree,Disagree,Agree,Strongly Disagree,Strongly Agree,Disagree,Disagree,Disagree,Neither Agree nor Disagree,Neither Agree nor Disagree,Neither Agree nor Disagree,Neither Agree nor Disagree,Agree,Neither Agree nor Disagree,Rarely,Rarely,Never
10/5/2026 13:36:04,Both digital and physical monitoring,Manufacturing or Other Corporate,Less than 2 years,50 to 500 employees,Female,Individual contributor or entry level,Strongly Disagree,Strongly Agree,Disagree,Agree,Strongly Agree,Agree,Agree,Strongly Agree,Agree,Disagree,Agree,Neither Agree nor Disagree,Neither Agree nor Disagree,Disagree,Disagree,Agree,Neither Agree nor Disagree,Disagree,Agree,Neither Agree nor Disagree,Neither Agree nor Disagree,Neither Agree nor Disagree,Agree,Agree,Disagree,Agree,Neither Agree nor Disagree,Agree,Neither Agree nor Disagree,Neither Agree nor Disagree,Agree,Sometimes,Often,Often
10/5/2026 13:39:20,Software or digital monitoring only,Consulting,2 to 5 years,50 to 500 employees,Male,Individual contributor or entry level,Strongly Disagree,Neither Agree nor Disagree,Disagree,Neither Agree nor Disagree,Neither Agree nor Disagree,Strongly Disagree,Agree,Agree,Disagree,Neither Agree nor Disagree,Disagree,Neither Agree nor Disagree,Agree,Neither Agree nor Disagree,Neither Agree nor Disagree,Neither Agree nor Disagree,Neither Agree nor Disagree,Neither Agree nor Disagree,Neither Agree nor Disagree,Neither Agree nor Disagree,Neither Agree nor Disagree,Neither Agree nor Disagree,Neither Agree nor Disagree,Neither Agree nor Disagree,Disagree,Disagree,Disagree,Neither Agree nor Disagree,Neither Agree nor Disagree,Neither Agree nor Disagree,Neither Agree nor Disagree,Rarely,Sometimes,Rarely
10/5/2026 13:43:41,Software or digital monitoring only,IT or Software Services,6 to 10 years,Fewer than 50 employees,Male,Individual contributor or entry level,Neither Agree nor Disagree,Neither Agree nor Disagree,Agree,Agree,Agree,Disagree,Disagree,Strongly Agree,Disagree,Disagree,Disagree,Neither Agree nor Disagree,Disagree,Disagree,Disagree,Disagree,Strongly Disagree,Disagree,Disagree,Agree,Neither Agree nor Disagree,Agree,Neither Agree nor Disagree,Neither Agree nor Disagree,Disagree,Neither Agree nor Disagree,Neither Agree nor Disagree,Neither Agree nor Disagree,Neither Agree nor Disagree,Neither Agree nor Disagree,Neither Agree nor Disagree,Sometimes,Rarely,Sometimes
10/5/2026 13:47:10,"Physical monitoring only (CCTV, biometric access, desk-time tracking)",IT or Software Services,6 to 10 years,More than 500 employees,Male,"Middle management (team lead, manager)",Strongly Disagree,Strongly Agree,Neither Agree nor Disagree,Neither Agree nor Disagree,Strongly Disagree,Neither Agree nor Disagree,Disagree,Neither Agree nor Disagree,Disagree,Neither Agree nor Disagree,Disagree,Disagree,Neither Agree nor Disagree,Disagree,Disagree,Neither Agree nor Disagree,Neither Agree nor Disagree,Neither Agree nor Disagree,Neither Agree nor Disagree,Neither Agree nor Disagree,Neither Agree nor Disagree,Neither Agree nor Disagree,Agree,Neither Agree nor Disagree,Disagree,Agree,Neither Agree nor Disagree,Agree,Agree,Neither Agree nor Disagree,Neither Agree nor Disagree,Sometimes,Sometimes,Often
10/5/2026 13:50:40,Both digital and physical monitoring,Other,6 to 10 years,50 to 500 employees,Male,"Middle management (team lead, manager)",Disagree,Strongly Agree,Strongly Disagree,Agree,Agree,Strongly Agree,Agree,Agree,Strongly Disagree,Strongly Disagree,Neither Agree nor Disagree,Strongly Agree,Neither Agree nor Disagree,Neither Agree nor Disagree,Disagree,Disagree,Neither Agree nor Disagree,Disagree,Agree,Strongly Disagree,Agree,Disagree,Agree,Strongly Agree,Disagree,Agree,Strongly Agree,Agree,Agree,Agree,Agree,Sometimes,Often,Sometimes
10/5/2026 13:51:30,Both digital and physical monitoring,BPO or ITES,Less than 2 years,More than 500 employees,Female,Senior leadership (director and above),Agree,Neither Agree nor Disagree,Strongly Disagree,Agree,Agree,Agree,Neither Agree nor Disagree,Strongly Agree,Agree,Agree,Agree,Neither Agree nor Disagree,Disagree,Strongly Disagree,Strongly Disagree,Strongly Disagree,Strongly Disagree,Agree,Strongly Disagree,Agree,Neither Agree nor Disagree,Agree,Disagree,Neither Agree nor Disagree,Disagree,Neither Agree nor Disagree,Neither Agree nor Disagree,Neither Agree nor Disagree,Disagree,Disagree,Disagree,Rarely,Rarely,Never
10/5/2026 13:51:57,Software or digital monitoring only,IT or Software Services,2 to 5 years,More than 500 employees,Male,Individual contributor or entry level,Neither Agree nor Disagree,Neither Agree nor Disagree,Strongly Disagree,Agree,Agree,Disagree,Neither Agree nor Disagree,Agree,Agree,Agree,Agree,Agree,Disagree,Disagree,Neither Agree nor Disagree,Disagree,Neither Agree nor Disagree,Agree,Disagree,Agree,Strongly Disagree,Agree,Disagree,Strongly Disagree,Disagree,Disagree,Strongly Disagree,Disagree,Disagree,Strongly Disagree,Disagree,Rarely,Often,Sometimes
10/5/2026 13:53:57,Software or digital monitoring only,IT or Software Services,2 to 5 years,50 to 500 employees,Female,Individual contributor or entry level,Agree,Strongly Agree,Neither Agree nor Disagree,Strongly Agree,Strongly Agree,Disagree,Strongly Agree,Strongly Agree,Neither Agree nor Disagree,Disagree,Strongly Agree,Agree,Strongly Disagree,Strongly Disagree,Strongly Disagree,Strongly Disagree,Strongly Disagree,Agree,Disagree,Agree,Disagree,Neither Agree nor Disagree,Disagree,Disagree,Disagree,Neither Agree nor Disagree,Neither Agree nor Disagree,Neither Agree nor Disagree,Agree,Disagree,Neither Agree nor Disagree,Never,Never,Never
10/5/2026 13:56:33,Software or digital monitoring only,IT or Software Services,6 to 10 years,Fewer than 50 employees,Male,Individual contributor or entry level,Neither Agree nor Disagree,Neither Agree nor Disagree,Strongly Agree,Neither Agree nor Disagree,Agree,Strongly Disagree,Neither Agree nor Disagree,Neither Agree nor Disagree,Neither Agree nor Disagree,Strongly Disagree,Neither Agree nor Disagree,Neither Agree nor Disagree,Agree,Agree,Neither Agree nor Disagree,Disagree,Neither Agree nor Disagree,Strongly Disagree,Strongly Agree,Strongly Disagree,Strongly Agree,Strongly Disagree,Strongly Agree,Strongly Agree,Disagree,Neither Agree nor Disagree,Neither Agree nor Disagree,Neither Agree nor Disagree,Neither Agree nor Disagree,Disagree,Agree,Always,Always,Always
10/5/2026 13:59:38,Both digital and physical monitoring,IT or Software Services,2 to 5 years,Fewer than 50 employees,Male,"Middle management (team lead, manager)",Neither Agree nor Disagree,Neither Agree nor Disagree,Strongly Disagree,Neither Agree nor Disagree,Neither Agree nor Disagree,Neither Agree nor Disagree,Disagree,Neither Agree nor Disagree,Disagree,Neither Agree nor Disagree,Agree,Neither Agree nor Disagree,Neither Agree nor Disagree,Neither Agree nor Disagree,Neither Agree nor Disagree,Disagree,Strongly Disagree,Agree,Disagree,Agree,Strongly Disagree,Neither Agree nor Disagree,Strongly Disagree,Strongly Disagree,Disagree,Disagree,Disagree,Disagree,Disagree,Disagree,Disagree,Sometimes,Sometimes,Rarely
10/5/2026 14:00:00,Software or digital monitoring only,BPO or ITES,2 to 5 years,50 to 500 employees,Male,"Middle management (team lead, manager)",Neither Agree nor Disagree,Strongly Agree,Neither Agree nor Disagree,Strongly Agree,Agree,Disagree,Agree,Agree,Neither Agree nor Disagree,Neither Agree nor Disagree,Agree,Strongly Agree,Agree,Neither Agree nor Disagree,Neither Agree nor Disagree,Neither Agree nor Disagree,Agree,Strongly Agree,Disagree,Agree,Strongly Disagree,Agree,Strongly Disagree,Strongly Disagree,Disagree,Neither Agree nor Disagree,Disagree,Neither Agree nor Disagree,Neither Agree nor Disagree,Agree,Neither Agree nor Disagree,Often,Always,Often
10/5/2026 14:00:19,"Physical monitoring only (CCTV, biometric access, desk-time tracking)",BPO or ITES,2 to 5 years,50 to 500 employees,Male,Individual contributor or entry level,Agree,Disagree,Agree,Neither Agree nor Disagree,Disagree,Neither Agree nor Disagree,Neither Agree nor Disagree,Disagree,Strongly Disagree,Strongly Disagree,Disagree,Disagree,Neither Agree nor Disagree,Neither Agree nor Disagree,Neither Agree nor Disagree,Neither Agree nor Disagree,Neither Agree nor Disagree,Strongly Disagree,Strongly Agree,Disagree,Strongly Agree,Strongly Disagree,Agree,Strongly Agree,Disagree,Agree,Agree,Agree,Agree,Agree,Agree,Often,Always,Often
10/5/2026 14:00:45,Software or digital monitoring only,IT or Software Services,2 to 5 years,More than 500 employees,Male,Individual contributor or entry level,Disagree,Strongly Agree,Disagree,Strongly Agree,Strongly Agree,Strongly Disagree,Agree,Strongly Agree,Agree,Disagree,Agree,Agree,Neither Agree nor Disagree,Neither Agree nor Disagree,Neither Agree nor Disagree,Disagree,Neither Agree nor Disagree,Strongly Agree,Disagree,Strongly Agree,Strongly Disagree,Strongly Agree,Disagree,Disagree,Disagree,Agree,Strongly Agree,Agree,Agree,Agree,Agree,Sometimes,Rarely,Rarely
10/5/2026 14:01:17,Both digital and physical monitoring,BPO or ITES,2 to 5 years,Fewer than 50 employees,Female,Individual contributor or entry level,Neither Agree nor Disagree,Agree,Strongly Disagree,Strongly Agree,Strongly Agree,Strongly Agree,Strongly Agree,Strongly Agree,Strongly Agree,Strongly Agree,Strongly Agree,Strongly Agree,Neither Agree nor Disagree,Disagree,Disagree,Disagree,Disagree,Strongly Agree,Strongly Disagree,Strongly Agree,Strongly Disagree,Strongly Agree,Strongly Disagree,Strongly Disagree,Disagree,Disagree,Disagree,Disagree,Strongly Disagree,Strongly Disagree,Disagree,Never,Rarely,Rarely
10/5/2026 14:01:58,Software or digital monitoring only,IT or Software Services,2 to 5 years,More than 500 employees,Female,Individual contributor or entry level,Neither Agree nor Disagree,Neither Agree nor Disagree,Strongly Disagree,Agree,Agree,Disagree,Neither Agree nor Disagree,Neither Agree nor Disagree,Disagree,Neither Agree nor Disagree,Neither Agree nor Disagree,Disagree,Strongly Disagree,Strongly Disagree,Strongly Disagree,Strongly Disagree,Strongly Disagree,Agree,Disagree,Neither Agree nor Disagree,Disagree,Agree,Disagree,Disagree,Disagree,Disagree,Disagree,Neither Agree nor Disagree,Disagree,Neither Agree nor Disagree,Disagree,Often,Often,Often
10/5/2026 14:02:43,Both digital and physical monitoring,Consulting,More than 10 years,More than 500 employees,Male,Individual contributor or entry level,Strongly Agree,Strongly Agree,Agree,Agree,Agree,Neither Agree nor Disagree,Neither Agree nor Disagree,Agree,Strongly Disagree,Neither Agree nor Disagree,Neither Agree nor Disagree,Agree,Agree,Agree,Neither Agree nor Disagree,Agree,Strongly Agree,Disagree,Neither Agree nor Disagree,Neither Agree nor Disagree,Neither Agree nor Disagree,Disagree,Neither Agree nor Disagree,Disagree,Disagree,Strongly Agree,Agree,Strongly Agree,Strongly Agree,Agree,Agree,Sometimes,Rarely,Sometimes
10/5/2026 14:03:22,Both digital and physical monitoring,IT or Software Services,6 to 10 years,50 to 500 employees,Non-binary or Other,Individual contributor or entry level,Neither Agree nor Disagree,Strongly Agree,Strongly Disagree,Strongly Agree,Strongly Agree,Agree,Strongly Agree,Strongly Agree,Strongly Agree,Strongly Agree,Strongly Agree,Strongly Agree,Strongly Disagree,Strongly Disagree,Disagree,Disagree,Disagree,Strongly Agree,Strongly Disagree,Strongly Agree,Strongly Disagree,Strongly Agree,Strongly Disagree,Strongly Disagree,Disagree,Neither Agree nor Disagree,Disagree,Neither Agree nor Disagree,Neither Agree nor Disagree,Neither Agree nor Disagree,Disagree,Never,Never,Never
10/5/2026 14:03:42,Both digital and physical monitoring,Consulting,2 to 5 years,50 to 500 employees,Female,"Middle management (team lead, manager)",Disagree,Strongly Agree,Neither Agree nor Disagree,Strongly Agree,Strongly Agree,Strongly Agree,Strongly Agree,Strongly Agree,Agree,Agree,Strongly Agree,Strongly Agree,Disagree,Disagree,Disagree,Disagree,Disagree,Strongly Agree,Strongly Disagree,Strongly Agree,Strongly Disagree,Strongly Agree,Strongly Disagree,Strongly Disagree,Disagree,Neither Agree nor Disagree,Neither Agree nor Disagree,Neither Agree nor Disagree,Neither Agree nor Disagree,Neither Agree nor Disagree,Neither Agree nor Disagree,Never,Never,Never
10/5/2026 14:06:43,Both digital and physical monitoring,Consulting,2 to 5 years,50 to 500 employees,Female,"Middle management (team lead, manager)",Neither Agree nor Disagree,Agree,Agree,Agree,Agree,Agree,Disagree,Neither Agree nor Disagree,Agree,Neither Agree nor Disagree,Agree,Neither Agree nor Disagree,Neither Agree nor Disagree,Neither Agree nor Disagree,Neither Agree nor Disagree,Agree,Neither Agree nor Disagree,Neither Agree nor Disagree,Neither Agree nor Disagree,Agree,Disagree,Neither Agree nor Disagree,Disagree,Neither Agree nor Disagree,Disagree,Agree,Agree,Agree,Agree,Agree,Neither Agree nor Disagree,Sometimes,Sometimes,Rarely
10/5/2026 14:07:41,Software or digital monitoring only,Consulting,2 to 5 years,More than 500 employees,Male,"Middle management (team lead, manager)",Strongly Agree,Strongly Agree,Strongly Disagree,Neither Agree nor Disagree,Neither Agree nor Disagree,Strongly Disagree,Agree,Agree,Neither Agree nor Disagree,Disagree,Neither Agree nor Disagree,Disagree,Disagree,Neither Agree nor Disagree,Disagree,Neither Agree nor Disagree,Neither Agree nor Disagree,Agree,Neither Agree nor Disagree,Neither Agree nor Disagree,Neither Agree nor Disagree,Disagree,Neither Agree nor Disagree,Agree,Disagree,Agree,Neither Agree nor Disagree,Neither Agree nor Disagree,Neither Agree nor Disagree,Neither Agree nor Disagree,Agree,Often,Always,Often
10/5/2026 14:08:08,Both digital and physical monitoring,BPO or ITES,2 to 5 years,50 to 500 employees,Male,Individual contributor or entry level,Disagree,Neither Agree nor Disagree,Neither Agree nor Disagree,Strongly Agree,Agree,Agree,Agree,Strongly Agree,Agree,Agree,Agree,Neither Agree nor Disagree,Disagree,Disagree,Disagree,Neither Agree nor Disagree,Disagree,Agree,Strongly Disagree,Agree,Disagree,Strongly Agree,Strongly Disagree,Strongly Disagree,Disagree,Strongly Disagree,Strongly Disagree,Strongly Disagree,Strongly Disagree,Strongly Disagree,Strongly Disagree,Sometimes,Sometimes,Sometimes
10/5/2026 14:09:27,Software or digital monitoring only,Manufacturing or Other Corporate,2 to 5 years,More than 500 employees,Male,Individual contributor or entry level,Strongly Agree,Agree,Strongly Disagree,Neither Agree nor Disagree,Neither Agree nor Disagree,Strongly Disagree,Agree,Agree,Neither Agree nor Disagree,Disagree,Neither Agree nor Disagree,Agree,Disagree,Neither Agree nor Disagree,Disagree,Strongly Disagree,Disagree,Agree,Neither Agree nor Disagree,Agree,Neither Agree nor Disagree,Strongly Agree,Disagree,Disagree,Disagree,Disagree,Disagree,Disagree,Strongly Disagree,Strongly Disagree,Disagree,Rarely,Never,Never
10/5/2026 14:12:34,Software or digital monitoring only,IT or Software Services,2 to 5 years,50 to 500 employees,Male,Individual contributor or entry level,Agree,Disagree,Disagree,Strongly Agree,Agree,Disagree,Strongly Agree,Strongly Agree,Agree,Strongly Agree,Agree,Agree,Strongly Disagree,Strongly Disagree,Strongly Disagree,Strongly Disagree,Disagree,Strongly Agree,Strongly Disagree,Strongly Agree,Strongly Disagree,Agree,Strongly Disagree,Strongly Disagree,Disagree,Disagree,Disagree,Disagree,Disagree,Disagree,Disagree,Rarely,Never,Never
10/5/2026 14:13:07,Both digital and physical monitoring,BPO or ITES,2 to 5 years,Fewer than 50 employees,Male,Individual contributor or entry level,Neither Agree nor Disagree,Neither Agree nor Disagree,Strongly Agree,Agree,Neither Agree nor Disagree,Neither Agree nor Disagree,Neither Agree nor Disagree,Disagree,Disagree,Disagree,Neither Agree nor Disagree,Neither Agree nor Disagree,Disagree,Disagree,Disagree,Neither Agree nor Disagree,Neither Agree nor Disagree,Neither Agree nor Disagree,Disagree,Disagree,Disagree,Neither Agree nor Disagree,Neither Agree nor Disagree,Neither Agree nor Disagree,Disagree,Disagree,Disagree,Agree,Neither Agree nor Disagree,Neither Agree nor Disagree,Neither Agree nor Disagree,Sometimes,Sometimes,Rarely
10/5/2026 14:17:46,Software or digital monitoring only,BPO or ITES,2 to 5 years,Fewer than 50 employees,Male,"Middle management (team lead, manager)",Agree,Disagree,Strongly Agree,Agree,Neither Agree nor Disagree,Strongly Disagree,Neither Agree nor Disagree,Neither Agree nor Disagree,Agree,Neither Agree nor Disagree,Disagree,Neither Agree nor Disagree,Agree,Neither Agree nor Disagree,Agree,Agree,Strongly Agree,Disagree,Agree,Disagree,Agree,Disagree,Agree,Agree,Disagree,Strongly Agree,Strongly Agree,Strongly Agree,Strongly Agree,Strongly Agree,Strongly Agree,Sometimes,Sometimes,Sometimes
10/5/2026 14:20:06,Both digital and physical monitoring,BPO or ITES,Less than 2 years,More than 500 employees,Male,Individual contributor or entry level,Neither Agree nor Disagree,Strongly Agree,Neither Agree nor Disagree,Neither Agree nor Disagree,Disagree,Disagree,Disagree,Disagree,Strongly Disagree,Strongly Disagree,Disagree,Disagree,Agree,Agree,Strongly Agree,Agree,Agree,Neither Agree nor Disagree,Agree,Disagree,Agree,Disagree,Agree,Agree,Disagree,Disagree,Strongly Disagree,Neither Agree nor Disagree,Neither Agree nor Disagree,Disagree,Neither Agree nor Disagree,Often,Often,Always
10/5/2026 14:22:42,Software or digital monitoring only,IT or Software Services,6 to 10 years,Fewer than 50 employees,Male,Individual contributor or entry level,Neither Agree nor Disagree,Agree,Strongly Agree,Neither Agree nor Disagree,Agree,Strongly Disagree,Agree,Strongly Agree,Neither Agree nor Disagree,Agree,Agree,Neither Agree nor Disagree,Strongly Agree,Strongly Agree,Strongly Agree,Strongly Agree,Strongly Agree,Strongly Disagree,Strongly Agree,Strongly Disagree,Strongly Agree,Strongly Disagree,Strongly Agree,Strongly Agree,Disagree,Strongly Agree,Strongly Agree,Strongly Agree,Strongly Agree,Strongly Agree,Strongly Agree,Often,Often,Often
10/5/2026 14:23:09,"Physical monitoring only (CCTV, biometric access, desk-time tracking)",IT or Software Services,2 to 5 years,50 to 500 employees,Male,Individual contributor or entry level,Agree,Agree,Strongly Disagree,Disagree,Strongly Disagree,Disagree,Disagree,Disagree,Disagree,Neither Agree nor Disagree,Strongly Disagree,Disagree,Neither Agree nor Disagree,Neither Agree nor Disagree,Agree,Neither Agree nor Disagree,Neither Agree nor Disagree,Agree,Disagree,Strongly Agree,Disagree,Agree,Strongly Disagree,Disagree,Disagree,Neither Agree nor Disagree,Neither Agree nor Disagree,Neither Agree nor Disagree,Disagree,Neither Agree nor Disagree,Neither Agree nor Disagree,Often,Often,Often
10/5/2026 14:24:41,Software or digital monitoring only,IT or Software Services,2 to 5 years,Fewer than 50 employees,Female,Individual contributor or entry level,Agree,Agree,Disagree,Neither Agree nor Disagree,Neither Agree nor Disagree,Disagree,Neither Agree nor Disagree,Neither Agree nor Disagree,Strongly Disagree,Strongly Disagree,Agree,Neither Agree nor Disagree,Agree,Agree,Neither Agree nor Disagree,Neither Agree nor Disagree,Neither Agree nor Disagree,Strongly Disagree,Agree,Strongly Disagree,Agree,Disagree,Strongly Agree,Strongly Agree,Disagree,Agree,Strongly Agree,Strongly Agree,Agree,Strongly Agree,Strongly Agree,Always,Always,Often
10/5/2026 14:26:57,Software or digital monitoring only,IT or Software Services,2 to 5 years,More than 500 employees,Female,"Middle management (team lead, manager)",Agree,Neither Agree nor Disagree,Agree,Neither Agree nor Disagree,Disagree,Strongly Disagree,Disagree,Strongly Disagree,Disagree,Disagree,Disagree,Disagree,Neither Agree nor Disagree,Agree,Neither Agree nor Disagree,Neither Agree nor Disagree,Neither Agree nor Disagree,Disagree,Strongly Agree,Disagree,Strongly Agree,Disagree,Agree,Agree,Disagree,Agree,Agree,Agree,Agree,Agree,Agree,Sometimes,Often,Sometimes
10/5/2026 14:28:15,Both digital and physical monitoring,Other,2 to 5 years,More than 500 employees,Male,Individual contributor or entry level,Neither Agree nor Disagree,Strongly Agree,Neither Agree nor Disagree,Agree,Agree,Neither Agree nor Disagree,Agree,Neither Agree nor Disagree,Neither Agree nor Disagree,Neither Agree nor Disagree,Neither Agree nor Disagree,Neither Agree nor Disagree,Agree,Neither Agree nor Disagree,Agree,Strongly Agree,Neither Agree nor Disagree,Agree,Strongly Disagree,Agree,Strongly Disagree,Strongly Agree,Disagree,Strongly Disagree,Disagree,Disagree,Neither Agree nor Disagree,Disagree,Disagree,Disagree,Disagree,Rarely,Rarely,Rarely
10/5/2026 14:29:03,I am not sure,IT or Software Services,2 to 5 years,50 to 500 employees,Male,Individual contributor or entry level,Neither Agree nor Disagree,Strongly Disagree,Disagree,Strongly Disagree,Disagree,Disagree,Disagree,Strongly Disagree,Neither Agree nor Disagree,Neither Agree nor Disagree,Strongly Disagree,Disagree,Disagree,Strongly Disagree,Neither Agree nor Disagree,Disagree,Disagree,Neither Agree nor Disagree,Neither Agree nor Disagree,Disagree,Agree,Neither Agree nor Disagree,Neither Agree nor Disagree,Disagree,Disagree,Neither Agree nor Disagree,Agree,Agree,Agree,Agree,Neither Agree nor Disagree,Rarely,Rarely,Sometimes
10/5/2026 14:32:20,Software or digital monitoring only,IT or Software Services,Less than 2 years,More than 500 employees,Male,"Middle management (team lead, manager)",Neither Agree nor Disagree,Disagree,Neither Agree nor Disagree,Agree,Agree,Disagree,Neither Agree nor Disagree,Neither Agree nor Disagree,Disagree,Neither Agree nor Disagree,Neither Agree nor Disagree,Agree,Disagree,Disagree,Neither Agree nor Disagree,Disagree,Disagree,Neither Agree nor Disagree,Neither Agree nor Disagree,Neither Agree nor Disagree,Disagree,Agree,Neither Agree nor Disagree,Agree,Disagree,Agree,Agree,Neither Agree nor Disagree,Agree,Agree,Neither Agree nor Disagree,Never,Never,Rarely
10/5/2026 14:35:14,"Physical monitoring only (CCTV, biometric access, desk-time tracking)",IT or Software Services,2 to 5 years,More than 500 employees,Female,Individual contributor or entry level,Agree,Strongly Agree,Strongly Disagree,Neither Agree nor Disagree,Disagree,Disagree,Neither Agree nor Disagree,Neither Agree nor Disagree,Disagree,Neither Agree nor Disagree,Neither Agree nor Disagree,Disagree,Disagree,Strongly Disagree,Strongly Disagree,Disagree,Disagree,Neither Agree nor Disagree,Disagree,Agree,Disagree,Agree,Disagree,Strongly Disagree,Disagree,Disagree,Disagree,Disagree,Disagree,Strongly Disagree,Strongly Disagree,Never,Never,Rarely
10/5/2026 14:38:04,Software or digital monitoring only,IT or Software Services,2 to 5 years,More than 500 employees,Male,Individual contributor or entry level,Neither Agree nor Disagree,Disagree,Disagree,Agree,Agree,Disagree,Neither Agree nor Disagree,Agree,Neither Agree nor Disagree,Disagree,Neither Agree nor Disagree,Agree,Disagree,Disagree,Neither Agree nor Disagree,Neither Agree nor Disagree,Neither Agree nor Disagree,Agree,Disagree,Agree,Strongly Disagree,Agree,Strongly Disagree,Strongly Disagree,Disagree,Disagree,Disagree,Disagree,Disagree,Disagree,Strongly Disagree,Never,Rarely,Never
10/5/2026 14:40:58,Software or digital monitoring only,IT or Software Services,More than 10 years,More than 500 employees,Female,"Middle management (team lead, manager)",Neither Agree nor Disagree,Neither Agree nor Disagree,Neither Agree nor Disagree,Strongly Agree,Agree,Disagree,Agree,Strongly Agree,Neither Agree nor Disagree,Neither Agree nor Disagree,Strongly Agree,Agree,Disagree,Neither Agree nor Disagree,Disagree,Strongly Disagree,Strongly Disagree,Disagree,Neither Agree nor Disagree,Disagree,Neither Agree nor Disagree,Neither Agree nor Disagree,Neither Agree nor Disagree,Neither Agree nor Disagree,Disagree,Agree,Agree,Neither Agree nor Disagree,Agree,Agree,Strongly Agree,Sometimes,Rarely,Rarely
10/5/2026 14:41:52,Software or digital monitoring only,BPO or ITES,Less than 2 years,50 to 500 employees,Female,Individual contributor or entry level,Disagree,Strongly Agree,Neither Agree nor Disagree,Strongly Agree,Agree,Strongly Disagree,Agree,Strongly Agree,Disagree,Disagree,Strongly Agree,Agree,Strongly Agree,Strongly Agree,Strongly Agree,Agree,Agree,Strongly Disagree,Agree,Disagree,Strongly Agree,Disagree,Agree,Strongly Agree,Disagree,Agree,Agree,Agree,Agree,Strongly Agree,Strongly Agree,Always,Always,Often
10/5/2026 14:42:06,Both digital and physical monitoring,Manufacturing or Other Corporate,2 to 5 years,More than 500 employees,Male,"Middle management (team lead, manager)",Strongly Agree,Neither Agree nor Disagree,Neither Agree nor Disagree,Neither Agree nor Disagree,Agree,Agree,Neither Agree nor Disagree,Agree,Neither Agree nor Disagree,Disagree,Neither Agree nor Disagree,Agree,Neither Agree nor Disagree,Disagree,Disagree,Neither Agree nor Disagree,Neither Agree nor Disagree,Disagree,Neither Agree nor Disagree,Neither Agree nor Disagree,Neither Agree nor Disagree,Neither Agree nor Disagree,Neither Agree nor Disagree,Agree,Disagree,Agree,Strongly Agree,Neither Agree nor Disagree,Agree,Agree,Neither Agree nor Disagree,Rarely,Sometimes,Rarely
10/5/2026 14:42:24,Software or digital monitoring only,IT or Software Services,2 to 5 years,More than 500 employees,Female,"Middle management (team lead, manager)",Neither Agree nor Disagree,Agree,Strongly Disagree,Agree,Neither Agree nor Disagree,Disagree,Neither Agree nor Disagree,Neither Agree nor Disagree,Disagree,Disagree,Disagree,Agree,Neither Agree nor Disagree,Disagree,Strongly Disagree,Strongly Disagree,Disagree,Agree,Agree,Agree,Disagree,Neither Agree nor Disagree,Disagree,Neither Agree nor Disagree,Disagree,Neither Agree nor Disagree,Neither Agree nor Disagree,Neither Agree nor Disagree,Disagree,Neither Agree nor Disagree,Disagree,Often,Sometimes,Sometimes
10/5/2026 14:42:47,"Physical monitoring only (CCTV, biometric access, desk-time tracking)",IT or Software Services,Less than 2 years,50 to 500 employees,Male,"Middle management (team lead, manager)",Strongly Agree,Agree,Agree,Agree,Strongly Disagree,Agree,Neither Agree nor Disagree,Agree,Disagree,Disagree,Neither Agree nor Disagree,Disagree,Agree,Agree,Neither Agree nor Disagree,Agree,Agree,Strongly Disagree,Agree,Strongly Disagree,Agree,Strongly Disagree,Agree,Agree,Disagree,Neither Agree nor Disagree,Neither Agree nor Disagree,Neither Agree nor Disagree,Agree,Neither Agree nor Disagree,Neither Agree nor Disagree,Always,Always,Always
10/5/2026 14:43:15,Software or digital monitoring only,Manufacturing or Other Corporate,Less than 2 years,More than 500 employees,Male,"Middle management (team lead, manager)",Neither Agree nor Disagree,Agree,Strongly Disagree,Agree,Strongly Agree,Neither Agree nor Disagree,Agree,Agree,Agree,Neither Agree nor Disagree,Agree,Agree,Neither Agree nor Disagree,Disagree,Disagree,Disagree,Neither Agree nor Disagree,Agree,Disagree,Neither Agree nor Disagree,Disagree,Neither Agree nor Disagree,Neither Agree nor Disagree,Neither Agree nor Disagree,Disagree,Neither Agree nor Disagree,Disagree,Disagree,Disagree,Neither Agree nor Disagree,Disagree,Often,Often,Often
10/5/2026 14:43:54,Software or digital monitoring only,IT or Software Services,Less than 2 years,50 to 500 employees,Male,Individual contributor or entry level,Neither Agree nor Disagree,Agree,Strongly Disagree,Neither Agree nor Disagree,Neither Agree nor Disagree,Disagree,Disagree,Neither Agree nor Disagree,Disagree,Strongly Disagree,Disagree,Disagree,Agree,Agree,Neither Agree nor Disagree,Disagree,Neither Agree nor Disagree,Disagree,Neither Agree nor Disagree,Neither Agree nor Disagree,Agree,Neither Agree nor Disagree,Agree,Agree,Disagree,Neither Agree nor Disagree,Neither Agree nor Disagree,Neither Agree nor Disagree,Agree,Disagree,Neither Agree nor Disagree,Rarely,Never,Rarely
10/5/2026 14:44:48,Software or digital monitoring only,IT or Software Services,More than 10 years,50 to 500 employees,Male,Individual contributor or entry level,Neither Agree nor Disagree,Strongly Agree,Strongly Disagree,Strongly Agree,Agree,Disagree,Agree,Agree,Agree,Disagree,Neither Agree nor Disagree,Agree,Strongly Disagree,Strongly Disagree,Strongly Disagree,Strongly Disagree,Strongly Disagree,Agree,Neither Agree nor Disagree,Strongly Agree,Disagree,Strongly Agree,Disagree,Disagree,Disagree,Disagree,Disagree,Disagree,Disagree,Neither Agree nor Disagree,Disagree,Never,Never,Never
10/5/2026 14:45:45,Both digital and physical monitoring,IT or Software Services,Less than 2 years,Fewer than 50 employees,Female,Senior leadership (director and above),Neither Agree nor Disagree,Neither Agree nor Disagree,Strongly Disagree,Neither Agree nor Disagree,Agree,Agree,Disagree,Disagree,Neither Agree nor Disagree,Disagree,Disagree,Agree,Neither Agree nor Disagree,Neither Agree nor Disagree,Neither Agree nor Disagree,Neither Agree nor Disagree,Disagree,Neither Agree nor Disagree,Disagree,Neither Agree nor Disagree,Neither Agree nor Disagree,Neither Agree nor Disagree,Neither Agree nor Disagree,Neither Agree nor Disagree,Disagree,Neither Agree nor Disagree,Neither Agree nor Disagree,Neither Agree nor Disagree,Disagree,Neither Agree nor Disagree,Neither Agree nor Disagree,Rarely,Rarely,Rarely
10/5/2026 14:46:35,Software or digital monitoring only,Consulting,2 to 5 years,50 to 500 employees,Male,Individual contributor or entry level,Neither Agree nor Disagree,Neither Agree nor Disagree,Neither Agree nor Disagree,Agree,Neither Agree nor Disagree,Disagree,Neither Agree nor Disagree,Neither Agree nor Disagree,Strongly Disagree,Strongly Disagree,Neither Agree nor Disagree,Neither Agree nor Disagree,Agree,Strongly Agree,Agree,Agree,Neither Agree nor Disagree,Neither Agree nor Disagree,Neither Agree nor Disagree,Disagree,Agree,Agree,Neither Agree nor Disagree,Neither Agree nor Disagree,Disagree,Neither Agree nor Disagree,Agree,Agree,Agree,Neither Agree nor Disagree,Neither Agree nor Disagree,Often,Often,Sometimes
10/5/2026 14:47:52,Both digital and physical monitoring,BPO or ITES,2 to 5 years,More than 500 employees,Female,Individual contributor or entry level,Strongly Agree,Agree,Agree,Agree,Neither Agree nor Disagree,Agree,Agree,Neither Agree nor Disagree,Disagree,Disagree,Neither Agree nor Disagree,Neither Agree nor Disagree,Disagree,Agree,Neither Agree nor Disagree,Neither Agree nor Disagree,Neither Agree nor Disagree,Strongly Disagree,Strongly Agree,Strongly Disagree,Strongly Agree,Strongly Disagree,Strongly Agree,Strongly Agree,Disagree,Neither Agree nor Disagree,Neither Agree nor Disagree,Neither Agree nor Disagree,Neither Agree nor Disagree,Neither Agree nor Disagree,Agree,Often,Often,Often
10/5/2026 14:50:37,"Physical monitoring only (CCTV, biometric access, desk-time tracking)",IT or Software Services,More than 10 years,50 to 500 employees,Female,Individual contributor or entry level,Neither Agree nor Disagree,Strongly Agree,Disagree,Neither Agree nor Disagree,Disagree,Neither Agree nor Disagree,Disagree,Neither Agree nor Disagree,Strongly Disagree,Strongly Disagree,Disagree,Neither Agree nor Disagree,Agree,Disagree,Neither Agree nor Disagree,Disagree,Neither Agree nor Disagree,Neither Agree nor Disagree,Disagree,Neither Agree nor Disagree,Neither Agree nor Disagree,Neither Agree nor Disagree,Neither Agree nor Disagree,Neither Agree nor Disagree,Disagree,Neither Agree nor Disagree,Disagree,Strongly Disagree,Disagree,Disagree,Strongly Disagree,Often,Often,Often
10/5/2026 14:53:17,Both digital and physical monitoring,IT or Software Services,6 to 10 years,More than 500 employees,Female,Individual contributor or entry level,Disagree,Neither Agree nor Disagree,Neither Agree nor Disagree,Agree,Strongly Agree,Agree,Agree,Agree,Neither Agree nor Disagree,Neither Agree nor Disagree,Agree,Agree,Strongly Agree,Strongly Agree,Strongly Agree,Agree,Strongly Agree,Disagree,Strongly Agree,Disagree,Strongly Agree,Disagree,Agree,Agree,Disagree,Neither Agree nor Disagree,Disagree,Neither Agree nor Disagree,Neither Agree nor Disagree,Disagree,Neither Agree nor Disagree,Often,Often,Often
10/5/2026 14:56:56,Software or digital monitoring only,IT or Software Services,6 to 10 years,50 to 500 employees,Female,"Middle management (team lead, manager)",Agree,Neither Agree nor Disagree,Neither Agree nor Disagree,Agree,Neither Agree nor Disagree,Disagree,Neither Agree nor Disagree,Neither Agree nor Disagree,Agree,Agree,Neither Agree nor Disagree,Agree,Disagree,Neither Agree nor Disagree,Disagree,Disagree,Disagree,Agree,Strongly Disagree,Strongly Agree,Disagree,Strongly Agree,Disagree,Strongly Disagree,Disagree,Neither Agree nor Disagree,Neither Agree nor Disagree,Strongly Disagree,Disagree,Disagree,Neither Agree nor Disagree,Never,Never,Never
10/5/2026 14:58:44,Software or digital monitoring only,IT or Software Services,More than 10 years,More than 500 employees,Male,Individual contributor or entry level,Neither Agree nor Disagree,Neither Agree nor Disagree,Strongly Disagree,Agree,Agree,Strongly Disagree,Neither Agree nor Disagree,Agree,Disagree,Disagree,Neither Agree nor Disagree,Neither Agree nor Disagree,Agree,Agree,Agree,Agree,Agree,Disagree,Agree,Disagree,Strongly Agree,Strongly Disagree,Strongly Agree,Strongly Agree,Disagree,Agree,Agree,Agree,Agree,Neither Agree nor Disagree,Agree,Often,Often,Often
10/5/2026 15:00:01,Both digital and physical monitoring,BPO or ITES,2 to 5 years,More than 500 employees,Female,Individual contributor or entry level,Agree,Neither Agree nor Disagree,Strongly Disagree,Neither Agree nor Disagree,Agree,Neither Agree nor Disagree,Neither Agree nor Disagree,Neither Agree nor Disagree,Disagree,Strongly Disagree,Agree,Agree,Disagree,Disagree,Disagree,Disagree,Neither Agree nor Disagree,Agree,Disagree,Agree,Disagree,Agree,Neither Agree nor Disagree,Disagree,Disagree,Strongly Disagree,Strongly Disagree,Strongly Disagree,Strongly Disagree,Strongly Disagree,Strongly Disagree,Sometimes,Rarely,Rarely
10/5/2026 15:00:48,Software or digital monitoring only,BPO or ITES,More than 10 years,50 to 500 employees,Male,Individual contributor or entry level,Disagree,Strongly Disagree,Neither Agree nor Disagree,Neither Agree nor Disagree,Neither Agree nor Disagree,Disagree,Neither Agree nor Disagree,Neither Agree nor Disagree,Disagree,Disagree,Neither Agree nor Disagree,Disagree,Disagree,Agree,Disagree,Disagree,Disagree,Disagree,Neither Agree nor Disagree,Disagree,Agree,Strongly Disagree,Agree,Agree,Disagree,Disagree,Disagree,Neither Agree nor Disagree,Disagree,Disagree,Disagree,Rarely,Sometimes,Rarely
10/5/2026 15:08:09,Both digital and physical monitoring,BPO or ITES,Less than 2 years,50 to 500 employees,Female,Senior leadership (director and above),Agree,Agree,Strongly Agree,Strongly Agree,Agree,Strongly Agree,Agree,Strongly Agree,Agree,Neither Agree nor Disagree,Strongly Agree,Agree,Neither Agree nor Disagree,Strongly Disagree,Disagree,Disagree,Disagree,Neither Agree nor Disagree,Agree,Neither Agree nor Disagree,Neither Agree nor Disagree,Neither Agree nor Disagree,Agree,Agree,Disagree,Neither Agree nor Disagree,Neither Agree nor Disagree,Neither Agree nor Disagree,Agree,Agree,Disagree,Never,Rarely,Rarely
10/5/2026 15:15:51,Software or digital monitoring only,BPO or ITES,6 to 10 years,Fewer than 50 employees,Male,Individual contributor or entry level,Neither Agree nor Disagree,Neither Agree nor Disagree,Neither Agree nor Disagree,Strongly Agree,Strongly Agree,Disagree,Strongly Agree,Strongly Agree,Agree,Agree,Strongly Agree,Strongly Agree,Strongly Agree,Strongly Agree,Strongly Agree,Strongly Agree,Strongly Agree,Neither Agree nor Disagree,Agree,Disagree,Agree,Strongly Disagree,Neither Agree nor Disagree,Agree,Disagree,Agree,Neither Agree nor Disagree,Neither Agree nor Disagree,Neither Agree nor Disagree,Agree,Neither Agree nor Disagree,Often,Often,Often
10/5/2026 15:19:03,Both digital and physical monitoring,BPO or ITES,2 to 5 years,50 to 500 employees,Male,Individual contributor or entry level,Neither Agree nor Disagree,Strongly Agree,Agree,Strongly Agree,Agree,Agree,Agree,Agree,Neither Agree nor Disagree,Neither Agree nor Disagree,Agree,Neither Agree nor Disagree,Agree,Neither Agree nor Disagree,Neither Agree nor Disagree,Neither Agree nor Disagree,Neither Agree nor Disagree,Neither Agree nor Disagree,Agree,Strongly Disagree,Agree,Neither Agree nor Disagree,Neither Agree nor Disagree,Neither Agree nor Disagree,Disagree,Neither Agree nor Disagree,Agree,Agree,Strongly Agree,Agree,Agree,Often,Sometimes,Often
10/5/2026 15:21:54,Software or digital monitoring only,BPO or ITES,Less than 2 years,50 to 500 employees,Female,Individual contributor or entry level,Disagree,Disagree,Agree,Agree,Agree,Disagree,Neither Agree nor Disagree,Neither Agree nor Disagree,Agree,Disagree,Agree,Agree,Disagree,Neither Agree nor Disagree,Disagree,Neither Agree nor Disagree,Neither Agree nor Disagree,Neither Agree nor Disagree,Disagree,Neither Agree nor Disagree,Disagree,Neither Agree nor Disagree,Neither Agree nor Disagree,Neither Agree nor Disagree,Disagree,Neither Agree nor Disagree,Disagree,Neither Agree nor Disagree,Neither Agree nor Disagree,Neither Agree nor Disagree,Neither Agree nor Disagree,Sometimes,Sometimes,Sometimes
10/5/2026 15:24:52,Software or digital monitoring only,BPO or ITES,Less than 2 years,Fewer than 50 employees,Male,"Middle management (team lead, manager)",Agree,Disagree,Disagree,Agree,Agree,Disagree,Agree,Neither Agree nor Disagree,Neither Agree nor Disagree,Disagree,Agree,Agree,Disagree,Disagree,Disagree,Disagree,Disagree,Neither Agree nor Disagree,Neither Agree nor Disagree,Agree,Disagree,Agree,Strongly Disagree,Strongly Disagree,Disagree,Neither Agree nor Disagree,Agree,Disagree,Neither Agree nor Disagree,Neither Agree nor Disagree,Agree,Often,Sometimes,Sometimes
10/5/2026 15:26:04,I am not sure,BPO or ITES,6 to 10 years,50 to 500 employees,Male,Individual contributor or entry level,Disagree,Agree,Neither Agree nor Disagree,Neither Agree nor Disagree,Strongly Disagree,Disagree,Neither Agree nor Disagree,Neither Agree nor Disagree,Strongly Disagree,Neither Agree nor Disagree,Neither Agree nor Disagree,Agree,Neither Agree nor Disagree,Neither Agree nor Disagree,Disagree,Neither Agree nor Disagree,Disagree,Agree,Strongly Disagree,Agree,Disagree,Agree,Strongly Disagree,Disagree,Disagree,Neither Agree nor Disagree,Agree,Neither Agree nor Disagree,Agree,Neither Agree nor Disagree,Agree,Often,Often,Sometimes
10/5/2026 15:28:32,Software or digital monitoring only,IT or Software Services,Less than 2 years,Fewer than 50 employees,Male,Individual contributor or entry level,Strongly Disagree,Agree,Disagree,Agree,Agree,Strongly Disagree,Neither Agree nor Disagree,Agree,Strongly Disagree,Strongly Disagree,Agree,Agree,Neither Agree nor Disagree,Disagree,Disagree,Neither Agree nor Disagree,Disagree,Disagree,Agree,Disagree,Agree,Disagree,Neither Agree nor Disagree,Agree,Disagree,Neither Agree nor Disagree,Neither Agree nor Disagree,Neither Agree nor Disagree,Neither Agree nor Disagree,Agree,Neither Agree nor Disagree,Sometimes,Sometimes,Sometimes
10/5/2026 15:29:18,I am not sure,IT or Software Services,Less than 2 years,50 to 500 employees,Male,Individual contributor or entry level,Neither Agree nor Disagree,Agree,Disagree,Agree,Strongly Disagree,Disagree,Neither Agree nor Disagree,Neither Agree nor Disagree,Disagree,Strongly Disagree,Neither Agree nor Disagree,Neither Agree nor Disagree,Neither Agree nor Disagree,Neither Agree nor Disagree,Neither Agree nor Disagree,Agree,Neither Agree nor Disagree,Disagree,Agree,Disagree,Agree,Strongly Disagree,Agree,Agree,Disagree,Neither Agree nor Disagree,Neither Agree nor Disagree,Agree,Neither Agree nor Disagree,Neither Agree nor Disagree,Agree,Often,Sometimes,Sometimes
10/5/2026 15:30:09,Software or digital monitoring only,Consulting,2 to 5 years,50 to 500 employees,Female,"Middle management (team lead, manager)",Neither Agree nor Disagree,Neither Agree nor Disagree,Neither Agree nor Disagree,Agree,Neither Agree nor Disagree,Disagree,Neither Agree nor Disagree,Neither Agree nor Disagree,Agree,Neither Agree nor Disagree,Neither Agree nor Disagree,Neither Agree nor Disagree,Agree,Agree,Agree,Agree,Agree,Agree,Strongly Disagree,Agree,Disagree,Agree,Disagree,Disagree,Disagree,Neither Agree nor Disagree,Neither Agree nor Disagree,Agree,Neither Agree nor Disagree,Neither Agree nor Disagree,Agree,Rarely,Rarely,Rarely
10/5/2026 15:33:16,Software or digital monitoring only,BPO or ITES,6 to 10 years,More than 500 employees,Female,Individual contributor or entry level,Neither Agree nor Disagree,Agree,Neither Agree nor Disagree,Agree,Strongly Agree,Disagree,Agree,Agree,Agree,Neither Agree nor Disagree,Agree,Strongly Agree,Disagree,Strongly Disagree,Strongly Disagree,Strongly Disagree,Strongly Disagree,Agree,Disagree,Agree,Neither Agree nor Disagree,Neither Agree nor Disagree,Disagree,Disagree,Disagree,Disagree,Strongly Disagree,Strongly Disagree,Strongly Disagree,Strongly Disagree,Disagree,Rarely,Never,Rarely
10/5/2026 15:34:13,"Physical monitoring only (CCTV, biometric access, desk-time tracking)",IT or Software Services,2 to 5 years,50 to 500 employees,Female,Individual contributor or entry level,Neither Agree nor Disagree,Agree,Agree,Neither Agree nor Disagree,Disagree,Neither Agree nor Disagree,Neither Agree nor Disagree,Disagree,Strongly Disagree,Disagree,Agree,Neither Agree nor Disagree,Strongly Disagree,Strongly Disagree,Strongly Disagree,Strongly Disagree,Strongly Disagree,Agree,Strongly Disagree,Agree,Strongly Disagree,Strongly Agree,Disagree,Disagree,Disagree,Disagree,Disagree,Strongly Disagree,Disagree,Strongly Disagree,Disagree,Rarely,Rarely,Never
10/5/2026 15:36:36,"Physical monitoring only (CCTV, biometric access, desk-time tracking)",IT or Software Services,2 to 5 years,Fewer than 50 employees,Male,Individual contributor or entry level,Agree,Agree,Neither Agree nor Disagree,Neither Agree nor Disagree,Strongly Disagree,Neither Agree nor Disagree,Disagree,Disagree,Disagree,Strongly Disagree,Strongly Disagree,Disagree,Disagree,Neither Agree nor Disagree,Disagree,Disagree,Neither Agree nor Disagree,Agree,Strongly Disagree,Agree,Strongly Disagree,Strongly Agree,Strongly Disagree,Strongly Disagree,Disagree,Strongly Disagree,Strongly Disagree,Disagree,Strongly Disagree,Disagree,Disagree,Rarely,Never,Rarely
10/5/2026 15:38:41,Both digital and physical monitoring,IT or Software Services,2 to 5 years,50 to 500 employees,Non-binary or Other,Senior leadership (director and above),Neither Agree nor Disagree,Agree,Agree,Agree,Agree,Agree,Neither Agree nor Disagree,Agree,Agree,Neither Agree nor Disagree,Neither Agree nor Disagree,Agree,Disagree,Disagree,Strongly Disagree,Disagree,Disagree,Agree,Strongly Disagree,Agree,Strongly Disagree,Agree,Disagree,Disagree,Disagree,Disagree,Neither Agree nor Disagree,Neither Agree nor Disagree,Disagree,Strongly Disagree,Disagree,Rarely,Rarely,Sometimes
10/5/2026 15:39:38,I am not sure,IT or Software Services,2 to 5 years,50 to 500 employees,Female,Individual contributor or entry level,Strongly Agree,Neither Agree nor Disagree,Disagree,Neither Agree nor Disagree,Disagree,Disagree,Neither Agree nor Disagree,Neither Agree nor Disagree,Neither Agree nor Disagree,Agree,Neither Agree nor Disagree,Agree,Strongly Disagree,Disagree,Disagree,Disagree,Neither Agree nor Disagree,Strongly Agree,Strongly Disagree,Strongly Agree,Strongly Disagree,Agree,Strongly Disagree,Strongly Disagree,Disagree,Strongly Disagree,Strongly Disagree,Strongly Disagree,Strongly Disagree,Strongly Disagree,Strongly Disagree,Sometimes,Rarely,Rarely
10/5/2026 15:42:20,Software or digital monitoring only,IT or Software Services,2 to 5 years,More than 500 employees,Male,Individual contributor or entry level,Disagree,Strongly Agree,Disagree,Neither Agree nor Disagree,Neither Agree nor Disagree,Strongly Disagree,Disagree,Neither Agree nor Disagree,Strongly Disagree,Strongly Disagree,Neither Agree nor Disagree,Neither Agree nor Disagree,Strongly Agree,Strongly Agree,Strongly Agree,Agree,Agree,Strongly Disagree,Strongly Agree,Disagree,Agree,Strongly Disagree,Strongly Agree,Agree,Disagree,Strongly Agree,Strongly Agree,Strongly Agree,Strongly Agree,Strongly Agree,Strongly Agree,Often,Sometimes,Sometimes
10/5/2026 15:46:53,Both digital and physical monitoring,Manufacturing or Other Corporate,2 to 5 years,50 to 500 employees,Female,Individual contributor or entry level,Disagree,Neither Agree nor Disagree,Neither Agree nor Disagree,Agree,Agree,Agree,Neither Agree nor Disagree,Agree,Neither Agree nor Disagree,Disagree,Neither Agree nor Disagree,Neither Agree nor Disagree,Agree,Strongly Agree,Agree,Strongly Agree,Agree,Disagree,Neither Agree nor Disagree,Disagree,Agree,Disagree,Agree,Agree,Disagree,Neither Agree nor Disagree,Agree,Agree,Neither Agree nor Disagree,Agree,Neither Agree nor Disagree,Always,Always,Always
10/5/2026 15:47:26,"Physical monitoring only (CCTV, biometric access, desk-time tracking)",IT or Software Services,2 to 5 years,More than 500 employees,Male,"Middle management (team lead, manager)",Strongly Disagree,Neither Agree nor Disagree,Disagree,Agree,Disagree,Agree,Disagree,Neither Agree nor Disagree,Disagree,Disagree,Neither Agree nor Disagree,Neither Agree nor Disagree,Strongly Disagree,Strongly Disagree,Strongly Disagree,Strongly Disagree,Strongly Disagree,Agree,Disagree,Agree,Disagree,Agree,Disagree,Disagree,Disagree,Neither Agree nor Disagree,Neither Agree nor Disagree,Neither Agree nor Disagree,Neither Agree nor Disagree,Disagree,Disagree,Sometimes,Never,Rarely
10/5/2026 15:47:56,Both digital and physical monitoring,IT or Software Services,Less than 2 years,More than 500 employees,Female,Individual contributor or entry level,Disagree,Disagree,Disagree,Strongly Agree,Strongly Agree,Strongly Agree,Agree,Strongly Agree,Neither Agree nor Disagree,Neither Agree nor Disagree,Strongly Agree,Strongly Agree,Disagree,Agree,Neither Agree nor Disagree,Agree,Neither Agree nor Disagree,Neither Agree nor Disagree,Disagree,Agree,Disagree,Neither Agree nor Disagree,Disagree,Disagree,Disagree,Neither Agree nor Disagree,Disagree,Neither Agree nor Disagree,Neither Agree nor Disagree,Disagree,Disagree,Rarely,Rarely,Rarely
10/5/2026 15:52:18,Software or digital monitoring only,IT or Software Services,Less than 2 years,50 to 500 employees,Male,"Middle management (team lead, manager)",Agree,Neither Agree nor Disagree,Neither Agree nor Disagree,Agree,Agree,Disagree,Agree,Agree,Disagree,Disagree,Neither Agree nor Disagree,Neither Agree nor Disagree,Agree,Strongly Agree,Strongly Agree,Strongly Agree,Agree,Disagree,Neither Agree nor Disagree,Disagree,Agree,Disagree,Neither Agree nor Disagree,Strongly Agree,Disagree,Disagree,Neither Agree nor Disagree,Disagree,Neither Agree nor Disagree,Disagree,Disagree,Sometimes,Often,Sometimes
10/5/2026 15:54:57,Software or digital monitoring only,IT or Software Services,2 to 5 years,More than 500 employees,Female,"Middle management (team lead, manager)",Disagree,Agree,Strongly Disagree,Neither Agree nor Disagree,Neither Agree nor Disagree,Strongly Disagree,Disagree,Disagree,Disagree,Disagree,Neither Agree nor Disagree,Neither Agree nor Disagree,Agree,Strongly Agree,Agree,Agree,Strongly Agree,Strongly Disagree,Strongly Agree,Strongly Disagree,Strongly Agree,Strongly Disagree,Strongly Agree,Strongly Agree,Disagree,Strongly Agree,Strongly Agree,Strongly Agree,Strongly Agree,Strongly Agree,Strongly Agree,Always,Often,Often
10/5/2026 15:55:36,Both digital and physical monitoring,BPO or ITES,2 to 5 years,Fewer than 50 employees,Female,Individual contributor or entry level,Agree,Agree,Disagree,Neither Agree nor Disagree,Neither Agree nor Disagree,Neither Agree nor Disagree,Neither Agree nor Disagree,Neither Agree nor Disagree,Strongly Disagree,Strongly Disagree,Neither Agree nor Disagree,Disagree,Neither Agree nor Disagree,Neither Agree nor Disagree,Neither Agree nor Disagree,Neither Agree nor Disagree,Neither Agree nor Disagree,Strongly Disagree,Agree,Strongly Disagree,Strongly Agree,Strongly Disagree,Strongly Agree,Strongly Agree,Disagree,Agree,Agree,Strongly Agree,Strongly Agree,Neither Agree nor Disagree,Agree,Always,Often,Often
10/5/2026 15:57:21,I am not sure,Consulting,6 to 10 years,50 to 500 employees,Male,Individual contributor or entry level,Strongly Agree,Strongly Agree,Agree,Strongly Disagree,Disagree,Disagree,Strongly Disagree,Strongly Disagree,Strongly Disagree,Strongly Disagree,Disagree,Strongly Disagree,Agree,Neither Agree nor Disagree,Agree,Agree,Neither Agree nor Disagree,Strongly Disagree,Strongly Agree,Strongly Disagree,Strongly Agree,Disagree,Strongly Agree,Agree,Disagree,Strongly Agree,Strongly Agree,Agree,Agree,Strongly Agree,Strongly Agree,Always,Always,Always
10/5/2026 15:57:40,Software or digital monitoring only,BPO or ITES,6 to 10 years,50 to 500 employees,Female,Individual contributor or entry level,Neither Agree nor Disagree,Strongly Agree,Neither Agree nor Disagree,Agree,Agree,Disagree,Neither Agree nor Disagree,Agree,Disagree,Disagree,Disagree,Agree,Neither Agree nor Disagree,Disagree,Disagree,Disagree,Disagree,Disagree,Agree,Disagree,Agree,Disagree,Agree,Agree,Disagree,Strongly Agree,Strongly Agree,Strongly Agree,Strongly Agree,Strongly Agree,Strongly Agree,Sometimes,Often,Rarely
10/5/2026 15:58:05,Software or digital monitoring only,BPO or ITES,2 to 5 years,Fewer than 50 employees,Female,"Middle management (team lead, manager)",Disagree,Neither Agree nor Disagree,Strongly Disagree,Strongly Agree,Agree,Disagree,Neither Agree nor Disagree,Agree,Disagree,Disagree,Neither Agree nor Disagree,Neither Agree nor Disagree,Strongly Disagree,Strongly Disagree,Strongly Disagree,Strongly Disagree,Strongly Disagree,Disagree,Agree,Disagree,Agree,Disagree,Agree,Agree,Disagree,Neither Agree nor Disagree,Agree,Agree,Neither Agree nor Disagree,Agree,Agree,Rarely,Sometimes,Sometimes
10/5/2026 15:58:30,Software or digital monitoring only,IT or Software Services,2 to 5 years,More than 500 employees,Female,Individual contributor or entry level,Agree,Strongly Disagree,Neither Agree nor Disagree,Strongly Agree,Strongly Agree,Strongly Disagree,Strongly Agree,Strongly Agree,Agree,Agree,Agree,Agree,Strongly Agree,Agree,Strongly Agree,Strongly Agree,Strongly Agree,Strongly Disagree,Agree,Strongly Disagree,Strongly Agree,Disagree,Strongly Agree,Agree,Disagree,Disagree,Disagree,Disagree,Neither Agree nor Disagree,Disagree,Neither Agree nor Disagree,Rarely,Rarely,Sometimes
10/5/2026 15:59:00,Software or digital monitoring only,IT or Software Services,2 to 5 years,More than 500 employees,Male,Individual contributor or entry level,Neither Agree nor Disagree,Agree,Agree,Strongly Agree,Strongly Agree,Disagree,Strongly Agree,Strongly Agree,Agree,Agree,Strongly Agree,Agree,Agree,Strongly Agree,Agree,Agree,Strongly Agree,Agree,Disagree,Strongly Agree,Disagree,Agree,Neither Agree nor Disagree,Disagree,Disagree,Disagree,Disagree,Disagree,Neither Agree nor Disagree,Neither Agree nor Disagree,Neither Agree nor Disagree,Sometimes,Rarely,Rarely
10/5/2026 15:59:28,Software or digital monitoring only,Manufacturing or Other Corporate,Less than 2 years,50 to 500 employees,Female,Individual contributor or entry level,Strongly Agree,Agree,Neither Agree nor Disagree,Strongly Agree,Agree,Disagree,Agree,Strongly Agree,Agree,Strongly Agree,Agree,Agree,Neither Agree nor Disagree,Neither Agree nor Disagree,Neither Agree nor Disagree,Neither Agree nor Disagree,Neither Agree nor Disagree,Neither Agree nor Disagree,Agree,Disagree,Agree,Disagree,Agree,Agree,Disagree,Strongly Agree,Strongly Agree,Strongly Agree,Strongly Agree,Agree,Agree,Sometimes,Often,Often
10/5/2026 16:00:21,Both digital and physical monitoring,IT or Software Services,6 to 10 years,More than 500 employees,Female,Individual contributor or entry level,Strongly Agree,Agree,Disagree,Neither Agree nor Disagree,Agree,Agree,Agree,Neither Agree nor Disagree,Strongly Disagree,Disagree,Agree,Agree,Disagree,Disagree,Strongly Disagree,Disagree,Disagree,Neither Agree nor Disagree,Neither Agree nor Disagree,Disagree,Neither Agree nor Disagree,Neither Agree nor Disagree,Neither Agree nor Disagree,Neither Agree nor Disagree,Disagree,Agree,Neither Agree nor Disagree,Neither Agree nor Disagree,Agree,Agree,Agree,Rarely,Rarely,Rarely
10/5/2026 16:01:23,Software or digital monitoring only,IT or Software Services,6 to 10 years,50 to 500 employees,Female,Individual contributor or entry level,Disagree,Disagree,Strongly Disagree,Agree,Agree,Disagree,Agree,Agree,Neither Agree nor Disagree,Neither Agree nor Disagree,Neither Agree nor Disagree,Agree,Neither Agree nor Disagree,Disagree,Disagree,Disagree,Neither Agree nor Disagree,Disagree,Neither Agree nor Disagree,Neither Agree nor Disagree,Neither Agree nor Disagree,Disagree,Neither Agree nor Disagree,Neither Agree nor Disagree,Disagree,Strongly Agree,Agree,Strongly Agree,Strongly Agree,Agree,Agree,Never,Never,Never
10/5/2026 16:02:09,Software or digital monitoring only,Consulting,More than 10 years,More than 500 employees,Male,Senior leadership (director and above),Disagree,Strongly Agree,Strongly Agree,Neither Agree nor Disagree,Neither Agree nor Disagree,Strongly Disagree,Agree,Disagree,Strongly Disagree,Disagree,Agree,Neither Agree nor Disagree,Agree,Strongly Agree,Strongly Agree,Strongly Agree,Agree,Disagree,Agree,Neither Agree nor Disagree,Agree,Disagree,Strongly Agree,Strongly Agree,Disagree,Strongly Agree,Agree,Strongly Agree,Strongly Agree,Strongly Agree,Strongly Agree,Often,Sometimes,Often
10/5/2026 16:03:10,Both digital and physical monitoring,Consulting,Less than 2 years,Fewer than 50 employees,Male,Individual contributor or entry level,Neither Agree nor Disagree,Neither Agree nor Disagree,Neither Agree nor Disagree,Agree,Agree,Strongly Agree,Agree,Agree,Agree,Neither Agree nor Disagree,Agree,Agree,Neither Agree nor Disagree,Disagree,Disagree,Disagree,Disagree,Agree,Disagree,Agree,Neither Agree nor Disagree,Agree,Disagree,Disagree,Disagree,Agree,Neither Agree nor Disagree,Disagree,Agree,Disagree,Neither Agree nor Disagree,Rarely,Rarely,Never
10/5/2026 16:04:24,"Physical monitoring only (CCTV, biometric access, desk-time tracking)",Manufacturing or Other Corporate,Less than 2 years,More than 500 employees,Male,Individual contributor or entry level,Neither Agree nor Disagree,Strongly Agree,Disagree,Disagree,Strongly Disagree,Disagree,Disagree,Agree,Disagree,Strongly Disagree,Disagree,Disagree,Neither Agree nor Disagree,Disagree,Agree,Agree,Neither Agree nor Disagree,Disagree,Neither Agree nor Disagree,Neither Agree nor Disagree,Disagree,Agree,Neither Agree nor Disagree,Agree,Disagree,Agree,Neither Agree nor Disagree,Agree,Agree,Agree,Agree,Often,Often,Often
10/5/2026 16:06:01,Software or digital monitoring only,BPO or ITES,2 to 5 years,50 to 500 employees,Female,"Middle management (team lead, manager)",Agree,Disagree,Disagree,Agree,Agree,Disagree,Neither Agree nor Disagree,Neither Agree nor Disagree,Disagree,Strongly Disagree,Agree,Agree,Strongly Disagree,Strongly Disagree,Strongly Disagree,Disagree,Disagree,Neither Agree nor Disagree,Neither Agree nor Disagree,Neither Agree nor Disagree,Disagree,Neither Agree nor Disagree,Neither Agree nor Disagree,Neither Agree nor Disagree,Disagree,Strongly Disagree,Disagree,Disagree,Strongly Disagree,Disagree,Strongly Disagree,Rarely,Sometimes,Sometimes
10/5/2026 16:07:32,Software or digital monitoring only,Manufacturing or Other Corporate,Less than 2 years,50 to 500 employees,Female,Individual contributor or entry level,Disagree,Neither Agree nor Disagree,Disagree,Agree,Agree,Strongly Disagree,Strongly Agree,Agree,Agree,Agree,Agree,Strongly Agree,Agree,Agree,Agree,Neither Agree nor Disagree,Neither Agree nor Disagree,Disagree,Agree,Neither Agree nor Disagree,Neither Agree nor Disagree,Neither Agree nor Disagree,Agree,Agree,Disagree,Neither Agree nor Disagree,Agree,Agree,Neither Agree nor Disagree,Agree,Neither Agree nor Disagree,Sometimes,Sometimes,Sometimes
10/5/2026 16:08:30,Both digital and physical monitoring,IT or Software Services,2 to 5 years,More than 500 employees,Female,Individual contributor or entry level,Neither Agree nor Disagree,Disagree,Disagree,Agree,Agree,Strongly Agree,Agree,Strongly Agree,Agree,Neither Agree nor Disagree,Strongly Agree,Agree,Neither Agree nor Disagree,Disagree,Disagree,Disagree,Neither Agree nor Disagree,Agree,Agree,Neither Agree nor Disagree,Neither Agree nor Disagree,Disagree,Disagree,Neither Agree nor Disagree,Disagree,Disagree,Strongly Disagree,Strongly Disagree,Strongly Disagree,Disagree,Disagree,Rarely,Sometimes,Sometimes
10/5/2026 16:11:04,Both digital and physical monitoring,BPO or ITES,Less than 2 years,More than 500 employees,Male,"Middle management (team lead, manager)",Disagree,Neither Agree nor Disagree,Strongly Disagree,Strongly Agree,Strongly Agree,Strongly Agree,Agree,Strongly Agree,Neither Agree nor Disagree,Agree,Strongly Agree,Strongly Agree,Agree,Agree,Agree,Agree,Agree,Disagree,Neither Agree nor Disagree,Neither Agree nor Disagree,Neither Agree nor Disagree,Disagree,Neither Agree nor Disagree,Neither Agree nor Disagree,Disagree,Disagree,Disagree,Disagree,Disagree,Strongly Disagree,Strongly Disagree,Sometimes,Rarely,Sometimes
10/5/2026 16:11:47,Software or digital monitoring only,IT or Software Services,More than 10 years,50 to 500 employees,Male,Individual contributor or entry level,Disagree,Agree,Strongly Agree,Strongly Agree,Strongly Agree,Strongly Disagree,Agree,Strongly Agree,Strongly Disagree,Strongly Disagree,Strongly Agree,Agree,Strongly Agree,Strongly Agree,Strongly Agree,Strongly Agree,Strongly Agree,Disagree,Strongly Agree,Strongly Disagree,Strongly Agree,Disagree,Agree,Strongly Agree,Disagree,Neither Agree nor Disagree,Neither Agree nor Disagree,Neither Agree nor Disagree,Agree,Agree,Agree,Always,Often,Often
10/5/2026 16:12:33,"Physical monitoring only (CCTV, biometric access, desk-time tracking)",Other,2 to 5 years,Fewer than 50 employees,Male,Individual contributor or entry level,Agree,Agree,Neither Agree nor Disagree,Neither Agree nor Disagree,Strongly Disagree,Disagree,Disagree,Disagree,Strongly Disagree,Strongly Disagree,Neither Agree nor Disagree,Disagree,Neither Agree nor Disagree,Disagree,Neither Agree nor Disagree,Neither Agree nor Disagree,Disagree,Neither Agree nor Disagree,Agree,Disagree,Agree,Neither Agree nor Disagree,Neither Agree nor Disagree,Neither Agree nor Disagree,Disagree,Agree,Agree,Agree,Agree,Agree,Agree,Sometimes,Sometimes,Sometimes
10/5/2026 16:13:42,Both digital and physical monitoring,Consulting,2 to 5 years,More than 500 employees,Female,"Middle management (team lead, manager)",Neither Agree nor Disagree,Strongly Agree,Neither Agree nor Disagree,Agree,Neither Agree nor Disagree,Agree,Disagree,Neither Agree nor Disagree,Neither Agree nor Disagree,Neither Agree nor Disagree,Neither Agree nor Disagree,Disagree,Neither Agree nor Disagree,Disagree,Disagree,Disagree,Disagree,Agree,Neither Agree nor Disagree,Neither Agree nor Disagree,Disagree,Agree,Neither Agree nor Disagree,Neither Agree nor Disagree,Disagree,Disagree,Disagree,Neither Agree nor Disagree,Disagree,Disagree,Strongly Disagree,Never,Rarely,Rarely
10/5/2026 16:15:20,Both digital and physical monitoring,Manufacturing or Other Corporate,6 to 10 years,Fewer than 50 employees,Prefer not to say,Individual contributor or entry level,Agree,Neither Agree nor Disagree,Agree,Agree,Agree,Agree,Agree,Neither Agree nor Disagree,Strongly Disagree,Neither Agree nor Disagree,Agree,Agree,Neither Agree nor Disagree,Neither Agree nor Disagree,Neither Agree nor Disagree,Neither Agree nor Disagree,Neither Agree nor Disagree,Neither Agree nor Disagree,Neither Agree nor Disagree,Neither Agree nor Disagree,Neither Agree nor Disagree,Neither Agree nor Disagree,Disagree,Disagree,Disagree,Disagree,Strongly Disagree,Strongly Disagree,Strongly Disagree,Disagree,Strongly Disagree,Rarely,Sometimes,Rarely
10/5/2026 16:18:45,Both digital and physical monitoring,IT or Software Services,More than 10 years,50 to 500 employees,Male,Individual contributor or entry level,Agree,Neither Agree nor Disagree,Disagree,Strongly Agree,Strongly Agree,Strongly Agree,Strongly Agree,Strongly Agree,Agree,Strongly Agree,Strongly Agree,Strongly Agree,Strongly Disagree,Strongly Disagree,Strongly Disagree,Disagree,Strongly Disagree,Strongly Agree,Strongly Disagree,Strongly Agree,Strongly Disagree,Strongly Agree,Strongly Disagree,Strongly Disagree,Disagree,Disagree,Disagree,Disagree,Disagree,Disagree,Neither Agree nor Disagree,Never,Never,Never
10/5/2026 16:23:39,Both digital and physical monitoring,IT or Software Services,2 to 5 years,More than 500 employees,Female,Individual contributor or entry level,Agree,Strongly Agree,Disagree,Strongly Agree,Strongly Agree,Strongly Agree,Strongly Agree,Strongly Agree,Agree,Strongly Agree,Agree,Agree,Disagree,Strongly Disagree,Disagree,Strongly Disagree,Disagree,Agree,Disagree,Strongly Agree,Disagree,Strongly Agree,Strongly Disagree,Disagree,Disagree,Disagree,Disagree,Disagree,Disagree,Disagree,Disagree,Sometimes,Sometimes,Sometimes
10/5/2026 16:28:58,Both digital and physical monitoring,IT or Software Services,2 to 5 years,More than 500 employees,Male,Individual contributor or entry level,Strongly Agree,Neither Agree nor Disagree,Agree,Agree,Neither Agree nor Disagree,Agree,Agree,Agree,Disagree,Strongly Disagree,Neither Agree nor Disagree,Neither Agree nor Disagree,Disagree,Disagree,Disagree,Strongly Disagree,Neither Agree nor Disagree,Disagree,Agree,Disagree,Agree,Neither Agree nor Disagree,Agree,Agree,Disagree,Agree,Agree,Neither Agree nor Disagree,Neither Agree nor Disagree,Disagree,Neither Agree nor Disagree,Sometimes,Sometimes,Sometimes
10/5/2026 16:34:28,Both digital and physical monitoring,IT or Software Services,Less than 2 years,More than 500 employees,Female,Individual contributor or entry level,Neither Agree nor Disagree,Neither Agree nor Disagree,Agree,Agree,Agree,Agree,Agree,Agree,Agree,Agree,Agree,Agree,Strongly Disagree,Strongly Disagree,Disagree,Strongly Disagree,Strongly Disagree,Agree,Disagree,Agree,Neither Agree nor Disagree,Agree,Strongly Disagree,Neither Agree nor Disagree,Disagree,Disagree,Agree,Agree,Neither Agree nor Disagree,Neither Agree nor Disagree,Neither Agree nor Disagree,Never,Never,Rarely
10/5/2026 16:36:35,"Physical monitoring only (CCTV, biometric access, desk-time tracking)",IT or Software Services,2 to 5 years,50 to 500 employees,Male,Individual contributor or entry level,Neither Agree nor Disagree,Strongly Agree,Neither Agree nor Disagree,Neither Agree nor Disagree,Disagree,Disagree,Disagree,Neither Agree nor Disagree,Strongly Disagree,Strongly Disagree,Disagree,Disagree,Disagree,Neither Agree nor Disagree,Neither Agree nor Disagree,Disagree,Strongly Disagree,Strongly Disagree,Strongly Agree,Strongly Disagree,Strongly Agree,Strongly Disagree,Strongly Agree,Strongly Agree,Disagree,Agree,Neither Agree nor Disagree,Neither Agree nor Disagree,Neither Agree nor Disagree,Neither Agree nor Disagree,Agree,Sometimes,Sometimes,Often
10/5/2026 16:37:17,Software or digital monitoring only,IT or Software Services,2 to 5 years,50 to 500 employees,Male,Individual contributor or entry level,Agree,Agree,Disagree,Agree,Agree,Disagree,Neither Agree nor Disagree,Neither Agree nor Disagree,Disagree,Disagree,Neither Agree nor Disagree,Neither Agree nor Disagree,Disagree,Disagree,Disagree,Disagree,Disagree,Strongly Agree,Disagree,Agree,Strongly Disagree,Agree,Disagree,Disagree,Disagree,Agree,Neither Agree nor Disagree,Neither Agree nor Disagree,Agree,Agree,Neither Agree nor Disagree,Sometimes,Rarely,Sometimes
10/5/2026 16:38:04,Both digital and physical monitoring,IT or Software Services,2 to 5 years,50 to 500 employees,Male,"Middle management (team lead, manager)",Agree,Neither Agree nor Disagree,Strongly Agree,Strongly Agree,Agree,Strongly Agree,Agree,Agree,Neither Agree nor Disagree,Agree,Agree,Agree,Disagree,Disagree,Disagree,Disagree,Disagree,Agree,Strongly Disagree,Strongly Agree,Strongly Disagree,Strongly Agree,Strongly Disagree,Strongly Disagree,Disagree,Disagree,Disagree,Strongly Disagree,Disagree,Disagree,Disagree,Never,Never,Never
10/5/2026 16:39:27,Both digital and physical monitoring,IT or Software Services,More than 10 years,More than 500 employees,Female,"Middle management (team lead, manager)",Agree,Disagree,Disagree,Strongly Agree,Strongly Agree,Strongly Agree,Strongly Agree,Strongly Agree,Neither Agree nor Disagree,Agree,Strongly Agree,Agree,Neither Agree nor Disagree,Disagree,Agree,Disagree,Neither Agree nor Disagree,Neither Agree nor Disagree,Neither Agree nor Disagree,Neither Agree nor Disagree,Neither Agree nor Disagree,Neither Agree nor Disagree,Neither Agree nor Disagree,Disagree,Disagree,Neither Agree nor Disagree,Agree,Agree,Agree,Neither Agree nor Disagree,Agree,Sometimes,Rarely,Sometimes
10/5/2026 16:40:21,Both digital and physical monitoring,IT or Software Services,Less than 2 years,50 to 500 employees,Male,"Middle management (team lead, manager)",Agree,Agree,Strongly Disagree,Neither Agree nor Disagree,Agree,Neither Agree nor Disagree,Neither Agree nor Disagree,Neither Agree nor Disagree,Neither Agree nor Disagree,Neither Agree nor Disagree,Disagree,Neither Agree nor Disagree,Strongly Disagree,Strongly Disagree,Strongly Disagree,Strongly Disagree,Strongly Disagree,Neither Agree nor Disagree,Neither Agree nor Disagree,Agree,Disagree,Agree,Disagree,Disagree,Disagree,Neither Agree nor Disagree,Agree,Neither Agree nor Disagree,Agree,Neither Agree nor Disagree,Agree,Never,Never,Never
10/5/2026 16:41:22,Software or digital monitoring only,Consulting,Less than 2 years,50 to 500 employees,Male,Senior leadership (director and above),Neither Agree nor Disagree,Disagree,Disagree,Neither Agree nor Disagree,Strongly Agree,Disagree,Agree,Agree,Neither Agree nor Disagree,Neither Agree nor Disagree,Neither Agree nor Disagree,Agree,Strongly Disagree,Disagree,Disagree,Disagree,Disagree,Strongly Agree,Disagree,Strongly Agree,Strongly Disagree,Strongly Agree,Disagree,Strongly Disagree,Disagree,Neither Agree nor Disagree,Neither Agree nor Disagree,Agree,Neither Agree nor Disagree,Neither Agree nor Disagree,Neither Agree nor Disagree,Rarely,Rarely,Rarely
10/5/2026 16:41:38,Software or digital monitoring only,Manufacturing or Other Corporate,Less than 2 years,More than 500 employees,Female,Individual contributor or entry level,Agree,Disagree,Strongly Disagree,Strongly Agree,Agree,Disagree,Neither Agree nor Disagree,Strongly Agree,Agree,Strongly Agree,Agree,Agree,Disagree,Disagree,Disagree,Disagree,Disagree,Agree,Disagree,Agree,Neither Agree nor Disagree,Agree,Strongly Disagree,Disagree,Disagree,Disagree,Disagree,Disagree,Disagree,Disagree,Disagree,Never,Never,Never
10/5/2026 16:41:59,"Physical monitoring only (CCTV, biometric access, desk-time tracking)",IT or Software Services,More than 10 years,More than 500 employees,Male,Individual contributor or entry level,Neither Agree nor Disagree,Strongly Agree,Disagree,Agree,Disagree,Agree,Strongly Agree,Agree,Disagree,Neither Agree nor Disagree,Agree,Agree,Neither Agree nor Disagree,Agree,Neither Agree nor Disagree,Agree,Neither Agree nor Disagree,Disagree,Neither Agree nor Disagree,Neither Agree nor Disagree,Neither Agree nor Disagree,Disagree,Neither Agree nor Disagree,Disagree,Disagree,Agree,Neither Agree nor Disagree,Neither Agree nor Disagree,Neither Agree nor Disagree,Neither Agree nor Disagree,Agree,Sometimes,Sometimes,Sometimes
10/5/2026 16:42:29,Software or digital monitoring only,IT or Software Services,Less than 2 years,50 to 500 employees,Male,"Middle management (team lead, manager)",Strongly Agree,Disagree,Neither Agree nor Disagree,Strongly Agree,Strongly Agree,Disagree,Agree,Agree,Strongly Agree,Strongly Agree,Agree,Agree,Neither Agree nor Disagree,Disagree,Neither Agree nor Disagree,Disagree,Neither Agree nor Disagree,Agree,Disagree,Agree,Disagree,Agree,Neither Agree nor Disagree,Disagree,Disagree,Agree,Strongly Agree,Neither Agree nor Disagree,Agree,Agree,Agree,Never,Never,Never
10/5/2026 16:42:56,Software or digital monitoring only,IT or Software Services,Less than 2 years,50 to 500 employees,Male,"Middle management (team lead, manager)",Strongly Agree,Strongly Disagree,Neither Agree nor Disagree,Neither Agree nor Disagree,Neither Agree nor Disagree,Disagree,Neither Agree nor Disagree,Neither Agree nor Disagree,Strongly Disagree,Strongly Disagree,Disagree,Neither Agree nor Disagree,Disagree,Neither Agree nor Disagree,Neither Agree nor Disagree,Neither Agree nor Disagree,Disagree,Disagree,Agree,Disagree,Strongly Agree,Disagree,Agree,Agree,Disagree,Strongly Agree,Strongly Agree,Agree,Strongly Agree,Agree,Strongly Agree,Often,Sometimes,Sometimes
10/5/2026 16:43:26,Both digital and physical monitoring,IT or Software Services,2 to 5 years,50 to 500 employees,Male,Senior leadership (director and above),Agree,Disagree,Disagree,Agree,Agree,Neither Agree nor Disagree,Agree,Neither Agree nor Disagree,Neither Agree nor Disagree,Neither Agree nor Disagree,Agree,Neither Agree nor Disagree,Disagree,Disagree,Strongly Disagree,Disagree,Disagree,Agree,Disagree,Agree,Disagree,Neither Agree nor Disagree,Disagree,Neither Agree nor Disagree,Disagree,Strongly Agree,Agree,Agree,Agree,Agree,Agree,Never,Never,Rarely
10/5/2026 16:44:19,Software or digital monitoring only,IT or Software Services,6 to 10 years,50 to 500 employees,Male,Individual contributor or entry level,Neither Agree nor Disagree,Strongly Agree,Disagree,Disagree,Agree,Disagree,Strongly Disagree,Disagree,Strongly Agree,Neither Agree nor Disagree,Neither Agree nor Disagree,Disagree,Strongly Disagree,Strongly Disagree,Strongly Disagree,Strongly Disagree,Strongly Disagree,Agree,Strongly Disagree,Strongly Agree,Strongly Disagree,Strongly Agree,Strongly Disagree,Strongly Disagree,Disagree,Strongly Disagree,Neither Agree nor Disagree,Disagree,Disagree,Disagree,Strongly Disagree,Never,Rarely,Rarely
10/5/2026 16:45:09,Software or digital monitoring only,IT or Software Services,2 to 5 years,More than 500 employees,Male,Individual contributor or entry level,Neither Agree nor Disagree,Strongly Agree,Strongly Disagree,Strongly Agree,Strongly Agree,Disagree,Agree,Agree,Neither Agree nor Disagree,Neither Agree nor Disagree,Agree,Strongly Agree,Strongly Disagree,Strongly Disagree,Strongly Disagree,Strongly Disagree,Strongly Disagree,Strongly Agree,Disagree,Neither Agree nor Disagree,Strongly Disagree,Agree,Strongly Disagree,Disagree,Disagree,Agree,Neither Agree nor Disagree,Disagree,Disagree,Neither Agree nor Disagree,Disagree,Rarely,Rarely,Rarely
10/5/2026 16:46:13,Software or digital monitoring only,IT or Software Services,2 to 5 years,More than 500 employees,Male,Individual contributor or entry level,Neither Agree nor Disagree,Agree,Disagree,Neither Agree nor Disagree,Neither Agree nor Disagree,Strongly Disagree,Neither Agree nor Disagree,Neither Agree nor Disagree,Neither Agree nor Disagree,Neither Agree nor Disagree,Neither Agree nor Disagree,Neither Agree nor Disagree,Agree,Neither Agree nor Disagree,Neither Agree nor Disagree,Neither Agree nor Disagree,Agree,Disagree,Disagree,Neither Agree nor Disagree,Disagree,Neither Agree nor Disagree,Disagree,Neither Agree nor Disagree,Disagree,Disagree,Disagree,Neither Agree nor Disagree,Disagree,Neither Agree nor Disagree,Neither Agree nor Disagree,Often,Sometimes,Often
10/5/2026 16:47:19,"Physical monitoring only (CCTV, biometric access, desk-time tracking)",Consulting,2 to 5 years,50 to 500 employees,Non-binary or Other,Individual contributor or entry level,Disagree,Strongly Disagree,Strongly Disagree,Agree,Disagree,Agree,Agree,Agree,Neither Agree nor Disagree,Agree,Neither Agree nor Disagree,Agree,Strongly Disagree,Disagree,Disagree,Disagree,Neither Agree nor Disagree,Strongly Agree,Strongly Disagree,Strongly Agree,Disagree,Agree,Strongly Disagree,Strongly Disagree,Disagree,Disagree,Disagree,Disagree,Disagree,Strongly Disagree,Disagree,Rarely,Rarely,Rarely
10/5/2026 16:48:32,Software or digital monitoring only,IT or Software Services,Less than 2 years,Fewer than 50 employees,Female,Senior leadership (director and above),Agree,Disagree,Neither Agree nor Disagree,Strongly Agree,Strongly Agree,Strongly Disagree,Agree,Strongly Agree,Agree,Agree,Agree,Agree,Neither Agree nor Disagree,Disagree,Agree,Disagree,Disagree,Agree,Neither Agree nor Disagree,Agree,Disagree,Neither Agree nor Disagree,Disagree,Disagree,Disagree,Neither Agree nor Disagree,Disagree,Neither Agree nor Disagree,Neither Agree nor Disagree,Neither Agree nor Disagree,Agree,Rarely,Sometimes,Rarely
10/5/2026 16:49:18,Software or digital monitoring only,Consulting,2 to 5 years,50 to 500 employees,Male,Individual contributor or entry level,Strongly Agree,Disagree,Agree,Strongly Agree,Agree,Disagree,Agree,Strongly Agree,Agree,Neither Agree nor Disagree,Neither Agree nor Disagree,Agree,Neither Agree nor Disagree,Agree,Neither Agree nor Disagree,Neither Agree nor Disagree,Agree,Neither Agree nor Disagree,Disagree,Neither Agree nor Disagree,Neither Agree nor Disagree,Agree,Disagree,Disagree,Disagree,Strongly Disagree,Strongly Disagree,Strongly Disagree,Strongly Disagree,Strongly Disagree,Disagree,Rarely,Sometimes,Sometimes
10/5/2026 16:53:57,Software or digital monitoring only,IT or Software Services,2 to 5 years,50 to 500 employees,Female,Individual contributor or entry level,Agree,Agree,Disagree,Agree,Neither Agree nor Disagree,Disagree,Neither Agree nor Disagree,Agree,Neither Agree nor Disagree,Neither Agree nor Disagree,Agree,Neither Agree nor Disagree,Strongly Disagree,Disagree,Disagree,Strongly Disagree,Strongly Disagree,Agree,Disagree,Agree,Disagree,Agree,Disagree,Disagree,Disagree,Agree,Neither Agree nor Disagree,Neither Agree nor Disagree,Agree,Agree,Agree,Rarely,Rarely,Rarely
10/5/2026 16:54:49,Software or digital monitoring only,IT or Software Services,2 to 5 years,50 to 500 employees,Male,"Middle management (team lead, manager)",Neither Agree nor Disagree,Agree,Strongly Disagree,Strongly Agree,Strongly Agree,Strongly Disagree,Agree,Agree,Neither Agree nor Disagree,Agree,Agree,Strongly Agree,Disagree,Neither Agree nor Disagree,Disagree,Neither Agree nor Disagree,Neither Agree nor Disagree,Agree,Strongly Disagree,Agree,Disagree,Strongly Agree,Disagree,Disagree,Disagree,Disagree,Disagree,Disagree,Disagree,Neither Agree nor Disagree,Disagree,Rarely,Rarely,Sometimes
10/5/2026 17:06:19,Software or digital monitoring only,IT or Software Services,2 to 5 years,50 to 500 employees,Female,Individual contributor or entry level,Neither Agree nor Disagree,Neither Agree nor Disagree,Strongly Agree,Neither Agree nor Disagree,Agree,Strongly Disagree,Neither Agree nor Disagree,Agree,Neither Agree nor Disagree,Disagree,Neither Agree nor Disagree,Neither Agree nor Disagree,Strongly Agree,Strongly Agree,Strongly Agree,Strongly Agree,Strongly Agree,Strongly Disagree,Strongly Agree,Strongly Disagree,Strongly Agree,Strongly Disagree,Strongly Agree,Agree,Disagree,Strongly Agree,Strongly Agree,Agree,Strongly Agree,Agree,Strongly Agree,Always,Always,Always
10/5/2026 17:10:42,Both digital and physical monitoring,IT or Software Services,Less than 2 years,More than 500 employees,Male,"Middle management (team lead, manager)",Agree,Agree,Strongly Disagree,Strongly Agree,Agree,Strongly Agree,Agree,Agree,Disagree,Strongly Disagree,Strongly Agree,Agree,Strongly Agree,Agree,Neither Agree nor Disagree,Agree,Strongly Agree,Strongly Disagree,Agree,Strongly Disagree,Strongly Agree,Strongly Disagree,Strongly Agree,Strongly Agree,Disagree,Agree,Agree,Strongly Agree,Agree,Agree,Agree,Always,Always,Always
10/5/2026 17:10:58,Both digital and physical monitoring,BPO or ITES,2 to 5 years,50 to 500 employees,Female,Individual contributor or entry level,Neither Agree nor Disagree,Neither Agree nor Disagree,Neither Agree nor Disagree,Disagree,Disagree,Neither Agree nor Disagree,Disagree,Neither Agree nor Disagree,Strongly Disagree,Strongly Disagree,Disagree,Disagree,Disagree,Strongly Disagree,Disagree,Disagree,Disagree,Agree,Disagree,Agree,Disagree,Agree,Neither Agree nor Disagree,Disagree,Disagree,Disagree,Disagree,Disagree,Neither Agree nor Disagree,Disagree,Disagree,Rarely,Rarely,Rarely
10/5/2026 17:11:18,Both digital and physical monitoring,Other,More than 10 years,50 to 500 employees,Female,Individual contributor or entry level,Neither Agree nor Disagree,Agree,Neither Agree nor Disagree,Agree,Agree,Agree,Agree,Agree,Neither Agree nor Disagree,Neither Agree nor Disagree,Strongly Agree,Strongly Agree,Disagree,Neither Agree nor Disagree,Neither Agree nor Disagree,Neither Agree nor Disagree,Neither Agree nor Disagree,Neither Agree nor Disagree,Disagree,Agree,Neither Agree nor Disagree,Agree,Disagree,Disagree,Disagree,Neither Agree nor Disagree,Neither Agree nor Disagree,Disagree,Disagree,Disagree,Neither Agree nor Disagree,Sometimes,Sometimes,Rarely
10/5/2026 17:11:50,Software or digital monitoring only,IT or Software Services,2 to 5 years,50 to 500 employees,Prefer not to say,Individual contributor or entry level,Strongly Agree,Agree,Strongly Agree,Strongly Agree,Strongly Agree,Disagree,Neither Agree nor Disagree,Agree,Neither Agree nor Disagree,Neither Agree nor Disagree,Agree,Strongly Agree,Disagree,Agree,Neither Agree nor Disagree,Neither Agree nor Disagree,Disagree,Disagree,Neither Agree nor Disagree,Neither Agree nor Disagree,Neither Agree nor Disagree,Neither Agree nor Disagree,Agree,Neither Agree nor Disagree,Disagree,Agree,Agree,Neither Agree nor Disagree,Neither Agree nor Disagree,Agree,Agree,Often,Often,Often
10/5/2026 17:12:27,Both digital and physical monitoring,IT or Software Services,2 to 5 years,50 to 500 employees,Male,Individual contributor or entry level,Neither Agree nor Disagree,Disagree,Disagree,Agree,Agree,Neither Agree nor Disagree,Agree,Neither Agree nor Disagree,Disagree,Disagree,Agree,Neither Agree nor Disagree,Neither Agree nor Disagree,Neither Agree nor Disagree,Neither Agree nor Disagree,Strongly Agree,Agree,Disagree,Neither Agree nor Disagree,Neither Agree nor Disagree,Neither Agree nor Disagree,Neither Agree nor Disagree,Neither Agree nor Disagree,Agree,Disagree,Disagree,Neither Agree nor Disagree,Neither Agree nor Disagree,Agree,Neither Agree nor Disagree,Agree,Sometimes,Sometimes,Sometimes
10/5/2026 17:13:09,Software or digital monitoring only,IT or Software Services,2 to 5 years,Fewer than 50 employees,Female,Individual contributor or entry level,Agree,Neither Agree nor Disagree,Disagree,Strongly Agree,Strongly Agree,Strongly Disagree,Strongly Agree,Strongly Agree,Neither Agree nor Disagree,Neither Agree nor Disagree,Strongly Agree,Strongly Agree,Strongly Agree,Agree,Agree,Agree,Agree,Strongly Disagree,Agree,Disagree,Agree,Disagree,Neither Agree nor Disagree,Strongly Agree,Disagree,Agree,Neither Agree nor Disagree,Neither Agree nor Disagree,Strongly Agree,Agree,Neither Agree nor Disagree,Always,Always,Always
10/5/2026 17:13:44,Software or digital monitoring only,Consulting,6 to 10 years,More than 500 employees,Male,Senior leadership (director and above),Strongly Disagree,Strongly Agree,Agree,Neither Agree nor Disagree,Neither Agree nor Disagree,Disagree,Neither Agree nor Disagree,Neither Agree nor Disagree,Neither Agree nor Disagree,Disagree,Neither Agree nor Disagree,Neither Agree nor Disagree,Neither Agree nor Disagree,Neither Agree nor Disagree,Agree,Neither Agree nor Disagree,Neither Agree nor Disagree,Disagree,Agree,Neither Agree nor Disagree,Strongly Agree,Disagree,Agree,Neither Agree nor Disagree,Disagree,Strongly Agree,Strongly Agree,Strongly Agree,Strongly Agree,Strongly Agree,Strongly Agree,Often,Often,Often
10/5/2026 17:14:32,Both digital and physical monitoring,IT or Software Services,Less than 2 years,Fewer than 50 employees,Female,Senior leadership (director and above),Strongly Agree,Strongly Agree,Agree,Strongly Agree,Neither Agree nor Disagree,Agree,Agree,Neither Agree nor Disagree,Disagree,Disagree,Neither Agree nor Disagree,Agree,Agree,Neither Agree nor Disagree,Agree,Agree,Agree,Strongly Disagree,Strongly Agree,Strongly Disagree,Strongly Agree,Strongly Disagree,Agree,Strongly Agree,Disagree,Strongly Agree,Strongly Agree,Strongly Agree,Strongly Agree,Strongly Agree,Agree,Always,Always,Always
10/5/2026 17:15:41,Software or digital monitoring only,BPO or ITES,Less than 2 years,More than 500 employees,Female,Individual contributor or entry level,Agree,Strongly Agree,Disagree,Strongly Agree,Strongly Agree,Strongly Disagree,Strongly Agree,Strongly Agree,Neither Agree nor Disagree,Disagree,Agree,Strongly Agree,Strongly Agree,Strongly Agree,Strongly Agree,Agree,Agree,Agree,Disagree,Agree,Neither Agree nor Disagree,Agree,Neither Agree nor Disagree,Neither Agree nor Disagree,Disagree,Neither Agree nor Disagree,Neither Agree nor Disagree,Neither Agree nor Disagree,Agree,Neither Agree nor Disagree,Neither Agree nor Disagree,Sometimes,Often,Sometimes
10/5/2026 17:16:43,Software or digital monitoring only,IT or Software Services,Less than 2 years,More than 500 employees,Male,Individual contributor or entry level,Disagree,Neither Agree nor Disagree,Neither Agree nor Disagree,Agree,Neither Agree nor Disagree,Strongly Disagree,Neither Agree nor Disagree,Agree,Disagree,Disagree,Agree,Neither Agree nor Disagree,Neither Agree nor Disagree,Disagree,Neither Agree nor Disagree,Neither Agree nor Disagree,Neither Agree nor Disagree,Neither Agree nor Disagree,Neither Agree nor Disagree,Neither Agree nor Disagree,Agree,Neither Agree nor Disagree,Neither Agree nor Disagree,Neither Agree nor Disagree,Disagree,Agree,Agree,Neither Agree nor Disagree,Agree,Agree,Agree,Often,Always,Often
10/5/2026 17:17:50,Software or digital monitoring only,Manufacturing or Other Corporate,More than 10 years,More than 500 employees,Male,Individual contributor or entry level,Neither Agree nor Disagree,Neither Agree nor Disagree,Neither Agree nor Disagree,Disagree,Disagree,Disagree,Disagree,Disagree,Disagree,Strongly Disagree,Strongly Disagree,Disagree,Strongly Disagree,Strongly Disagree,Disagree,Disagree,Disagree,Agree,Disagree,Neither Agree nor Disagree,Disagree,Agree,Disagree,Neither Agree nor Disagree,Disagree,Disagree,Disagree,Disagree,Strongly Disagree,Strongly Disagree,Disagree,Sometimes,Rarely,Rarely
10/5/2026 17:21:20,Both digital and physical monitoring,IT or Software Services,2 to 5 years,50 to 500 employees,Female,"Middle management (team lead, manager)",Strongly Agree,Agree,Neither Agree nor Disagree,Neither Agree nor Disagree,Neither Agree nor Disagree,Neither Agree nor Disagree,Neither Agree nor Disagree,Neither Agree nor Disagree,Strongly Disagree,Disagree,Neither Agree nor Disagree,Disagree,Neither Agree nor Disagree,Agree,Neither Agree nor Disagree,Agree,Agree,Strongly Disagree,Agree,Disagree,Agree,Disagree,Agree,Agree,Disagree,Neither Agree nor Disagree,Disagree,Neither Agree nor Disagree,Neither Agree nor Disagree,Neither Agree nor Disagree,Neither Agree nor Disagree,Rarely,Sometimes,Sometimes
10/5/2026 17:22:52,"Physical monitoring only (CCTV, biometric access, desk-time tracking)",IT or Software Services,More than 10 years,More than 500 employees,Male,"Middle management (team lead, manager)",Neither Agree nor Disagree,Disagree,Agree,Neither Agree nor Disagree,Disagree,Agree,Neither Agree nor Disagree,Agree,Neither Agree nor Disagree,Neither Agree nor Disagree,Agree,Agree,Strongly Disagree,Strongly Disagree,Strongly Disagree,Strongly Disagree,Strongly Disagree,Neither Agree nor Disagree,Neither Agree nor Disagree,Neither Agree nor Disagree,Neither Agree nor Disagree,Neither Agree nor Disagree,Agree,Neither Agree nor Disagree,Disagree,Neither Agree nor Disagree,Neither Agree nor Disagree,Disagree,Disagree,Neither Agree nor Disagree,Disagree,Sometimes,Sometimes,Sometimes
10/5/2026 17:24:46,Both digital and physical monitoring,IT or Software Services,6 to 10 years,50 to 500 employees,Male,Individual contributor or entry level,Strongly Disagree,Neither Agree nor Disagree,Disagree,Strongly Agree,Strongly Agree,Strongly Agree,Strongly Agree,Strongly Agree,Neither Agree nor Disagree,Neither Agree nor Disagree,Strongly Agree,Strongly Agree,Agree,Strongly Agree,Agree,Strongly Agree,Strongly Agree,Neither Agree nor Disagree,Neither Agree nor Disagree,Neither Agree nor Disagree,Neither Agree nor Disagree,Neither Agree nor Disagree,Neither Agree nor Disagree,Neither Agree nor Disagree,Disagree,Agree,Agree,Agree,Agree,Agree,Agree,Always,Always,Often
10/5/2026 17:27:14,Software or digital monitoring only,IT or Software Services,Less than 2 years,Fewer than 50 employees,Female,"Middle management (team lead, manager)",Agree,Strongly Agree,Disagree,Neither Agree nor Disagree,Neither Agree nor Disagree,Disagree,Neither Agree nor Disagree,Neither Agree nor Disagree,Strongly Disagree,Strongly Disagree,Neither Agree nor Disagree,Neither Agree nor Disagree,Disagree,Agree,Neither Agree nor Disagree,Agree,Agree,Strongly Disagree,Strongly Agree,Strongly Disagree,Strongly Agree,Strongly Disagree,Agree,Strongly Agree,Disagree,Strongly Agree,Strongly Agree,Agree,Agree,Agree,Strongly Agree,Often,Often,Always
10/5/2026 17:29:36,Both digital and physical monitoring,IT or Software Services,6 to 10 years,More than 500 employees,Male,Individual contributor or entry level,Neither Agree nor Disagree,Neither Agree nor Disagree,Agree,Strongly Agree,Strongly Agree,Agree,Agree,Strongly Agree,Neither Agree nor Disagree,Neither Agree nor Disagree,Agree,Strongly Agree,Neither Agree nor Disagree,Disagree,Disagree,Neither Agree nor Disagree,Neither Agree nor Disagree,Strongly Disagree,Agree,Strongly Disagree,Agree,Strongly Disagree,Agree,Agree,Disagree,Agree,Agree,Strongly Agree,Strongly Agree,Agree,Agree,Often,Rarely,Sometimes
10/5/2026 17:30:08,Both digital and physical monitoring,IT or Software Services,6 to 10 years,More than 500 employees,Female,Individual contributor or entry level,Disagree,Agree,Neither Agree nor Disagree,Disagree,Disagree,Disagree,Strongly Disagree,Disagree,Strongly Disagree,Disagree,Disagree,Disagree,Agree,Neither Agree nor Disagree,Agree,Neither Agree nor Disagree,Neither Agree nor Disagree,Strongly Disagree,Neither Agree nor Disagree,Strongly Disagree,Strongly Agree,Strongly Disagree,Agree,Agree,Disagree,Neither Agree nor Disagree,Agree,Neither Agree nor Disagree,Neither Agree nor Disagree,Neither Agree nor Disagree,Neither Agree nor Disagree,Often,Always,Always
10/5/2026 17:31:47,Both digital and physical monitoring,IT or Software Services,2 to 5 years,More than 500 employees,Male,Individual contributor or entry level,Agree,Agree,Neither Agree nor Disagree,Neither Agree nor Disagree,Neither Agree nor Disagree,Neither Agree nor Disagree,Disagree,Neither Agree nor Disagree,Agree,Neither Agree nor Disagree,Neither Agree nor Disagree,Neither Agree nor Disagree,Agree,Agree,Neither Agree nor Disagree,Agree,Neither Agree nor Disagree,Neither Agree nor Disagree,Agree,Neither Agree nor Disagree,Neither Agree nor Disagree,Neither Agree nor Disagree,Agree,Neither Agree nor Disagree,Disagree,Strongly Agree,Strongly Agree,Strongly Agree,Agree,Strongly Agree,Agree,Sometimes,Often,Sometimes
10/5/2026 17:32:19,Software or digital monitoring only,BPO or ITES,2 to 5 years,50 to 500 employees,Male,Individual contributor or entry level,Neither Agree nor Disagree,Agree,Neither Agree nor Disagree,Agree,Neither Agree nor Disagree,Disagree,Neither Agree nor Disagree,Neither Agree nor Disagree,Neither Agree nor Disagree,Neither Agree nor Disagree,Neither Agree nor Disagree,Agree,Disagree,Disagree,Disagree,Disagree,Disagree,Neither Agree nor Disagree,Neither Agree nor Disagree,Neither Agree nor Disagree,Neither Agree nor Disagree,Agree,Agree,Neither Agree nor Disagree,Disagree,Disagree,Disagree,Strongly Disagree,Neither Agree nor Disagree,Strongly Disagree,Strongly Disagree,Sometimes,Sometimes,Often
10/5/2026 17:34:47,Software or digital monitoring only,BPO or ITES,6 to 10 years,50 to 500 employees,Female,Individual contributor or entry level,Agree,Strongly Agree,Strongly Agree,Strongly Agree,Strongly Agree,Strongly Disagree,Strongly Agree,Strongly Agree,Agree,Agree,Agree,Strongly Agree,Agree,Strongly Agree,Strongly Agree,Agree,Strongly Agree,Disagree,Neither Agree nor Disagree,Disagree,Neither Agree nor Disagree,Disagree,Neither Agree nor Disagree,Agree,Disagree,Agree,Neither Agree nor Disagree,Strongly Agree,Agree,Agree,Strongly Agree,Sometimes,Often,Sometimes
10/5/2026 17:37:14,Both digital and physical monitoring,BPO or ITES,More than 10 years,More than 500 employees,Male,"Middle management (team lead, manager)",Strongly Disagree,Strongly Agree,Neither Agree nor Disagree,Strongly Agree,Strongly Agree,Strongly Agree,Strongly Agree,Strongly Agree,Agree,Agree,Strongly Agree,Strongly Agree,Disagree,Strongly Disagree,Strongly Disagree,Strongly Disagree,Strongly Disagree,Disagree,Neither Agree nor Disagree,Neither Agree nor Disagree,Agree,Neither Agree nor Disagree,Neither Agree nor Disagree,Neither Agree nor Disagree,Disagree,Agree,Strongly Agree,Agree,Agree,Strongly Agree,Agree,Always,Sometimes,Often
10/5/2026 17:39:39,Software or digital monitoring only,Other,2 to 5 years,50 to 500 employees,Female,"Middle management (team lead, manager)",Disagree,Disagree,Disagree,Agree,Neither Agree nor Disagree,Strongly Disagree,Neither Agree nor Disagree,Neither Agree nor Disagree,Neither Agree nor Disagree,Neither Agree nor Disagree,Neither Agree nor Disagree,Neither Agree nor Disagree,Neither Agree nor Disagree,Agree,Agree,Agree,Agree,Strongly Disagree,Agree,Strongly Disagree,Agree,Strongly Disagree,Strongly Agree,Agree,Disagree,Agree,Strongly Agree,Agree,Agree,Strongly Agree,Strongly Agree,Sometimes,Rarely,Sometimes
10/5/2026 17:42:18,Software or digital monitoring only,IT or Software Services,6 to 10 years,More than 500 employees,Male,Senior leadership (director and above),Strongly Disagree,Strongly Agree,Neither Agree nor Disagree,Agree,Agree,Strongly Disagree,Agree,Agree,Strongly Disagree,Neither Agree nor Disagree,Agree,Strongly Agree,Neither Agree nor Disagree,Neither Agree nor Disagree,Neither Agree nor Disagree,Neither Agree nor Disagree,Disagree,Disagree,Neither Agree nor Disagree,Disagree,Neither Agree nor Disagree,Neither Agree nor Disagree,Neither Agree nor Disagree,Neither Agree nor Disagree,Disagree,Agree,Agree,Neither Agree nor Disagree,Agree,Agree,Neither Agree nor Disagree,Often,Often,Sometimes
10/5/2026 17:45:45,Software or digital monitoring only,IT or Software Services,Less than 2 years,50 to 500 employees,Female,Individual contributor or entry level,Disagree,Agree,Agree,Agree,Agree,Disagree,Agree,Agree,Agree,Agree,Neither Agree nor Disagree,Neither Agree nor Disagree,Neither Agree nor Disagree,Agree,Agree,Agree,Neither Agree nor Disagree,Disagree,Agree,Disagree,Agree,Disagree,Strongly Agree,Strongly Agree,Disagree,Neither Agree nor Disagree,Agree,Agree,Agree,Agree,Agree,Often,Often,Always
10/5/2026 17:46:55,Both digital and physical monitoring,Consulting,2 to 5 years,More than 500 employees,Female,"Middle management (team lead, manager)",Disagree,Neither Agree nor Disagree,Neither Agree nor Disagree,Strongly Agree,Agree,Agree,Agree,Agree,Disagree,Agree,Agree,Agree,Neither Agree nor Disagree,Agree,Agree,Neither Agree nor Disagree,Neither Agree nor Disagree,Agree,Neither Agree nor Disagree,Strongly Agree,Disagree,Agree,Disagree,Disagree,Disagree,Agree,Neither Agree nor Disagree,Agree,Agree,Neither Agree nor Disagree,Neither Agree nor Disagree,Often,Sometimes,Rarely
10/5/2026 17:48:21,Software or digital monitoring only,Manufacturing or Other Corporate,2 to 5 years,More than 500 employees,Male,Individual contributor or entry level,Strongly Disagree,Disagree,Disagree,Neither Agree nor Disagree,Agree,Strongly Disagree,Agree,Strongly Agree,Strongly Disagree,Neither Agree nor Disagree,Agree,Neither Agree nor Disagree,Strongly Disagree,Strongly Disagree,Strongly Disagree,Strongly Disagree,Strongly Disagree,Agree,Disagree,Agree,Disagree,Agree,Disagree,Strongly Disagree,Disagree,Strongly Disagree,Strongly Disagree,Strongly Disagree,Strongly Disagree,Strongly Disagree,Strongly Disagree,Rarely,Sometimes,Sometimes
10/5/2026 17:48:54,I am not sure,BPO or ITES,Less than 2 years,50 to 500 employees,Male,Individual contributor or entry level,Strongly Agree,Strongly Agree,Neither Agree nor Disagree,Strongly Disagree,Strongly Disagree,Strongly Disagree,Strongly Disagree,Disagree,Disagree,Disagree,Strongly Disagree,Strongly Disagree,Neither Agree nor Disagree,Neither Agree nor Disagree,Agree,Neither Agree nor Disagree,Neither Agree nor Disagree,Neither Agree nor Disagree,Neither Agree nor Disagree,Neither Agree nor Disagree,Neither Agree nor Disagree,Neither Agree nor Disagree,Disagree,Agree,Disagree,Agree,Agree,Neither Agree nor Disagree,Agree,Strongly Agree,Agree,Sometimes,Sometimes,Sometimes
10/5/2026 17:49:15,Software or digital monitoring only,IT or Software Services,Less than 2 years,50 to 500 employees,Male,"Middle management (team lead, manager)",Strongly Agree,Agree,Strongly Disagree,Agree,Disagree,Strongly Disagree,Agree,Neither Agree nor Disagree,Strongly Agree,Strongly Agree,Agree,Neither Agree nor Disagree,Strongly Disagree,Strongly Disagree,Strongly Disagree,Strongly Disagree,Strongly Disagree,Strongly Agree,Strongly Disagree,Strongly Agree,Strongly Disagree,Strongly Agree,Strongly Disagree,Strongly Disagree,Disagree,Strongly Disagree,Disagree,Disagree,Strongly Disagree,Strongly Disagree,Strongly Disagree,Rarely,Rarely,Rarely
10/5/2026 17:49:32,Software or digital monitoring only,Consulting,More than 10 years,More than 500 employees,Male,Individual contributor or entry level,Strongly Agree,Agree,Agree,Agree,Neither Agree nor Disagree,Disagree,Agree,Neither Agree nor Disagree,Disagree,Strongly Disagree,Neither Agree nor Disagree,Agree,Neither Agree nor Disagree,Disagree,Neither Agree nor Disagree,Neither Agree nor Disagree,Neither Agree nor Disagree,Disagree,Neither Agree nor Disagree,Agree,Neither Agree nor Disagree,Disagree,Agree,Neither Agree nor Disagree,Disagree,Agree,Agree,Strongly Agree,Agree,Agree,Agree,Often,Often,Sometimes
10/5/2026 17:50:00,Software or digital monitoring only,IT or Software Services,6 to 10 years,More than 500 employees,Male,Individual contributor or entry level,Neither Agree nor Disagree,Neither Agree nor Disagree,Strongly Agree,Strongly Agree,Strongly Agree,Disagree,Strongly Agree,Strongly Agree,Strongly Agree,Agree,Strongly Agree,Strongly Agree,Disagree,Neither Agree nor Disagree,Neither Agree nor Disagree,Neither Agree nor Disagree,Agree,Strongly Disagree,Agree,Disagree,Strongly Agree,Disagree,Agree,Agree,Disagree,Neither Agree nor Disagree,Neither Agree nor Disagree,Neither Agree nor Disagree,Neither Agree nor Disagree,Neither Agree nor Disagree,Agree,Often,Often,Sometimes
10/5/2026 17:50:26,Both digital and physical monitoring,IT or Software Services,More than 10 years,More than 500 employees,Male,"Middle management (team lead, manager)",Neither Agree nor Disagree,Neither Agree nor Disagree,Agree,Agree,Agree,Agree,Agree,Agree,Disagree,Neither Agree nor Disagree,Agree,Strongly Agree,Neither Agree nor Disagree,Neither Agree nor Disagree,Agree,Agree,Neither Agree nor Disagree,Disagree,Strongly Agree,Disagree,Agree,Disagree,Strongly Agree,Agree,Disagree,Agree,Agree,Agree,Neither Agree nor Disagree,Agree,Agree,Often,Always,Often
10/5/2026 17:51:04,Software or digital monitoring only,IT or Software Services,2 to 5 years,More than 500 employees,Female,Individual contributor or entry level,Strongly Agree,Strongly Agree,Neither Agree nor Disagree,Strongly Agree,Strongly Agree,Disagree,Agree,Agree,Agree,Agree,Agree,Agree,Strongly Disagree,Strongly Disagree,Strongly Disagree,Strongly Disagree,Strongly Disagree,Agree,Disagree,Agree,Disagree,Agree,Strongly Disagree,Disagree,Disagree,Disagree,Strongly Disagree,Disagree,Disagree,Disagree,Disagree,Never,Never,Rarely
10/5/2026 17:51:40,Software or digital monitoring only,IT or Software Services,2 to 5 years,50 to 500 employees,Male,Individual contributor or entry level,Disagree,Agree,Strongly Disagree,Strongly Agree,Strongly Agree,Disagree,Strongly Agree,Strongly Agree,Agree,Neither Agree nor Disagree,Strongly Agree,Strongly Agree,Neither Agree nor Disagree,Neither Agree nor Disagree,Neither Agree nor Disagree,Disagree,Neither Agree nor Disagree,Strongly Agree,Strongly Disagree,Strongly Agree,Disagree,Agree,Disagree,Disagree,Disagree,Disagree,Disagree,Disagree,Disagree,Disagree,Strongly Disagree,Rarely,Sometimes,Sometimes
10/5/2026 17:52:30,Both digital and physical monitoring,BPO or ITES,2 to 5 years,50 to 500 employees,Female,"Middle management (team lead, manager)",Neither Agree nor Disagree,Agree,Agree,Strongly Agree,Agree,Neither Agree nor Disagree,Agree,Agree,Disagree,Disagree,Agree,Neither Agree nor Disagree,Strongly Disagree,Strongly Disagree,Disagree,Strongly Disagree,Disagree,Neither Agree nor Disagree,Neither Agree nor Disagree,Agree,Disagree,Neither Agree nor Disagree,Disagree,Neither Agree nor Disagree,Disagree,Agree,Agree,Neither Agree nor Disagree,Neither Agree nor Disagree,Neither Agree nor Disagree,Neither Agree nor Disagree,Always,Often,Always
10/5/2026 17:53:30,Software or digital monitoring only,Consulting,2 to 5 years,50 to 500 employees,Male,Individual contributor or entry level,Agree,Disagree,Strongly Disagree,Agree,Agree,Disagree,Agree,Strongly Agree,Agree,Neither Agree nor Disagree,Agree,Agree,Strongly Agree,Strongly Agree,Agree,Agree,Agree,Neither Agree nor Disagree,Agree,Neither Agree nor Disagree,Agree,Disagree,Agree,Agree,Disagree,Strongly Agree,Strongly Agree,Strongly Agree,Strongly Agree,Strongly Agree,Strongly Agree,Often,Often,Often
10/5/2026 17:54:23,Software or digital monitoring only,Other,Less than 2 years,More than 500 employees,Female,Individual contributor or entry level,Agree,Agree,Disagree,Neither Agree nor Disagree,Neither Agree nor Disagree,Disagree,Neither Agree nor Disagree,Neither Agree nor Disagree,Neither Agree nor Disagree,Disagree,Neither Agree nor Disagree,Neither Agree nor Disagree,Disagree,Disagree,Strongly Disagree,Strongly Disagree,Disagree,Strongly Agree,Disagree,Agree,Strongly Disagree,Agree,Disagree,Disagree,Disagree,Neither Agree nor Disagree,Neither Agree nor Disagree,Neither Agree nor Disagree,Disagree,Neither Agree nor Disagree,Neither Agree nor Disagree,Rarely,Sometimes,Sometimes
10/5/2026 17:56:12,"Physical monitoring only (CCTV, biometric access, desk-time tracking)",IT or Software Services,2 to 5 years,More than 500 employees,Male,Individual contributor or entry level,Neither Agree nor Disagree,Disagree,Agree,Neither Agree nor Disagree,Disagree,Neither Agree nor Disagree,Neither Agree nor Disagree,Neither Agree nor Disagree,Disagree,Disagree,Strongly Disagree,Neither Agree nor Disagree,Agree,Agree,Agree,Agree,Agree,Disagree,Agree,Disagree,Agree,Disagree,Agree,Agree,Disagree,Agree,Strongly Agree,Agree,Agree,Agree,Agree,Often,Often,Always
10/5/2026 17:56:48,Software or digital monitoring only,Other,2 to 5 years,50 to 500 employees,Male,Senior leadership (director and above),Strongly Agree,Disagree,Strongly Disagree,Neither Agree nor Disagree,Agree,Strongly Disagree,Neither Agree nor Disagree,Agree,Neither Agree nor Disagree,Neither Agree nor Disagree,Agree,Neither Agree nor Disagree,Strongly Disagree,Disagree,Disagree,Disagree,Disagree,Agree,Strongly Disagree,Agree,Disagree,Agree,Disagree,Disagree,Disagree,Agree,Neither Agree nor Disagree,Neither Agree nor Disagree,Agree,Neither Agree nor Disagree,Neither Agree nor Disagree,Never,Never,Never
10/5/2026 17:57:24,Both digital and physical monitoring,IT or Software Services,Less than 2 years,More than 500 employees,Male,Individual contributor or entry level,Agree,Agree,Disagree,Agree,Agree,Agree,Strongly Agree,Neither Agree nor Disagree,Neither Agree nor Disagree,Neither Agree nor Disagree,Neither Agree nor Disagree,Agree,Neither Agree nor Disagree,Neither Agree nor Disagree,Neither Agree nor Disagree,Neither Agree nor Disagree,Disagree,Disagree,Agree,Neither Agree nor Disagree,Neither Agree nor Disagree,Neither Agree nor Disagree,Neither Agree nor Disagree,Neither Agree nor Disagree,Disagree,Neither Agree nor Disagree,Neither Agree nor Disagree,Neither Agree nor Disagree,Neither Agree nor Disagree,Agree,Neither Agree nor Disagree,Sometimes,Often,Sometimes
10/5/2026 18:03:38,Software or digital monitoring only,IT or Software Services,2 to 5 years,50 to 500 employees,Male,Individual contributor or entry level,Strongly Agree,Agree,Neither Agree nor Disagree,Strongly Agree,Strongly Agree,Disagree,Strongly Agree,Agree,Strongly Agree,Strongly Agree,Agree,Agree,Disagree,Disagree,Strongly Disagree,Disagree,Disagree,Agree,Disagree,Agree,Neither Agree nor Disagree,Agree,Strongly Disagree,Strongly Disagree,Disagree,Neither Agree nor Disagree,Disagree,Neither Agree nor Disagree,Agree,Agree,Agree,Never,Never,Never
10/5/2026 18:04:23,"Physical monitoring only (CCTV, biometric access, desk-time tracking)",IT or Software Services,Less than 2 years,More than 500 employees,Female,Individual contributor or entry level,Strongly Agree,Agree,Strongly Disagree,Disagree,Strongly Disagree,Strongly Disagree,Strongly Disagree,Strongly Disagree,Disagree,Strongly Disagree,Disagree,Disagree,Strongly Disagree,Strongly Disagree,Strongly Disagree,Strongly Disagree,Strongly Disagree,Strongly Agree,Strongly Disagree,Strongly Agree,Strongly Disagree,Strongly Agree,Strongly Disagree,Strongly Disagree,Disagree,Neither Agree nor Disagree,Agree,Neither Agree nor Disagree,Disagree,Disagree,Disagree,Never,Rarely,Never
10/5/2026 18:06:00,Software or digital monitoring only,Manufacturing or Other Corporate,2 to 5 years,Fewer than 50 employees,Male,Individual contributor or entry level,Agree,Agree,Disagree,Agree,Strongly Agree,Disagree,Agree,Agree,Strongly Agree,Strongly Agree,Neither Agree nor Disagree,Agree,Disagree,Neither Agree nor Disagree,Disagree,Disagree,Disagree,Neither Agree nor Disagree,Disagree,Strongly Agree,Disagree,Agree,Neither Agree nor Disagree,Neither Agree nor Disagree,Disagree,Neither Agree nor Disagree,Neither Agree nor Disagree,Agree,Agree,Neither Agree nor Disagree,Agree,Never,Rarely,Rarely
10/5/2026 18:09:55,Software or digital monitoring only,BPO or ITES,6 to 10 years,50 to 500 employees,Female,Individual contributor or entry level,Strongly Agree,Strongly Agree,Disagree,Agree,Disagree,Disagree,Neither Agree nor Disagree,Neither Agree nor Disagree,Strongly Disagree,Disagree,Neither Agree nor Disagree,Disagree,Agree,Strongly Agree,Agree,Strongly Agree,Agree,Strongly Disagree,Agree,Disagree,Agree,Neither Agree nor Disagree,Agree,Agree,Disagree,Agree,Strongly Agree,Agree,Strongly Agree,Agree,Agree,Always,Always,Always
10/5/2026 18:11:08,Both digital and physical monitoring,IT or Software Services,6 to 10 years,50 to 500 employees,Non-binary or Other,Individual contributor or entry level,Neither Agree nor Disagree,Strongly Agree,Neither Agree nor Disagree,Strongly Agree,Strongly Agree,Strongly Agree,Strongly Agree,Agree,Neither Agree nor Disagree,Disagree,Agree,Strongly Agree,Neither Agree nor Disagree,Disagree,Neither Agree nor Disagree,Neither Agree nor Disagree,Neither Agree nor Disagree,Neither Agree nor Disagree,Disagree,Strongly Agree,Disagree,Agree,Neither Agree nor Disagree,Disagree,Disagree,Strongly Agree,Strongly Agree,Strongly Agree,Strongly Agree,Strongly Agree,Strongly Agree,Sometimes,Sometimes,Often
10/5/2026 18:14:51,Both digital and physical monitoring,IT or Software Services,More than 10 years,More than 500 employees,Male,Individual contributor or entry level,Disagree,Neither Agree nor Disagree,Strongly Agree,Strongly Agree,Agree,Agree,Agree,Strongly Agree,Agree,Agree,Agree,Neither Agree nor Disagree,Neither Agree nor Disagree,Neither Agree nor Disagree,Disagree,Strongly Disagree,Disagree,Neither Agree nor Disagree,Neither Agree nor Disagree,Neither Agree nor Disagree,Neither Agree nor Disagree,Strongly Disagree,Neither Agree nor Disagree,Neither Agree nor Disagree,Disagree,Agree,Neither Agree nor Disagree,Neither Agree nor Disagree,Agree,Neither Agree nor Disagree,Agree,Sometimes,Rarely,Sometimes
10/5/2026 18:20:48,Both digital and physical monitoring,IT or Software Services,2 to 5 years,Fewer than 50 employees,Female,Individual contributor or entry level,Disagree,Disagree,Strongly Disagree,Agree,Agree,Agree,Agree,Strongly Agree,Agree,Neither Agree nor Disagree,Agree,Agree,Disagree,Neither Agree nor Disagree,Neither Agree nor Disagree,Agree,Neither Agree nor Disagree,Neither Agree nor Disagree,Neither Agree nor Disagree,Neither Agree nor Disagree,Neither Agree nor Disagree,Neither Agree nor Disagree,Neither Agree nor Disagree,Disagree,Disagree,Neither Agree nor Disagree,Neither Agree nor Disagree,Neither Agree nor Disagree,Strongly Agree,Agree,Neither Agree nor Disagree,Rarely,Sometimes,Sometimes
10/5/2026 18:26:18,Software or digital monitoring only,IT or Software Services,2 to 5 years,50 to 500 employees,Female,Individual contributor or entry level,Agree,Agree,Agree,Agree,Agree,Strongly Disagree,Agree,Agree,Strongly Agree,Strongly Agree,Neither Agree nor Disagree,Agree,Strongly Disagree,Strongly Disagree,Strongly Disagree,Strongly Disagree,Strongly Disagree,Strongly Agree,Strongly Disagree,Strongly Agree,Strongly Disagree,Agree,Strongly Disagree,Strongly Disagree,Disagree,Disagree,Disagree,Neither Agree nor Disagree,Disagree,Disagree,Disagree,Never,Never,Never
10/5/2026 18:28:07,Software or digital monitoring only,IT or Software Services,2 to 5 years,More than 500 employees,Male,Individual contributor or entry level,Strongly Disagree,Strongly Agree,Neither Agree nor Disagree,Strongly Agree,Strongly Agree,Disagree,Neither Agree nor Disagree,Agree,Agree,Agree,Agree,Agree,Neither Agree nor Disagree,Neither Agree nor Disagree,Disagree,Strongly Disagree,Disagree,Neither Agree nor Disagree,Neither Agree nor Disagree,Neither Agree nor Disagree,Disagree,Neither Agree nor Disagree,Disagree,Disagree,Disagree,Neither Agree nor Disagree,Disagree,Neither Agree nor Disagree,Neither Agree nor Disagree,Disagree,Neither Agree nor Disagree,Rarely,Rarely,Rarely
10/5/2026 18:33:00,Both digital and physical monitoring,IT or Software Services,2 to 5 years,50 to 500 employees,Female,"Middle management (team lead, manager)",Neither Agree nor Disagree,Strongly Agree,Neither Agree nor Disagree,Strongly Agree,Agree,Strongly Agree,Strongly Agree,Agree,Strongly Agree,Strongly Agree,Agree,Strongly Agree,Disagree,Strongly Disagree,Strongly Disagree,Strongly Disagree,Strongly Disagree,Strongly Agree,Strongly Disagree,Strongly Agree,Strongly Disagree,Strongly Agree,Strongly Disagree,Strongly Disagree,Disagree,Neither Agree nor Disagree,Disagree,Strongly Disagree,Disagree,Disagree,Neither Agree nor Disagree,Never,Never,Never
10/5/2026 18:36:38,"Physical monitoring only (CCTV, biometric access, desk-time tracking)",BPO or ITES,Less than 2 years,More than 500 employees,Male,Individual contributor or entry level,Neither Agree nor Disagree,Strongly Agree,Neither Agree nor Disagree,Neither Agree nor Disagree,Disagree,Disagree,Neither Agree nor Disagree,Neither Agree nor Disagree,Disagree,Disagree,Disagree,Neither Agree nor Disagree,Neither Agree nor Disagree,Disagree,Strongly Disagree,Disagree,Disagree,Agree,Disagree,Neither Agree nor Disagree,Neither Agree nor Disagree,Agree,Disagree,Strongly Disagree,Disagree,Disagree,Disagree,Disagree,Disagree,Disagree,Disagree,Sometimes,Rarely,Rarely
10/5/2026 18:40:30,I am not sure,BPO or ITES,6 to 10 years,More than 500 employees,Male,Individual contributor or entry level,Agree,Agree,Neither Agree nor Disagree,Disagree,Strongly Disagree,Disagree,Disagree,Disagree,Strongly Disagree,Strongly Disagree,Disagree,Neither Agree nor Disagree,Neither Agree nor Disagree,Disagree,Neither Agree nor Disagree,Neither Agree nor Disagree,Disagree,Strongly Disagree,Strongly Agree,Strongly Disagree,Agree,Strongly Disagree,Strongly Agree,Strongly Agree,Disagree,Agree,Agree,Strongly Agree,Agree,Strongly Agree,Strongly Agree,Sometimes,Often,Sometimes
10/5/2026 18:41:15,Software or digital monitoring only,IT or Software Services,6 to 10 years,50 to 500 employees,Male,Individual contributor or entry level,Neither Agree nor Disagree,Strongly Disagree,Agree,Neither Agree nor Disagree,Agree,Disagree,Neither Agree nor Disagree,Neither Agree nor Disagree,Neither Agree nor Disagree,Disagree,Neither Agree nor Disagree,Agree,Agree,Agree,Agree,Strongly Agree,Agree,Disagree,Strongly Agree,Strongly Disagree,Strongly Agree,Disagree,Agree,Strongly Agree,Disagree,Disagree,Neither Agree nor Disagree,Neither Agree nor Disagree,Neither Agree nor Disagree,Neither Agree nor Disagree,Neither Agree nor Disagree,Often,Often,Always
10/5/2026 18:48:10,I am not sure,Other,Less than 2 years,Fewer than 50 employees,Male,Individual contributor or entry level,Neither Agree nor Disagree,Agree,Disagree,Neither Agree nor Disagree,Strongly Disagree,Disagree,Disagree,Disagree,Agree,Neither Agree nor Disagree,Disagree,Neither Agree nor Disagree,Neither Agree nor Disagree,Disagree,Disagree,Neither Agree nor Disagree,Disagree,Agree,Neither Agree nor Disagree,Agree,Disagree,Disagree,Neither Agree nor Disagree,Neither Agree nor Disagree,Disagree,Disagree,Disagree,Disagree,Disagree,Strongly Disagree,Strongly Disagree,Often,Always,Often
10/5/2026 18:51:48,Both digital and physical monitoring,IT or Software Services,More than 10 years,50 to 500 employees,Male,Individual contributor or entry level,Disagree,Neither Agree nor Disagree,Agree,Strongly Agree,Strongly Agree,Strongly Agree,Strongly Agree,Neither Agree nor Disagree,Neither Agree nor Disagree,Neither Agree nor Disagree,Strongly Agree,Agree,Strongly Disagree,Neither Agree nor Disagree,Disagree,Disagree,Disagree,Strongly Agree,Strongly Disagree,Strongly Agree,Strongly Disagree,Agree,Disagree,Disagree,Disagree,Disagree,Neither Agree nor Disagree,Neither Agree nor Disagree,Disagree,Neither Agree nor Disagree,Neither Agree nor Disagree,Rarely,Never,Never
10/5/2026 18:52:17,Software or digital monitoring only,Manufacturing or Other Corporate,More than 10 years,50 to 500 employees,Female,Individual contributor or entry level,Agree,Agree,Neither Agree nor Disagree,Agree,Neither Agree nor Disagree,Strongly Disagree,Neither Agree nor Disagree,Agree,Neither Agree nor Disagree,Neither Agree nor Disagree,Neither Agree nor Disagree,Agree,Neither Agree nor Disagree,Disagree,Disagree,Disagree,Disagree,Disagree,Disagree,Neither Agree nor Disagree,Disagree,Neither Agree nor Disagree,Disagree,Agree,Disagree,Agree,Agree,Neither Agree nor Disagree,Agree,Neither Agree nor Disagree,Agree,Never,Never,Never
10/5/2026 18:53:38,Software or digital monitoring only,IT or Software Services,6 to 10 years,50 to 500 employees,Male,"Middle management (team lead, manager)",Strongly Agree,Disagree,Disagree,Agree,Agree,Disagree,Agree,Neither Agree nor Disagree,Strongly Agree,Neither Agree nor Disagree,Agree,Agree,Disagree,Strongly Disagree,Disagree,Disagree,Disagree,Agree,Strongly Disagree,Agree,Disagree,Agree,Strongly Disagree,Strongly Disagree,Disagree,Neither Agree nor Disagree,Agree,Agree,Neither Agree nor Disagree,Agree,Neither Agree nor Disagree,Never,Never,Never
10/5/2026 19:00:41,"Physical monitoring only (CCTV, biometric access, desk-time tracking)",IT or Software Services,2 to 5 years,More than 500 employees,Female,Individual contributor or entry level,Strongly Agree,Agree,Disagree,Disagree,Disagree,Disagree,Strongly Disagree,Neither Agree nor Disagree,Strongly Disagree,Disagree,Strongly Disagree,Strongly Disagree,Neither Agree nor Disagree,Disagree,Neither Agree nor Disagree,Neither Agree nor Disagree,Neither Agree nor Disagree,Neither Agree nor Disagree,Disagree,Neither Agree nor Disagree,Neither Agree nor Disagree,Disagree,Neither Agree nor Disagree,Agree,Disagree,Agree,Neither Agree nor Disagree,Agree,Neither Agree nor Disagree,Neither Agree nor Disagree,Neither Agree nor Disagree,Rarely,Rarely,Rarely
10/5/2026 19:02:49,Both digital and physical monitoring,IT or Software Services,6 to 10 years,More than 500 employees,Male,Individual contributor or entry level,Neither Agree nor Disagree,Strongly Agree,Neither Agree nor Disagree,Agree,Agree,Agree,Neither Agree nor Disagree,Agree,Neither Agree nor Disagree,Neither Agree nor Disagree,Neither Agree nor Disagree,Neither Agree nor Disagree,Neither Agree nor Disagree,Agree,Agree,Agree,Agree,Neither Agree nor Disagree,Disagree,Agree,Disagree,Agree,Strongly Disagree,Disagree,Disagree,Neither Agree nor Disagree,Neither Agree nor Disagree,Agree,Agree,Neither Agree nor Disagree,Neither Agree nor Disagree,Always,Always,Always
10/5/2026 19:03:40,Software or digital monitoring only,BPO or ITES,More than 10 years,50 to 500 employees,Male,Individual contributor or entry level,Strongly Agree,Agree,Disagree,Strongly Agree,Agree,Neither Agree nor Disagree,Strongly Agree,Agree,Disagree,Strongly Disagree,Agree,Agree,Strongly Agree,Strongly Agree,Strongly Agree,Strongly Agree,Strongly Agree,Strongly Disagree,Agree,Strongly Disagree,Strongly Agree,Strongly Disagree,Strongly Agree,Strongly Agree,Disagree,Strongly Agree,Agree,Strongly Agree,Agree,Agree,Strongly Agree,Always,Always,Always
10/5/2026 19:05:50,Both digital and physical monitoring,Other,2 to 5 years,More than 500 employees,Female,Individual contributor or entry level,Neither Agree nor Disagree,Strongly Agree,Strongly Agree,Strongly Agree,Strongly Agree,Strongly Agree,Strongly Agree,Strongly Agree,Disagree,Neither Agree nor Disagree,Strongly Agree,Strongly Agree,Agree,Agree,Neither Agree nor Disagree,Neither Agree nor Disagree,Neither Agree nor Disagree,Neither Agree nor Disagree,Disagree,Agree,Disagree,Agree,Disagree,Disagree,Disagree,Agree,Neither Agree nor Disagree,Neither Agree nor Disagree,Neither Agree nor Disagree,Neither Agree nor Disagree,Neither Agree nor Disagree,Sometimes,Sometimes,Sometimes
10/5/2026 19:12:05,Software or digital monitoring only,BPO or ITES,Less than 2 years,More than 500 employees,Male,Individual contributor or entry level,Neither Agree nor Disagree,Strongly Disagree,Neither Agree nor Disagree,Agree,Agree,Disagree,Agree,Strongly Agree,Neither Agree nor Disagree,Disagree,Agree,Neither Agree nor Disagree,Neither Agree nor Disagree,Disagree,Disagree,Disagree,Disagree,Disagree,Strongly Agree,Strongly Disagree,Agree,Strongly Disagree,Strongly Agree,Agree,Disagree,Strongly Agree,Agree,Agree,Agree,Strongly Agree,Agree,Sometimes,Often,Sometimes
10/5/2026 19:16:20,Software or digital monitoring only,IT or Software Services,2 to 5 years,50 to 500 employees,Male,Individual contributor or entry level,Disagree,Neither Agree nor Disagree,Neither Agree nor Disagree,Strongly Agree,Strongly Agree,Disagree,Strongly Agree,Strongly Agree,Strongly Agree,Agree,Agree,Strongly Agree,Neither Agree nor Disagree,Disagree,Neither Agree nor Disagree,Disagree,Neither Agree nor Disagree,Agree,Disagree,Neither Agree nor Disagree,Neither Agree nor Disagree,Agree,Disagree,Strongly Disagree,Disagree,Agree,Agree,Agree,Neither Agree nor Disagree,Neither Agree nor Disagree,Neither Agree nor Disagree,Rarely,Sometimes,Sometimes
10/5/2026 19:21:16,Software or digital monitoring only,Manufacturing or Other Corporate,More than 10 years,50 to 500 employees,Male,"Middle management (team lead, manager)",Strongly Disagree,Neither Agree nor Disagree,Agree,Agree,Agree,Disagree,Agree,Agree,Disagree,Strongly Disagree,Neither Agree nor Disagree,Disagree,Neither Agree nor Disagree,Neither Agree nor Disagree,Disagree,Neither Agree nor Disagree,Disagree,Neither Agree nor Disagree,Neither Agree nor Disagree,Neither Agree nor Disagree,Agree,Neither Agree nor Disagree,Agree,Neither Agree nor Disagree,Disagree,Disagree,Neither Agree nor Disagree,Disagree,Disagree,Disagree,Neither Agree nor Disagree,Sometimes,Often,Sometimes
10/5/2026 19:25:56,Software or digital monitoring only,IT or Software Services,2 to 5 years,50 to 500 employees,Male,"Middle management (team lead, manager)",Strongly Disagree,Agree,Disagree,Agree,Neither Agree nor Disagree,Disagree,Agree,Disagree,Neither Agree nor Disagree,Disagree,Neither Agree nor Disagree,Neither Agree nor Disagree,Neither Agree nor Disagree,Disagree,Disagree,Disagree,Strongly Disagree,Neither Agree nor Disagree,Disagree,Neither Agree nor Disagree,Disagree,Neither Agree nor Disagree,Disagree,Strongly Disagree,Disagree,Disagree,Disagree,Strongly Disagree,Strongly Disagree,Strongly Disagree,Strongly Disagree,Sometimes,Rarely,Rarely
10/5/2026 19:31:51,I am not sure,BPO or ITES,6 to 10 years,50 to 500 employees,Male,Individual contributor or entry level,Agree,Agree,Neither Agree nor Disagree,Neither Agree nor Disagree,Disagree,Neither Agree nor Disagree,Neither Agree nor Disagree,Disagree,Disagree,Disagree,Agree,Neither Agree nor Disagree,Neither Agree nor Disagree,Neither Agree nor Disagree,Neither Agree nor Disagree,Disagree,Disagree,Neither Agree nor Disagree,Neither Agree nor Disagree,Neither Agree nor Disagree,Disagree,Agree,Neither Agree nor Disagree,Agree,Disagree,Strongly Disagree,Strongly Disagree,Strongly Disagree,Strongly Disagree,Strongly Disagree,Neither Agree nor Disagree,Rarely,Rarely,Sometimes
10/5/2026 19:34:08,Software or digital monitoring only,IT or Software Services,Less than 2 years,Fewer than 50 employees,Female,Individual contributor or entry level,Agree,Strongly Agree,Neither Agree nor Disagree,Agree,Agree,Strongly Disagree,Agree,Agree,Strongly Disagree,Disagree,Agree,Neither Agree nor Disagree,Strongly Disagree,Strongly Disagree,Strongly Disagree,Strongly Disagree,Strongly Disagree,Agree,Neither Agree nor Disagree,Disagree,Neither Agree nor Disagree,Neither Agree nor Disagree,Neither Agree nor Disagree,Neither Agree nor Disagree,Disagree,Neither Agree nor Disagree,Disagree,Disagree,Neither Agree nor Disagree,Agree,Neither Agree nor Disagree,Always,Sometimes,Often
10/5/2026 19:36:12,"Physical monitoring only (CCTV, biometric access, desk-time tracking)",IT or Software Services,2 to 5 years,More than 500 employees,Male,"Middle management (team lead, manager)",Agree,Strongly Agree,Neither Agree nor Disagree,Agree,Disagree,Agree,Agree,Neither Agree nor Disagree,Strongly Disagree,Disagree,Neither Agree nor Disagree,Neither Agree nor Disagree,Neither Agree nor Disagree,Neither Agree nor Disagree,Neither Agree nor Disagree,Disagree,Disagree,Neither Agree nor Disagree,Agree,Disagree,Neither Agree nor Disagree,Disagree,Agree,Agree,Disagree,Strongly Agree,Strongly Agree,Strongly Agree,Strongly Agree,Strongly Agree,Strongly Agree,Often,Often,Always
10/5/2026 19:40:15,Both digital and physical monitoring,IT or Software Services,More than 10 years,50 to 500 employees,Male,Individual contributor or entry level,Neither Agree nor Disagree,Neither Agree nor Disagree,Strongly Agree,Neither Agree nor Disagree,Agree,Agree,Neither Agree nor Disagree,Neither Agree nor Disagree,Disagree,Disagree,Neither Agree nor Disagree,Agree,Agree,Strongly Agree,Strongly Agree,Agree,Strongly Agree,Strongly Disagree,Agree,Strongly Disagree,Strongly Agree,Strongly Disagree,Strongly Agree,Strongly Agree,Disagree,Disagree,Disagree,Disagree,Neither Agree nor Disagree,Neither Agree nor Disagree,Disagree,Often,Often,Sometimes
10/5/2026 19:42:38,I am not sure,IT or Software Services,2 to 5 years,50 to 500 employees,Female,Individual contributor or entry level,Neither Agree nor Disagree,Strongly Disagree,Strongly Disagree,Disagree,Strongly Disagree,Strongly Disagree,Disagree,Disagree,Strongly Disagree,Strongly Disagree,Disagree,Disagree,Neither Agree nor Disagree,Neither Agree nor Disagree,Neither Agree nor Disagree,Neither Agree nor Disagree,Disagree,Strongly Disagree,Agree,Strongly Disagree,Strongly Agree,Disagree,Agree,Strongly Agree,Disagree,Strongly Agree,Strongly Agree,Strongly Agree,Strongly Agree,Strongly Agree,Strongly Agree,Rarely,Sometimes,Rarely
10/5/2026 19:48:57,Software or digital monitoring only,Consulting,2 to 5 years,More than 500 employees,Male,Individual contributor or entry level,Agree,Agree,Neither Agree nor Disagree,Strongly Agree,Strongly Agree,Disagree,Agree,Strongly Agree,Strongly Agree,Agree,Strongly Agree,Strongly Agree,Neither Agree nor Disagree,Disagree,Agree,Neither Agree nor Disagree,Disagree,Strongly Agree,Strongly Disagree,Strongly Agree,Strongly Disagree,Strongly Agree,Strongly Disagree,Strongly Disagree,Disagree,Neither Agree nor Disagree,Neither Agree nor Disagree,Neither Agree nor Disagree,Neither Agree nor Disagree,Neither Agree nor Disagree,Disagree,Rarely,Rarely,Rarely
10/5/2026 20:07:24,Software or digital monitoring only,Other,More than 10 years,More than 500 employees,Female,Individual contributor or entry level,Neither Agree nor Disagree,Agree,Strongly Disagree,Agree,Agree,Disagree,Neither Agree nor Disagree,Agree,Agree,Agree,Agree,Agree,Disagree,Disagree,Disagree,Disagree,Strongly Disagree,Strongly Agree,Strongly Disagree,Agree,Strongly Disagree,Strongly Agree,Strongly Disagree,Strongly Disagree,Disagree,Strongly Disagree,Strongly Disagree,Strongly Disagree,Disagree,Disagree,Strongly Disagree,Rarely,Rarely,Rarely
10/5/2026 20:09:04,Both digital and physical monitoring,IT or Software Services,More than 10 years,More than 500 employees,Female,Individual contributor or entry level,Agree,Neither Agree nor Disagree,Strongly Agree,Agree,Agree,Agree,Agree,Strongly Agree,Strongly Disagree,Disagree,Neither Agree nor Disagree,Agree,Strongly Agree,Agree,Strongly Agree,Agree,Agree,Disagree,Agree,Strongly Disagree,Agree,Strongly Disagree,Strongly Agree,Strongly Agree,Disagree,Strongly Agree,Agree,Agree,Agree,Agree,Neither Agree nor Disagree,Often,Always,Always
10/5/2026 20:18:03,Software or digital monitoring only,IT or Software Services,6 to 10 years,More than 500 employees,Female,"Middle management (team lead, manager)",Agree,Strongly Agree,Neither Agree nor Disagree,Strongly Agree,Strongly Agree,Disagree,Strongly Agree,Strongly Agree,Strongly Disagree,Disagree,Strongly Agree,Strongly Agree,Neither Agree nor Disagree,Neither Agree nor Disagree,Disagree,Neither Agree nor Disagree,Neither Agree nor Disagree,Strongly Disagree,Strongly Agree,Disagree,Agree,Strongly Disagree,Strongly Agree,Strongly Agree,Disagree,Disagree,Disagree,Neither Agree nor Disagree,Neither Agree nor Disagree,Neither Agree nor Disagree,Disagree,Sometimes,Often,Sometimes
10/5/2026 20:23:32,Both digital and physical monitoring,IT or Software Services,Less than 2 years,Fewer than 50 employees,Female,Individual contributor or entry level,Neither Agree nor Disagree,Neither Agree nor Disagree,Strongly Agree,Strongly Agree,Strongly Agree,Agree,Agree,Neither Agree nor Disagree,Neither Agree nor Disagree,Neither Agree nor Disagree,Agree,Agree,Neither Agree nor Disagree,Neither Agree nor Disagree,Agree,Neither Agree nor Disagree,Agree,Disagree,Agree,Neither Agree nor Disagree,Agree,Neither Agree nor Disagree,Neither Agree nor Disagree,Agree,Disagree,Agree,Agree,Agree,Neither Agree nor Disagree,Agree,Strongly Agree,Always,Always,Sometimes
10/5/2026 20:29:38,Software or digital monitoring only,IT or Software Services,Less than 2 years,50 to 500 employees,Male,"Middle management (team lead, manager)",Disagree,Neither Agree nor Disagree,Neither Agree nor Disagree,Agree,Agree,Disagree,Neither Agree nor Disagree,Agree,Agree,Agree,Agree,Agree,Strongly Agree,Strongly Agree,Strongly Agree,Strongly Agree,Strongly Agree,Strongly Disagree,Strongly Agree,Strongly Disagree,Agree,Strongly Disagree,Strongly Agree,Strongly Agree,Disagree,Agree,Neither Agree nor Disagree,Agree,Neither Agree nor Disagree,Agree,Disagree,Often,Always,Always
10/5/2026 20:40:55,Both digital and physical monitoring,IT or Software Services,6 to 10 years,50 to 500 employees,Male,"Middle management (team lead, manager)",Disagree,Agree,Disagree,Agree,Strongly Agree,Agree,Agree,Neither Agree nor Disagree,Disagree,Neither Agree nor Disagree,Neither Agree nor Disagree,Neither Agree nor Disagree,Agree,Neither Agree nor Disagree,Disagree,Disagree,Neither Agree nor Disagree,Agree,Neither Agree nor Disagree,Neither Agree nor Disagree,Neither Agree nor Disagree,Neither Agree nor Disagree,Agree,Disagree,Disagree,Strongly Agree,Neither Agree nor Disagree,Agree,Agree,Agree,Strongly Agree,Never,Never,Never
10/5/2026 20:56:26,Both digital and physical monitoring,IT or Software Services,Less than 2 years,50 to 500 employees,Prefer not to say,Individual contributor or entry level,Disagree,Strongly Agree,Disagree,Neither Agree nor Disagree,Neither Agree nor Disagree,Neither Agree nor Disagree,Disagree,Neither Agree nor Disagree,Disagree,Disagree,Neither Agree nor Disagree,Disagree,Strongly Disagree,Strongly Disagree,Strongly Disagree,Strongly Disagree,Strongly Disagree,Agree,Neither Agree nor Disagree,Agree,Disagree,Neither Agree nor Disagree,Disagree,Disagree,Disagree,Neither Agree nor Disagree,Disagree,Disagree,Neither Agree nor Disagree,Agree,Neither Agree nor Disagree,Rarely,Sometimes,Rarely
10/5/2026 21:14:46,Both digital and physical monitoring,IT or Software Services,2 to 5 years,50 to 500 employees,Male,"Middle management (team lead, manager)",Strongly Disagree,Agree,Disagree,Strongly Agree,Strongly Agree,Agree,Agree,Neither Agree nor Disagree,Strongly Agree,Strongly Agree,Agree,Agree,Strongly Disagree,Disagree,Disagree,Strongly Disagree,Disagree,Agree,Strongly Disagree,Strongly Agree,Strongly Disagree,Agree,Disagree,Strongly Disagree,Disagree,Neither Agree nor Disagree,Neither Agree nor Disagree,Neither Agree nor Disagree,Disagree,Neither Agree nor Disagree,Neither Agree nor Disagree,Rarely,Never,Never
10/5/2026 21:33:13,Both digital and physical monitoring,IT or Software Services,2 to 5 years,Fewer than 50 employees,Female,Individual contributor or entry level,Neither Agree nor Disagree,Neither Agree nor Disagree,Strongly Agree,Strongly Agree,Strongly Agree,Agree,Strongly Agree,Agree,Neither Agree nor Disagree,Neither Agree nor Disagree,Agree,Agree,Agree,Neither Agree nor Disagree,Neither Agree nor Disagree,Neither Agree nor Disagree,Agree,Neither Agree nor Disagree,Disagree,Disagree,Neither Agree nor Disagree,Neither Agree nor Disagree,Neither Agree nor Disagree,Neither Agree nor Disagree,Disagree,Strongly Agree,Agree,Agree,Strongly Agree,Strongly Agree,Strongly Agree,Sometimes,Sometimes,Rarely
10/5/2026 21:36:12,Software or digital monitoring only,BPO or ITES,Less than 2 years,50 to 500 employees,Male,"Middle management (team lead, manager)",Disagree,Neither Agree nor Disagree,Agree,Strongly Agree,Strongly Agree,Disagree,Agree,Strongly Agree,Agree,Agree,Strongly Agree,Agree,Strongly Agree,Agree,Agree,Agree,Agree,Disagree,Agree,Disagree,Neither Agree nor Disagree,Neither Agree nor Disagree,Agree,Neither Agree nor Disagree,Disagree,Disagree,Agree,Neither Agree nor Disagree,Neither Agree nor Disagree,Neither Agree nor Disagree,Neither Agree nor Disagree,Always,Often,Often
10/5/2026 21:39:16,Software or digital monitoring only,IT or Software Services,6 to 10 years,Fewer than 50 employees,Prefer not to say,"Middle management (team lead, manager)",Strongly Disagree,Strongly Agree,Strongly Agree,Agree,Neither Agree nor Disagree,Strongly Disagree,Agree,Agree,Agree,Neither Agree nor Disagree,Agree,Agree,Agree,Agree,Neither Agree nor Disagree,Agree,Strongly Agree,Neither Agree nor Disagree,Neither Agree nor Disagree,Agree,Neither Agree nor Disagree,Agree,Disagree,Disagree,Disagree,Neither Agree nor Disagree,Agree,Neither Agree nor Disagree,Agree,Strongly Agree,Agree,Sometimes,Sometimes,Sometimes
10/5/2026 21:52:47,Both digital and physical monitoring,Other,2 to 5 years,More than 500 employees,Male,Individual contributor or entry level,Neither Agree nor Disagree,Strongly Agree,Agree,Agree,Strongly Agree,Strongly Agree,Agree,Agree,Disagree,Disagree,Neither Agree nor Disagree,Strongly Agree,Disagree,Neither Agree nor Disagree,Neither Agree nor Disagree,Neither Agree nor Disagree,Neither Agree nor Disagree,Agree,Disagree,Neither Agree nor Disagree,Strongly Disagree,Agree,Neither Agree nor Disagree,Disagree,Disagree,Agree,Agree,Agree,Agree,Agree,Agree,Rarely,Rarely,Rarely
10/5/2026 22:05:50,Software or digital monitoring only,IT or Software Services,2 to 5 years,Fewer than 50 employees,Female,Individual contributor or entry level,Disagree,Agree,Agree,Disagree,Neither Agree nor Disagree,Disagree,Disagree,Disagree,Strongly Disagree,Strongly Disagree,Disagree,Disagree,Agree,Strongly Agree,Strongly Agree,Agree,Agree,Strongly Disagree,Agree,Strongly Disagree,Agree,Strongly Disagree,Agree,Agree,Disagree,Agree,Strongly Agree,Strongly Agree,Agree,Strongly Agree,Strongly Agree,Often,Sometimes,Always